Date,Price_to_MA5,Price_to_MA20,MA5_to_MA20,LogReturn,Vol10,Vol20,LagRet_1,LagRet_2,LagRet_3,LagRet_5,RSI14,Target
2015-01-30,-0.014312801951233856,0.0003417533291940611,0.014867348697880756,-0.010197705415408211,0.014706847677652736,0.019852044429527142,-0.0012674401610326062,-0.010917558904453109,-0.005414436634481203,-0.0010276437294144554,52.903908572253535,1
2015-02-02,-0.003043475983735666,0.0073571278461739276,0.010432354450132353,0.007234126046213132,0.012910164787126383,0.01829461817706909,-0.010197705415408211,-0.0012674401610326062,-0.010917558904453109,-0.009919461069706401,53.003168812759604,1
2015-02-03,0.042287182430335024,0.05708783794087968,0.014200170317774985,0.05204557015606959,0.01961988483263002,0.021067591796809677,0.007234126046213132,-0.010197705415408211,-0.0012674401610326062,-0.005414436634481203,74.60474892344062,1
2015-02-04,0.03322949117341634,0.05429346716745642,0.020386541590211582,0.00120677027355955,0.019549307297276976,0.021066786983332288,0.05204557015606959,0.007234126046213132,-0.010197705415408211,-0.010917558904453109,72.36560201849232,1
2015-02-05,0.023026328337820035,0.05188615993395351,0.02821025304698077,0.00020099709222976567,0.01846311862154193,0.02031513866823712,0.00120677027355955,0.05204557015606959,0.007234126046213132,-0.0012674401610326062,78.46332792259123,1
2015-02-06,0.032288031674547746,0.07444794013872102,0.040841225675921855,0.026377310699279632,0.019908997079776572,0.01984104140903142,0.00020099709222976567,0.00120677027355955,0.05204557015606959,-0.010197705415408211,78.95335462504518,0
2015-02-09,0.010477235864566614,0.06190797930464553,0.05089747855237414,-0.007071343880259065,0.01969207575051131,0.020014940792796043,0.026377310699279632,0.00020099709222976567,0.00120677027355955,0.007234126046213132,72.71604184751163,0
2015-02-10,0.0048815287067318636,0.05556075796365545,0.05043303892962103,-0.0017756617326873184,0.019506486952472063,0.02005628804951947,-0.007071343880259065,0.026377310699279632,0.00020099709222976567,0.05204557015606959,69.97389273191662,0
2015-02-11,-0.005625537513849865,0.04043607582045472,0.04632220061156911,-0.008726739085481137,0.01931189989931834,0.017289628036271994,-0.0017756617326873184,-0.007071343880259065,0.026377310699279632,0.00120677027355955,60.85715157645086,1
2015-02-12,7.897731936656882e-05,0.044677676602009164,0.044595177275084774,0.009319016881374355,0.019170921144179887,0.017012796597430165,-0.008726739085481137,-0.0017756617326873184,-0.007071343880259065,0.00020099709222976567,63.74664491775467,1
2015-02-13,0.011517415512513507,0.050507998228825235,0.03854662521708163,0.012161805422161833,0.01824162463510514,0.01631544239731118,0.009319016881374355,-0.008726739085481137,-0.0017756617326873184,0.026377310699279632,70.76720185430531,1
2015-02-16,0.01665614068373311,0.05391753037082214,0.03665092669585368,0.009121754023606363,0.018229966551682922,0.015762197195334986,0.012161805422161833,0.009319016881374355,-0.008726739085481137,-0.007071343880259065,74.90346898930238,0
2015-02-17,0.008299686895835823,0.044086305406376924,0.035492045644399894,-0.004841686844076874,0.010742304227413152,0.015424466508122642,0.009121754023606363,0.012161805422161833,0.009319016881374355,-0.0017756617326873184,77.5999755859376,1
2015-02-18,0.011853890802625777,0.050656310355916334,0.038347848346475866,0.01081307443755966,0.01093262220516967,0.01541586139756763,-0.004841686844076874,0.009121754023606363,0.012161805422161833,-0.008726739085481137,79.74999246597582,1
2015-02-19,0.00653239671384509,0.04726568678665477,0.04046893096118587,0.00019198384300452064,0.010933021674899516,0.014817609550425874,0.01081307443755966,-0.004841686844076874,0.009121754023606363,0.009319016881374355,84.86056342023886,1
2015-02-20,0.006853553504840182,0.047823214952178894,0.040690784975356165,0.004215396609563808,0.007821993221137675,0.014781943731081139,0.00019198384300452064,0.01081307443755966,-0.004841686844076874,0.012161805422161833,84.61538778340997,1
2015-02-23,0.008904952731313198,0.0485898050166349,0.039334579712277495,0.005149266981006586,0.007110382716578401,0.01443450465726305,0.004215396609563808,0.00019198384300452064,0.01081307443755966,0.009121754023606363,77.90699118598037,1
2015-02-24,0.008326326365949432,0.048045336535372574,0.03939102761758906,0.004365552660331948,0.006858825697488603,0.014249304357807493,0.005149266981006586,0.004215396609563808,0.00019198384300452064,-0.004841686844076874,78.61163882294876,0
2015-02-25,0.0021728171381079076,0.038309615673979946,0.03605845011748321,-0.004175394626592101,0.006005335340620693,0.013932114091034937,0.004365552660331948,0.005149266981006586,0.004215396609563808,0.01081307443755966,75.45124981615085,0
2015-02-26,-0.0021700046238191106,0.02995355869241645,0.03219342319342178,-0.0030475749033907285,0.0062029819006174155,0.013981322564510146,-0.004175394626592101,0.004365552660331948,0.005149266981006586,0.00019198384300452064,65.21741863081466,0
2015-02-27,-0.018529154168159034,0.005027070046375259,0.024000941357121386,-0.020039253258828268,0.008912764225503172,0.014703646584346605,-0.0030475749033907285,-0.004175394626592101,0.004365552660331948,0.004215396609563808,56.435643564356376,1
2015-03-02,0.0038971505958826924,0.022532693556026828,0.018563199376631756,0.022516129399555322,0.011135871298392991,0.015233293567515708,-0.020039253258828268,-0.0030475749033907285,-0.004175394626592101,0.005149266981006586,65.57911941131461,0
2015-03-03,-0.021132439088451527,-0.011477036549287778,0.009863849743036113,-0.03268832532836605,0.015520492473184065,0.013228737018478364,0.022516129399555322,-0.020039253258828268,-0.0030475749033907285,0.004365552660331948,54.47154774118289,1
2015-03-04,0.010435498144731215,0.017310542686568287,0.006804040984763837,0.03135534938089014,0.01839136842167365,0.014852042129400408,-0.03268832532836605,0.022516129399555322,-0.020039253258828268,-0.004175394626592101,60.60960033773271,1
2015-03-05,0.021230859100585642,0.02784057303213805,0.006472301412213222,0.01362627497211451,0.01882875757218796,0.015036767146766359,0.03135534938089014,-0.03268832532836605,0.022516129399555322,-0.0030475749033907285,61.066036087836885,0
2015-03-06,0.011103058556710899,0.022090661121993094,0.010866946225013274,-0.0037664827954768934,0.018899475456296458,0.014087090841779363,0.01362627497211451,0.03135534938089014,-0.03268832532836605,-0.020039253258828268,57.416279295584516,0
2015-03-09,0.002365729440036546,0.01145446994717969,0.00906728975283344,-0.008717082827156825,0.019095749085329634,0.014146535793663914,-0.0037664827954768934,0.01362627497211451,0.03135534938089014,0.022516129399555322,56.00936252100087,0
2015-03-10,-0.029685587320440132,-0.021094761902303416,0.008853651255589234,-0.03249805873037099,0.021547862696304557,0.016085049176120768,-0.008717082827156825,-0.0037664827954768934,0.01362627497211451,-0.03268832532836605,43.756446405743986,1
2015-03-11,-0.021488883293088845,-0.01915532079133031,0.0023848093924696556,0.002748860729731725,0.021643480824160278,0.015953366983357288,-0.03249805873037099,-0.008717082827156825,-0.0037664827954768934,0.03135534938089014,44.50102522889735,0
2015-03-12,-0.01471158732815181,-0.02129500552804897,-0.00668171686099972,-0.001962709167848706,0.021646218727925673,0.015834954374992886,0.002748860729731725,-0.03249805873037099,-0.008717082827156825,0.01362627497211451,42.78350515463917,0
2015-03-13,-0.020759902030566435,-0.037406385509036744,-0.016999389131417963,-0.017839918128331005,0.02146361154570944,0.01606418906910423,-0.001962709167848706,0.002748860729731725,-0.03249805873037099,-0.0037664827954768934,37.56049600967109,1
2015-03-16,-0.00505667332311488,-0.028983948231042778,-0.024048882249248393,0.007372778564138223,0.019967114068588785,0.016009287801332792,-0.017839918128331005,-0.001962709167848706,0.002748860729731725,-0.008717082827156825,38.395422655291284,0
2015-03-17,-0.008998300272402115,-0.034711768345294214,-0.025946946488548006,-0.007372778564138158,0.017398706289185387,0.016048207214401942,0.007372778564138223,-0.017839918128331005,-0.001962709167848706,-0.03249805873037099,37.85311448803176,1
2015-03-18,0.002423149504224398,-0.024130843381102607,-0.02648980412958335,0.009356119110732015,0.013765428895408246,0.01599264226388446,-0.007372778564138158,0.007372778564138223,-0.017839918128331005,0.002748860729731725,41.07960142329672,1
2015-03-19,0.005568814570426905,-0.020951931732930862,-0.026373875083514076,0.0017816373715505336,0.012544759389397586,0.016005755274794517,0.009356119110732015,-0.007372778564138158,0.007372778564138223,-0.001962709167848706,45.8917934944975,1
2015-03-20,0.011249304240086522,-0.010081420933455099,-0.021093438664534614,0.009840661856523639,0.01341222486579117,0.01615980860423758,0.0017816373715505336,0.009356119110732015,-0.007372778564138158,-0.017839918128331005,41.997855574833444,1
2015-03-23,0.014318368011607685,-0.0018050463575117748,-0.015895812279064336,0.0072202122846374145,0.013697510258926281,0.016209191942261184,0.009840661856523639,0.0017816373715505336,0.009356119110732015,0.007372778564138223,53.56694751243525,1
2015-03-24,0.012695460594920549,0.004323158010611561,-0.008267344833747692,0.005042750388050708,0.00867495502394885,0.016221903978461176,0.0072202122846374145,0.009840661856523639,0.0017816373715505336,-0.007372778564138158,44.04226428295251,0
2015-03-25,-0.012621540094118755,-0.01903327693268564,-0.0064936972993902,-0.025670139745091733,0.01220171502949984,0.01712585716895732,0.005042750388050708,0.0072202122846374145,0.009840661856523639,0.009356119110732015,30.470925484772494,0
2015-03-26,-0.017913264454031075,-0.024133190952713934,-0.006333377973204213,-0.007571241266402787,0.012367262009591696,0.01716833475109088,-0.025670139745091733,0.005042750388050708,0.0072202122846374145,0.0017816373715505336,29.729746448622848,0
2015-03-27,-0.03209827620368533,-0.04421835827981624,-0.012522017244264716,-0.02326862693935433,0.013238799103227578,0.017357471962668562,-0.007571241266402787,-0.025670139745091733,0.005042750388050708,0.009840661856523639,27.19407574839657,1
2015-03-30,-0.010699452090808026,-0.02748206387528085,-0.01696411855824964,0.014429690587556618,0.013980586746032692,0.016829630898888722,-0.02326862693935433,-0.007571241266402787,-0.025670139745091733,0.0072202122846374145,40.870795907905574,0
2015-03-31,-0.019044901116864965,-0.045699039774451555,-0.027171619463453145,-0.02120795984173771,0.015240776160346577,0.01593309567409836,0.014429690587556618,-0.02326862693935433,-0.007571241266402787,0.005042750388050708,34.53867509691791,1
2015-04-01,0.010170592753033114,-0.016810447911597692,-0.02670939033287323,0.027242981102107766,0.017703324641152807,0.015495694132283095,-0.02120795984173771,0.014429690587556618,-0.02326862693935433,-0.025670139745091733,44.38445661118689,1
2015-04-02,0.02829578384399878,0.006916986938142022,-0.020790513042792114,0.021625669332015065,0.01913126276110269,0.016029538865029603,0.027242981102107766,-0.02120795984173771,0.014429690587556618,-0.007571241266402787,55.02645177999714,1
2015-04-07,0.02998122673718462,0.021175530032514045,-0.008549375926555025,0.012676912818783127,0.019300976501463715,0.01636111012137044,0.021625669332015065,0.027242981102107766,-0.02120795984173771,-0.02326862693935433,56.32064831472799,0
2015-04-08,0.015191161784051888,0.014416627794363146,-0.0007629439841926322,-0.007977483941282948,0.0193595734043519,0.016344382351208633,0.012676912818783127,0.021625669332015065,0.027242981102107766,0.014429690587556618,56.09006586109041,1
2015-04-09,0.010815508990242417,0.02160442852544886,0.010673480411854896,0.007783714033569197,0.019465375153530654,0.014696625494856529,-0.007977483941282948,0.012676912818783127,0.021625669332015065,-0.02120795984173771,55.77319853591226,0
2015-04-10,0.0012074020567782728,0.01762680309769893,0.01639960012999353,-0.003495244001328008,0.01739343359598378,0.014717398987340785,0.007783714033569197,-0.007977483941282948,0.012676912818783127,0.027242981102107766,54.34114372515384,1
2015-04-13,0.006869025005429075,0.026122763636102775,0.019122386479780706,0.009293481850820332,0.01717596502152391,0.01483701532382683,-0.003495244001328008,0.007783714033569197,-0.007977483941282948,0.021625669332015065,54.24769923774902,1
2015-04-14,0.014080667198710595,0.0343160638005906,0.01995442498453115,0.010352782872614241,0.014369501739367786,0.014285567347214655,0.009293481850820332,-0.003495244001328008,0.007783714033569197,0.012676912818783127,55.030173673623274,0
2015-04-15,0.001542888703893519,0.022878331264198914,0.02130257505788502,-0.009582288952386057,0.0149960634157244,0.014475063431279694,0.010352782872614241,0.009293481850820332,-0.003495244001328008,-0.007977483941282948,51.17876266643004,1
2015-04-16,0.0023871225007998653,0.023549318673866004,0.021111799720920033,0.002692356268785406,0.012023111803958611,0.01432360550735707,-0.009582288952386057,0.010352782872614241,0.009293481850820332,0.007783714033569197,59.3784717517951,0
2015-04-17,-0.015729812439257973,0.003113864335053451,0.019144821221305675,-0.01958756685135665,0.012403170187375958,0.014990891437934195,0.002692356268785406,-0.009582288952386057,0.010352782872614241,-0.003495244001328008,55.49792186306424,1
2015-04-20,-0.0065266061389973595,0.009892823465308842,0.01652729676080611,0.007609038513106269,0.010655194940073864,0.015071866823153672,-0.01958756685135665,0.002692356268785406,-0.009582288952386057,0.009293481850820332,64.63962152751284,0
2015-04-21,-0.009747196630819466,0.001118893993083514,0.01097304707134672,-0.008784829555732803,0.010187818896124587,0.015063990356287723,0.007609038513106269,-0.01958756685135665,0.002692356268785406,0.010352782872614241,58.352654618964415,0
2015-04-22,-0.011473615991401398,-0.004803105088694082,0.0067479341073908294,-0.006688976102799002,0.010099918033497558,0.015031291105223363,-0.008784829555732803,0.007609038513106269,-0.01958756685135665,-0.009582288952386057,63.51007945734271,1
2015-04-23,0.010122756616318451,0.015430898299950258,0.0052549471327751895,0.02012772981811373,0.011893373865436183,0.015701036740634684,-0.006688976102799002,-0.008784829555732803,0.007609038513106269,0.002692356268785406,62.02364486742119,1
2015-04-24,0.017888379909201557,0.02641020440838604,0.008372061875728143,0.012687550876905249,0.012424762302791213,0.01471193713516756,0.02012772981811373,-0.006688976102799002,-0.008784829555732803,-0.01958756685135665,59.74928870349795,1
2015-04-27,0.020506855816058156,0.03147211415104789,0.010744913934185307,0.007611835039630074,0.012323216319655432,0.014587723867042136,0.012687550876905249,0.02012772981811373,-0.006688976102799002,0.007609038513106269,58.29724514339716,0
2015-04-28,0.0064297233806511755,0.018864953606510415,0.01235578594011355,-0.008949906949487843,0.012319245936556419,0.013562698628157078,0.007611835039630074,0.012687550876905249,0.02012772981811373,-0.008784829555732803,57.79683534549639,0
2015-04-29,-0.013476124570863446,-0.0002625876585937714,0.013394036618243899,-0.017170216895132182,0.013160398655936349,0.014041474484833597,-0.008949906949487843,0.007611835039630074,0.012687550876905249,-0.006688976102799002,48.66310247698128,0
2015-04-30,-0.01743447156746103,-0.009130509548262666,0.008451306074664933,-0.006442224744603568,0.013189126524054639,0.013125668958094722,-0.017170216895132182,-0.008949906949487843,0.007611835039630074,0.02012772981811373,47.706442567171656,0
2015-05-01,-0.01548286007738453,-0.013784128660939476,0.0017254462594511466,-0.0037280409357560488,0.011703657969786722,0.011821410549072488,-0.006442224744603568,-0.017170216895132182,-0.008949906949487843,0.012687550876905249,43.051759335098936,0
2015-05-05,-0.02127994617904494,-0.02901884984726033,-0.007907167772850276,-0.01645070942975941,0.012336407591433455,0.011383261995280732,-0.0037280409357560488,-0.006442224744603568,-0.017170216895132182,0.007611835039630074,34.33814668352399,0
2015-05-06,-0.015004959754093217,-0.0303207173231137,-0.015549070749835248,-0.0030021037624369446,0.012157831531670452,0.010929810733679938,-0.01645070942975941,-0.0037280409357560488,-0.006442224744603568,-0.008949906949487843,35.98901870500701,0
2015-05-07,-0.010888592830272992,-0.03113112207808366,-0.02046536831046486,-0.0022072972215133025,0.012056169229602298,0.010830677226890661,-0.0030021037624369446,-0.01645070942975941,-0.0037280409357560488,-0.017170216895132182,34.20687971443968,1
2015-05-08,0.02323641516385444,0.004466626987667643,-0.018343549836604467,0.036102132438241,0.015765173898304743,0.013592848105935104,-0.0022072972215133025,-0.0030021037624369446,-0.01645070942975941,-0.006442224744603568,53.407664640858705,1
2015-05-11,0.028877999560897427,0.014430696013765232,-0.014041804327916352,0.010600465956567235,0.015589099254389198,0.013765359568452918,0.036102132438241,-0.0022072972215133025,-0.0030021037624369446,-0.0037280409357560488,54.31347304922936,0
2015-05-12,0.00988513129771329,0.0017899998216672763,-0.008015893318127909,-0.012928209339092734,0.015773579768198168,0.013933075222070915,0.010600465956567235,0.036102132438241,-0.0022072972215133025,-0.01645070942975941,52.89942482449671,1
2015-05-13,0.012291429877171245,0.013059808623204106,0.0007590489491018371,0.010817133587775508,0.016099228265133728,0.013952287002356786,-0.012928209339092734,0.010600465956567235,0.036102132438241,-0.0030021037624369446,58.01615145180384,1
2015-05-14,0.009124888674229226,0.01977493755981019,0.010553747118032808,0.007083426121255209,0.015094473667422087,0.013870168965115611,0.010817133587775508,-0.012928209339092734,0.010600465956567235,-0.0022072972215133025,54.55680123624899,0
2015-05-15,0.00460738681698758,0.017766644678606225,0.013098906134179078,-0.0017184241251400282,0.014873761944064002,0.013868032205902155,0.007083426121255209,0.010817133587775508,-0.012928209339092734,0.036102132438241,49.86558312803689,0
2015-05-18,0.00241821231701711,0.014667290515723685,0.012219528783693479,-0.0019127779805712022,0.014800789957004429,0.013078078472569286,-0.0017184241251400282,0.007083426121255209,0.010817133587775508,0.010600465956567235,46.358533001315585,1
2015-05-19,0.004320109267326178,0.01961017120177977,0.015224291332380124,0.005917811648443317,0.01319889492810796,0.013039410271816461,-0.0019127779805712022,-0.0017184241251400282,0.007083426121255209,-0.012928209339092734,51.86249074197952,1
2015-05-20,0.029261225218478293,0.05058511574801705,0.02071766623192528,0.033133496368625455,0.015541333949329552,0.014645669578128245,0.005917811648443317,-0.0019127779805712022,-0.0017184241251400282,0.010817133587775508,68.57503832170354,0
2015-05-21,0.020442710547395437,0.04506236865502178,0.024126448112329113,-0.001842978857431181,0.015513877127676353,0.014513921011391014,0.033133496368625455,0.005917811648443317,-0.0019127779805712022,0.007083426121255209,70.64219339516049,0
2015-05-22,0.010586558547766911,0.03924829298542254,0.028361483927554998,-0.0033259229732468944,0.012430378591449506,0.01402949007892309,-0.001842978857431181,0.033133496368625455,0.005917811648443317,-0.0017184241251400282,70.73490540345715,0
2015-05-26,-0.01182527428822211,0.018434847145172517,0.030622237794635465,-0.019624964459818164,0.014333529620948152,0.014608449939647033,-0.0033259229732468944,-0.001842978857431181,0.033133496368625455,-0.0019127779805712022,68.75001216422366,1
2015-05-27,-0.00048256247425804144,0.034065604313758824,0.034564846485859446,0.016287942799303314,0.014026580387206257,0.014952457771092114,-0.019624964459818164,-0.0033259229732468944,-0.001842978857431181,0.005917811648443317,73.13085953027858,1
2015-05-28,0.0067214147953491565,0.03923488214473969,0.032296389916370405,0.006847462982011841,0.013882787547888522,0.014814021337037474,0.016287942799303314,-0.019624964459818164,-0.0033259229732468944,0.033133496368625455,75.17009580172004,0
2015-05-29,0.0034190620814507078,0.03243569569142957,0.02891776198649021,-0.004065820020134976,0.01406172843802355,0.014207170977788373,0.006847462982011841,0.016287942799303314,-0.019624964459818164,-0.001842978857431181,66.57422503949087,0
2015-06-01,-0.0071926541631297525,0.016512592424632766,0.023876985486827484,-0.013423043243235679,0.014954118060280547,0.014520136522973489,-0.004065820020134976,0.006847462982011841,0.016287942799303314,-0.0033259229732468944,57.58808540622708,1
2015-06-02,-0.004574549570056097,0.01869735764899172,0.023378854949907435,0.004681218280157377,0.014917592297523005,0.014463280562479065,-0.013423043243235679,-0.004065820020134976,0.006847462982011841,-0.019624964459818164,64.65513839451316,1
2015-06-03,0.00716756778541483,0.028100325300350226,0.02078378830343297,0.013176467042120115,0.015276888565583116,0.01392204214745558,0.004681218280157377,-0.013423043243235679,-0.004065820020134976,0.016287942799303314,65.40083989753663,0
2015-06-04,-0.0071926541631297525,0.006669549961923815,0.013962632511918649,-0.01785768532227759,0.01241083482559713,0.014691963152533159,0.013176467042120115,0.004681218280157377,-0.013423043243235679,0.006847462982011841,55.58439087803293,0
2015-06-05,-0.007366647986984387,-4.7035898334546467e-05,0.007373933259250398,-0.0035723707392805873,0.012421768197437563,0.01472197140175609,-0.01785768532227759,0.013176467042120115,0.004681218280157377,-0.004065820020134976,54.87181453465033,0
2015-06-08,-0.01703309972169864,-0.013777004807219217,0.0033125173528809615,-0.013082041254761752,0.012903606904368032,0.012940021509022013,-0.0035723707392805873,-0.01785768532227759,0.013176467042120115,-0.013423043243235679,51.013117089171615,0
2015-06-09,-0.014209307290777407,-0.015609899625684154,-0.0014207806436653536,-0.001719080616361835,0.011518020538016161,0.012738566860706816,-0.013082041254761752,-0.0035723707392805873,-0.01785768532227759,0.004681218280157377,48.59238264003335,1
2015-06-10,0.009980705312682359,0.0036347082704326628,-0.006283285422056695,0.021184852412271218,0.012416613590930606,0.013172596975745516,-0.001719080616361835,-0.013082041254761752,-0.0035723707392805873,0.013176467042120115,44.14895473423376,1
2015-06-11,0.014227493539401781,0.008036164945732338,-0.0061044771839730005,0.005971303884866266,0.01235974883185093,0.01304289089475641,0.021184852412271218,-0.001719080616361835,-0.013082041254761752,-0.01785768532227759,47.0284451678227,1
2015-06-12,0.014558226857411372,0.010159703163678646,-0.004335407842837258,0.0035286959653280693,0.012374918767516513,0.01298844126007695,0.005971303884866266,0.021184852412271218,-0.001719080616361835,-0.0035723707392805873,49.41937983702471,0
2015-06-15,-0.005517562521344388,-0.008244306857128847,-0.0027418727903306683,-0.017769100395468758,0.012957002654577813,0.01367109655354682,0.0035286959653280693,0.005971303884866266,0.021184852412271218,-0.013082041254761752,50.06538325598243,0
2015-06-16,-0.01195476133913742,-0.013572057137049565,-0.001636864117784964,-0.004918732185322187,0.012882117962462018,0.013716930874237646,-0.017769100395468758,0.0035286959653280693,0.005971303884866266,-0.001719080616361835,42.045469323422076,0
2015-06-17,-0.014635646597653595,-0.019972887817439222,-0.005416515425341717,-0.006659714617499942,0.011856495425346723,0.013742623873569356,-0.004918732185322187,-0.017769100395468758,0.0035286959653280693,0.021184852412271218,36.89460596786533,0
2015-06-18,-0.010592064335280038,-0.019447999290791995,-0.008950741788382954,-0.0013373050641747569,0.010729396415727755,0.011291284149989212,-0.006659714617499942,-0.004918732185322187,-0.017769100395468758,0.005971303884866266,37.70016275995394,1
2015-06-19,0.008309312724589013,-0.002711345774723317,-0.010929839048627765,0.015930594077322176,0.012068013158271973,0.01197288387161342,-0.0013373050641747569,-0.006659714617499942,-0.004918732185322187,0.0035286959653280693,49.070111635501576,1
2015-06-22,0.02788053541275648,0.021990949339452337,-0.005729835200098399,0.024899138611714965,0.013361316613017211,0.013275339954043855,0.015930594077322176,-0.0013373050641747569,-0.006659714617499942,-0.017769100395468758,55.94059966868882,0
2015-06-23,0.021100408367329182,0.020545806651409926,-0.000543141214492282,0.0,0.013291707523210853,0.01241269402773793,0.024899138611714965,0.015930594077322176,-0.0013373050641747569,-0.004918732185322187,51.696060634167665,1
2015-06-24,0.019010163113636347,0.027037180802308436,0.007877269510389473,0.007313983640285797,0.011966390236732424,0.01200178602659188,0.0,0.024899138611714965,0.015930594077322176,-0.006659714617499942,61.82085103064926,0
2015-06-25,0.004786405610290201,0.02089292767644535,0.01602979695607276,-0.005663734125158057,0.012176333794892951,0.012004627548699966,0.007313983640285797,0.0,0.024899138611714965,-0.0013373050641747569,60.750298349061794,0
2015-06-26,-0.0020885285263312348,0.018387835660835572,0.020519219161724056,-0.0020173791086582206,0.012201582722116112,0.011973840143697125,-0.005663734125158057,0.007313983640285797,0.0,0.015930594077322176,66.29917521076291,0
2015-06-29,-0.025914202139038167,-0.011502857975598801,0.014794737994420881,-0.030192401489894737,0.014699237753106957,0.013486755677882998,-0.0020173791086582206,-0.005663734125158057,0.007313983640285797,0.024899138611714965,53.426403999188274,0
2015-06-30,-0.031202359199779095,-0.024225801967265315,0.007201253325463508,-0.014292763556925448,0.015315026527491374,0.013774408979810736,-0.030192401489894737,-0.0020173791086582206,-0.005663734125158057,0.0,41.14516665163141,1
2015-07-01,-0.002843177481449799,-0.0006936203233901539,0.002155686156396719,0.02295893627894425,0.016921996219527002,0.014473477389436515,-0.014292763556925448,-0.030192401489894737,-0.0020173791086582206,0.007313983640285797,47.38094165483506,0
2015-07-02,0.0014660965432502504,-0.0012559533360849695,-0.00271806493373139,-0.0005628817172267491,0.016908013406862016,0.013910474715598947,0.02295893627894425,-0.014292763556925448,-0.030192401489894737,-0.005663734125158057,45.995127562603564,0
2015-07-03,-0.004467446248889062,-0.013727873654182043,-0.009301983516661783,-0.01303496929639373,0.016705269228486967,0.014196360509761943,-0.0005628817172267491,0.02295893627894425,-0.014292763556925448,-0.0020173791086582206,47.49373586937567,0
2015-07-06,-0.016119254120865012,-0.02871087336097289,-0.012797912036439762,-0.015908430999818812,0.014498015751113655,0.014341806450708797,-0.01303496929639373,-0.0005628817172267491,0.02295893627894425,-0.030192401489894737,44.32748229089407,0
2015-07-07,-0.035275668182834896,-0.05199641474104577,-0.01733214972065167,-0.02603139114208427,0.015755074350671937,0.01542947815679454,-0.015908430999818812,-0.01303496929639373,-0.0005628817172267491,-0.014292763556925448,39.76915529436481,1
2015-07-08,-0.008554282390519696,-0.030839539364494573,-0.022477536165780077,0.020218547528059617,0.017551469008853713,0.01535495005288392,-0.02603139114208427,-0.015908430999818812,-0.01303496929639373,0.02295893627894425,45.948523345214525,1
2015-07-09,0.010368703640365462,-0.014927928492764253,-0.025037030582980124,0.014852259665720105,0.018808014349618048,0.01571802273029964,0.020218547528059617,-0.02603139114208427,-0.015908430999818812,-0.0005628817172267491,45.585407327615236,1
2015-07-10,0.03298777556260357,0.01141397730879734,-0.02088485339727897,0.02607855322279587,0.02115566294377314,0.01686006017645574,0.014852259665720105,0.020218547528059617,-0.02603139114208427,-0.01303496929639373,45.79347472175314,1
2015-07-13,0.04278590809905625,0.031030800132822556,-0.011272791351450762,0.02085917591325548,0.01958868414089918,0.016966582360453158,0.02607855322279587,0.014852259665720105,0.020218547528059617,-0.015908430999818812,51.07851573484944,1
2015-07-14,0.03277953817599033,0.03728202520374846,0.004359581944961999,0.008368205070476413,0.018584918855590913,0.016957016843675964,0.02085917591325548,0.02607855322279587,0.014852259665720105,-0.02603139114208427,51.33046162486588,1
2015-07-15,0.02454029826061155,0.04182469910605424,0.016870396288742207,0.007400044014133809,0.01761277140291142,0.01685765426468441,0.008368205070476413,0.02085917591325548,0.02607855322279587,0.020218547528059617,54.3829758056515,1
2015-07-16,0.01758977498310088,0.04551734796011986,0.02744482468633569,0.006988693437965886,0.017546495229938806,0.01684791993479302,0.007400044014133809,0.008368205070476413,0.02085917591325548,0.014852259665720105,56.35909781607767,1
2015-07-17,0.009114835434974822,0.04309616981564646,0.03367439778647596,0.0003571008873008431,0.016498611792527807,0.0165967152182475,0.006988693437965886,0.007400044014133809,0.008368205070476413,0.02607855322279587,65.19655604847938,1
2015-07-20,0.006630846249159994,0.044255875438739656,0.037377186810612306,0.002674036654188144,0.014661214496438205,0.015749581636781536,0.0003571008873008431,0.006988693437965886,0.007400044014133809,0.02085917591325548,70.70194163846199,1
2015-07-21,0.009699372852503663,0.05071756355386969,0.04062416180915873,0.008156030293307448,0.008482020059576349,0.015813661047142463,0.002674036654188144,0.0003571008873008431,0.006988693437965886,0.008368205070476413,68.28194750572543,0
2015-07-22,0.0010672141461556262,0.04287883764161382,0.041767049109805,-0.006199648013578614,0.009545259341976736,0.015859967307915283,0.008156030293307448,0.002674036654188144,0.0003571008873008431,0.007400044014133809,65.95744680851067,1
2015-07-23,0.0010659086871558365,0.04246640906893617,0.041356418216333735,0.0012430299294182014,0.009580890465266991,0.015776468724139864,-0.006199648013578614,0.008156030293307448,0.002674036654188144,0.006988693437965886,71.41227487215994,1
2015-07-24,0.0010288666018678505,0.04205714261240168,0.04098610677413328,0.0014186698630971716,0.007162504846026759,0.01575374435558197,0.0012430299294182014,-0.006199648013578614,0.008156030293307448,0.0003571008873008431,79.07846781212119,0
2015-07-27,-0.015121886482164282,0.019934380515420624,0.03559452333890256,-0.019143643140015768,0.008453902379872822,0.014734786506130226,0.0014186698630971716,0.0012430299294182014,-0.006199648013578614,0.002674036654188144,81.72456888527198,1
2015-07-28,-0.002639617050872345,0.026639040738308806,0.029356146774755842,0.010064852546142852,0.008630572425712468,0.014289304011025983,-0.019143643140015768,0.0014186698630971716,0.0012430299294182014,0.008156030293307448,80.54794474734393,1
2015-07-29,0.012883505373854742,0.041546614868769316,0.028298525292239862,0.017724674912585604,0.009957492714707616,0.013958995584847691,0.010064852546142852,-0.019143643140015768,0.0014186698630971716,-0.006199648013578614,81.14209429074438,1
2015-07-30,0.01776340774404228,0.04655822760473538,0.028292253034051473,0.008571666986147967,0.010051945537664204,0.013976201607679714,0.017724674912585604,0.010064852546142852,-0.019143643140015768,0.0012430299294182014,78.6144473103177,1
2015-07-31,0.01958367045529741,0.048515912210124856,0.028376525235940475,0.0065973309221139375,0.010098640254135054,0.013414688027802931,0.008571666986147967,0.017724674912585604,0.010064852546142852,0.0014186698630971716,75.89133052440472,0
2015-08-03,0.008821084014096314,0.04024549285082091,0.031149635286850774,-0.0025989790884255307,0.010260344951751762,0.012645881755238229,0.0065973309221139375,0.008571666986147967,0.017724674912585604,-0.019143643140015768,71.86380202750298,0
2015-08-04,-0.014116525771192934,0.01292405471938185,0.027427765245509272,-0.02121590313854911,0.01245683031747396,0.012048052225679092,-0.0025989790884255307,0.0065973309221139375,0.008571666986147967,0.010064852546142852,56.42633078893065,0
2015-08-05,-0.012846995501875402,0.007916796550120342,0.021034015960425645,-0.0005317518448693568,0.012289104291077536,0.011610303728306277,-0.02121590313854911,-0.0025989790884255307,0.0065973309221139375,0.017724674912585604,53.32225509419883,0
2015-08-06,-0.009344493880028115,0.004175163090864853,0.013647182988811624,0.0,0.01228381338074286,0.011391841836926691,-0.0005317518448693568,-0.02121590313854911,-0.0025989790884255307,0.008571666986147967,53.16665327285434,0
2015-08-07,-0.006604977439391035,-0.0008437319596785731,0.005799551385774038,-0.002663117419483662,0.012302511731626315,0.010188164299863346,0.0,-0.0005317518448693568,-0.02121590313854911,0.0065973309221139375,50.66665581598326,1
2015-08-10,0.0021276812181405536,0.0023676107203458585,0.00023942009257127417,0.0047885383295167136,0.01041704952914707,0.00924616296629855,-0.002663117419483662,0.0,-0.0005317518448693568,-0.0025989790884255307,49.05337888376236,0
2015-08-11,-0.010275907811132745,-0.013118219806716458,-0.002871822579662342,-0.01515315529114447,0.01128394678268901,0.009818177443745767,0.0047885383295167136,-0.002663117419483662,0.0,-0.02121590313854911,45.166429361830545,0
2015-08-12,-0.02838000247097583,-0.03746829625763459,-0.009353753329256032,-0.02620718577967133,0.01195468147739232,0.011322109228269848,-0.01515315529114447,0.0047885383295167136,-0.002663117419483662,-0.0005317518448693568,36.197928463402405,1
2015-08-13,-0.008027975362257522,-0.02107595288619135,-0.01315357409267548,0.016096905251309277,0.013076980835549267,0.01184243338848731,-0.02620718577967133,-0.01515315529114447,0.0047885383295167136,0.0,42.21698401787868,0
2015-08-14,-0.007416765182649665,-0.024342515331842063,-0.017052222479162715,-0.004364370276469386,0.012529675887366875,0.011865169903385958,0.016096905251309277,-0.02620718577967133,-0.01515315529114447,-0.002663117419483662,46.79741211143973,0
2015-08-17,-0.002621287401143424,-0.02456823141523512,-0.022004624458952904,-0.0014590332084067638,0.0125609631340717,0.011833080862708619,-0.004364370276469386,0.016096905251309277,-0.02620718577967133,0.0047885383295167136,42.11995406615801,1
2015-08-18,0.0008764845568636215,-0.02262883399761495,-0.023484734547325803,0.00036487440527987265,0.011266045305899123,0.011633913402506952,-0.0014590332084067638,-0.004364370276469386,0.016096905251309277,-0.01515315529114447,32.9563415959273,0
2015-08-19,-0.019256127211602858,-0.04225656303172998,-0.023452031114641114,-0.022696773181294094,0.01281890993595324,0.012525387038459578,0.00036487440527987265,-0.0014590332084067638,-0.004364370276469386,-0.02620718577967133,22.366526306333128,0
2015-08-20,-0.021875479229437667,-0.04926675579344586,-0.02800387474432131,-0.010318073203715762,0.012775352999703048,0.012612060574066343,-0.022696773181294094,0.00036487440527987265,-0.0014590332084067638,0.016096905251309277,16.478818633447474,0
2015-08-21,-0.04025117733960348,-0.07500296755547986,-0.03620925537532349,-0.031998156283397396,0.015048616225858524,0.014114812340736898,-0.010318073203715762,-0.022696773181294094,0.00036487440527987265,-0.004364370276469386,13.57303689017914,0
2015-08-24,-0.06503131450857025,-0.11346201833555103,-0.051799279033099443,-0.04826456630343618,0.018553899373187303,0.016908064641253034,-0.031998156283397396,-0.010318073203715762,-0.022696773181294094,-0.0014590332084067638,11.902302667015618,1
2015-08-25,-0.007088038013427833,-0.06732638471026642,-0.060668366383980876,0.04651076406181498,0.02672395706225876,0.020360624336767504,-0.04826456630343618,-0.031998156283397396,-0.010318073203715762,0.00036487440527987265,28.85407305505042,0
2015-08-26,-0.011764694055471314,-0.07768322553327167,-0.0667032751018718,-0.017114634527592158,0.026193900410125103,0.019857573333275456,0.04651076406181498,-0.04826456630343618,-0.031998156283397396,-0.022696773181294094,26.923066088428712,1
2015-08-27,0.03186768334047585,-0.034567675090477756,-0.06438360218422745,0.041202897599905954,0.02966177684837701,0.022313653889386487,-0.017114634527592158,0.04651076406181498,-0.04826456630343618,-0.010318073203715762,37.54175018061846,0
2015-08-28,0.02360820544086284,-0.033911882348919176,-0.05619346101764433,-0.004388877787455697,0.029661736610074003,0.022162061501708113,0.041202897599905954,-0.017114634527592158,0.04651076406181498,-0.031998156283397396,35.83388863224768,0
2015-09-01,-0.01540200579215567,-0.05848444587706636,-0.043756376042155765,-0.03226093301822869,0.03084988252085745,0.02297063684857895,-0.004388877787455697,0.041202897599905954,-0.017114634527592158,-0.04826456630343618,33.98982333536655,1
2015-09-02,-0.010911925045594129,-0.05106417527513696,-0.040595222251965546,0.002564392998904716,0.030923081601493433,0.022782616406788334,-0.03226093301822869,-0.004388877787455697,0.041202897599905954,0.04651076406181498,37.97644076109127,1
2015-09-03,-0.0013972398374990647,-0.03351524128196537,-0.032162940786624405,0.013696104540352343,0.031099947611243423,0.023158203618012945,0.002564392998904716,-0.03226093301822869,-0.004388877787455697,-0.017114634527592158,37.19297697067612,0
2015-09-04,-0.01731162581920509,-0.052018116868565833,-0.03531790134211499,-0.025188242799012748,0.03178166566520981,0.023576955948275986,0.013696104540352343,0.002564392998904716,-0.03226093301822869,0.041202897599905954,34.66316689107438,1
2015-09-07,-0.0024839164852403783,-0.038954621286771074,-0.03656152056518813,0.008335059681630895,0.030585389215150145,0.023782383816053274,-0.025188242799012748,0.013696104540352343,0.002564392998904716,-0.004388877787455697,36.59628033062858,1
2015-09-08,0.014919525313265014,-0.013547027264996014,-0.02804808841319173,0.021506205220963682,0.02640175872952248,0.024440056133108817,0.008335059681630895,-0.025188242799012748,0.013696104540352343,-0.03226093301822869,40.69420443741194,1
2015-09-09,0.02363127339202009,0.004755851371780473,-0.018439669157129246,0.015355388083194518,0.022585149087452832,0.024688144593012783,0.021506205220963682,0.008335059681630895,-0.025188242799012748,0.002564392998904716,46.68305142697753,0
2015-09-10,0.0074016599279922435,-0.007788791333649514,-0.01507884279516436,-0.014968592091772983,0.022388768806376386,0.024254573048900212,0.015355388083194518,0.021506205220963682,0.008335059681630895,0.013696104540352343,46.032715723739635,0
2015-09-11,0.0009295090876337841,-0.0051005208082715026,-0.006024430133348413,-0.000580191066164481,0.017812089902907623,0.023869921343557695,-0.014968592091772983,0.015355388083194518,0.021506205220963682,-0.025188242799012748,51.10963300511718,0
2015-09-14,-0.015511986404018407,-0.016548644904019527,-0.0010529925054288958,-0.015401462883163533,0.01833686215430765,0.024025255506832335,-0.000580191066164481,-0.014968592091772983,0.015355388083194518,0.008335059681630895,57.40181192282561,1
2015-09-15,0.003517011078656873,0.006132097705727979,0.0026059215720322104,0.020033710793046573,0.016313119162744076,0.024607003507611535,-0.015401462883163533,-0.000580191066164481,-0.014968592091772983,0.021506205220963682,52.763808306709265,1
2015-09-16,0.014531953015054944,0.019457068710346803,0.004854569321996127,0.01091653524805452,0.016527183632687868,0.024788183902554706,0.020033710793046573,-0.015401462883163533,-0.000580191066164481,0.015355388083194518,59.02061666469161,0
2015-09-17,0.005171581667951841,0.012961046595039605,0.007749388332449758,-0.007840130971478175,0.016435082033124958,0.024359032896236737,0.01091653524805452,0.020033710793046573,-0.015401462883163533,-0.014968592091772983,47.83484978772916,0
2015-09-18,-0.018677107753337974,-0.012757167899756228,0.006032611590287562,-0.028033807931407438,0.0169593288221227,0.02501332617633964,-0.007840130971478175,0.01091653524805452,0.020033710793046573,-0.000580191066164481,42.63912889592137,1
2015-09-21,-0.0125896033450148,-0.005956876753036466,0.006717294667392348,0.0064941443085313015,0.0168798491497649,0.02407075458634556,-0.028033807931407438,-0.007840130971478175,0.01091653524805452,-0.015401462883163533,51.78389442968512,0
2015-09-22,-0.03482686794566858,-0.03849530001787527,-0.0038008021052124974,-0.03290098450323127,0.018165046359402207,0.022666038934961857,0.0064941443085313015,-0.028033807931407438,-0.007840130971478175,0.020033710793046573,43.68930992807494,1
2015-09-23,-0.017768817334486875,-0.030913558610792036,-0.013382533061752189,0.006264557540854729,0.017254933096835182,0.01998445126126246,-0.03290098450323127,0.0064941443085313015,-0.028033807931407438,0.01091653524805452,41.68190918425727,0
2015-09-24,-0.013766054824367657,-0.036702639144564286,-0.02325673784845439,-0.007075739706428775,0.016956800112436988,0.019698702181781047,0.006264557540854729,-0.03290098450323127,0.0064941443085313015,-0.007840130971478175,45.55444887421847,1
2015-09-25,0.018862651565731747,-0.001986642581205511,-0.02046330201121538,0.03390831476262111,0.020950284365742932,0.018926350283524632,-0.007075739706428775,0.006264557540854729,-0.03290098450323127,-0.028033807931407438,51.72718959580289,0
2015-09-28,-0.012445122377960582,-0.037090859915803964,-0.024956322019479615,-0.038993243915077976,0.02383626180569617,0.020704638980907394,0.03390831476262111,-0.007075739706428775,0.006264557540854729,0.0064941443085313015,39.04447798976128,0
2015-09-29,-0.03144755079984596,-0.05882352658405843,-0.028264835638813324,-0.025610639684551247,0.023141794358309237,0.02026217553170473,-0.038993243915077976,0.03390831476262111,-0.007075739706428775,-0.03290098450323127,31.31955303630525,1
2015-09-30,-0.007318573181916199,-0.036712650875412756,-0.029610786400744438,0.0213192135771184,0.02430550104545298,0.020949538525096897,-0.025610639684551247,-0.038993243915077976,0.03390831476262111,0.006264557540854729,38.737323786539655,1
2015-10-01,0.004307357366686082,-0.02291979643590847,-0.027110379708842114,0.01221264954874676,0.025066410533947092,0.02089382329507899,0.0213192135771184,-0.025610639684551247,-0.038993243915077976,-0.007075739706428775,41.56715051451728,1
2015-10-02,0.015277176301874418,-0.016928356991763982,-0.03172092709790475,0.005648629761550736,0.02389928638816794,0.020220506717186476,0.01221264954874676,0.0213192135771184,-0.025610639684551247,0.03390831476262111,45.384020768053375,1
2015-10-05,0.037205018314932836,0.012688296187625125,-0.023637296093243054,0.030314392290198174,0.025926983940904768,0.021293101118384925,0.005648629761550736,0.01221264954874676,0.0213192135771184,-0.038993243915077976,47.42346448064516,0
2015-10-06,0.020257328733293223,0.009957207404878154,-0.010095611213303601,-0.0033232601129242214,0.023239975862360394,0.020728110906972887,0.030314392290198174,0.005648629761550736,0.01221264954874676,-0.025610639684551247,44.495771706944836,1
2015-10-07,0.012470296556555294,0.012891342546724305,0.0004158600915020738,0.0015652278355354457,0.023224617026519782,0.020395669268542107,-0.0033232601129242214,0.030314392290198174,0.005648629761550736,0.0213192135771184,46.287511178927936,0
2015-10-08,0.0024791268571819902,0.00970065633884687,0.007203670668240791,-0.003917732728901664,0.023093540417563497,0.020154214938842313,0.0015652278355354457,-0.0033232601129242214,0.030314392290198174,0.01221264954874676,51.31348497343475,1
2015-10-09,0.004651875692329943,0.0189113129541314,0.014193411276891332,0.008793412792385515,0.020630769626649833,0.020267045737580907,-0.003917732728901664,0.0015652278355354457,-0.0033232601129242214,0.005648629761550736,51.81976226970338,0
2015-10-12,0.0026183719589969456,0.016714013767296976,0.01405883056058399,-0.001752555088737072,0.015329419292494558,0.019958563179267905,0.008793412792385515,-0.003917732728901664,0.0015652278355354457,0.030314392290198174,59.919828710238455,0
2015-10-13,-0.014465492549219583,-0.0020641673452093112,0.012583349553216605,-0.020278257928440905,0.014217055342707929,0.01990700370408611,-0.001752555088737072,0.008793412792385515,-0.003917732728901664,-0.0033232601129242214,52.99065050053095,0
2015-10-14,-0.028046588908061443,-0.020101737576513234,0.008174107154603982,-0.02151049216305598,0.015191942440203327,0.02015171083073995,-0.020278257928440905,-0.001752555088737072,0.008793412792385515,0.0015652278355354457,49.649742685001435,1
2015-10-15,-0.015091330398321112,-0.009881219639479522,0.005289943037001255,0.00789396644999638,0.014889043434117484,0.020269281607541566,-0.02151049216305598,-0.020278257928440905,-0.001752555088737072,-0.003917732728901664,43.12562163336951,1
2015-10-16,0.0009578763390112321,0.0017874973387665971,0.0008288270859009295,0.011227074761876713,0.01521092547538892,0.01954942749997194,0.00789396644999638,-0.02151049216305598,-0.020278257928440905,0.008793412792385515,56.422024449056295,1
2015-10-19,0.017867116232304525,0.01721656664304061,-0.0006391301761197177,0.015234208435501537,0.012471779988333893,0.01980962877811804,0.011227074761876713,0.00789396644999638,-0.02151049216305598,-0.001752555088737072,68.9696895714962,0
2015-10-20,0.008705394426107294,0.007830060834587371,-0.0008677792310388677,-0.00808279528320045,0.012676107486068497,0.018368309998140563,0.015234208435501537,0.011227074761876713,0.00789396644999638,-0.020278257928440905,61.074722881947636,0
2015-10-21,-0.011043769059341901,-0.010294044987394835,0.0007580963125475293,-0.018176883029107624,0.013712824749206076,0.018820548008937486,-0.00808279528320045,0.015234208435501537,0.011227074761876713,-0.02151049216305598,51.13351287715055,1
2015-10-22,-0.002784985492403358,-0.0007574768522817799,0.0020331709918375296,0.010427168308709196,0.014348358532868427,0.018882528466059246,-0.018176883029107624,-0.00808279528320045,0.015234208435501537,0.00789396644999638,52.56722731242595,1
2015-10-23,-0.0007556450449796026,0.002373782525185275,0.003131794094854312,0.0023909400145238372,0.013969791350490549,0.017219912889965223,0.010427168308709196,-0.018176883029107624,-0.00808279528320045,0.011227074761876713,42.68830756692237,0
2015-10-26,0.0009971956451624298,2.987698783396553e-05,-0.0009663550123183429,-0.0011947554331630046,0.01397316812438564,0.01468754968988192,0.0023909400145238372,0.010427168308709196,-0.018176883029107624,0.015234208435501537,43.39337419759559,0
2015-10-27,0.0019972282944502595,-0.0027232541964817836,-0.00471107340183663,-0.0003985286785249024,0.012447329014891165,0.013283922199749528,-0.0011947554331630046,0.0023909400145238372,0.010427168308709196,-0.00808279528320045,42.575759957756205,1
2015-10-28,0.007081178105999619,0.004623267455514224,-0.0024406281280203723,0.009126999044047398,0.010190295281497449,0.012634851624183669,-0.0003985286785249024,-0.0011947554331630046,0.0023909400145238372,-0.018176883029107624,47.66762668147176,0
2015-10-29,-0.046001043136938535,-0.05662253029523234,-0.011133646511752304,-0.0648677368156077,0.023486727375141753,0.019295188451004336,0.009126999044047398,-0.0003985286785249024,-0.0011947554331630046,0.010427168308709196,29.405609893942625,0
2015-10-30,-0.05244240900856367,-0.07445270034408813,-0.023228447056706014,-0.02237706582372724,0.02340125935389828,0.019720099207910725,-0.0648677368156077,0.009126999044047398,-0.0003985286785249024,0.0023909400145238372,26.729842465476125,1
2015-11-02,-0.02402215142616304,-0.05449518942310161,-0.03122308364013371,0.01730628825442373,0.023635797375999877,0.01873810376297038,-0.02237706582372724,-0.0648677368156077,0.009126999044047398,-0.0011947554331630046,35.14036179762604,0
2015-11-03,-0.02051260288673329,-0.06059843815255106,-0.040925320105147156,-0.010861582811781744,0.02365862845857853,0.018797470050267506,0.01730628825442373,-0.02237706582372724,-0.0648677368156077,-0.0003985286785249024,37.15454120360556,0
2015-11-04,-0.008026280633746885,-0.060804161268246504,-0.05320491823938445,-0.0049371953093375635,0.02338617516037872,0.01874369847627714,-0.010861582811781744,0.01730628825442373,-0.02237706582372724,0.009126999044047398,33.71487220395545,0
2015-11-05,-0.0183297048435076,-0.0727965675229485,-0.05548386555870888,-0.018241601178408416,0.022825801309437038,0.018980463242890707,-0.0049371953093375635,-0.010861582811781744,0.01730628825442373,-0.0648677368156077,27.09805406336129,1
2015-11-06,-0.0003871370527778195,-0.05077963542274355,-0.050412014728772436,0.018456718093573826,0.024268151695072532,0.01948025372280536,-0.018241601178408416,-0.0049371953093375635,-0.010861582811781744,-0.02237706582372724,27.683038217699163,1
2015-11-09,0.008445015585608173,-0.039627408492392435,-0.04766985143962932,0.007074782070213593,0.024655990833982042,0.019657632275051143,0.018456718093573826,-0.018241601178408416,-0.0049371953093375635,0.01730628825442373,31.243676242110283,0
2015-11-10,-0.003930691997913072,-0.04972851406341705,-0.0459785495824232,-0.01485014648205776,0.02465142278865084,0.019466161555937427,0.007074782070213593,0.018456718093573826,-0.018241601178408416,-0.010861582811781744,31.954498187722592,1
2015-11-11,0.0027650803226317855,-0.040790157191287424,-0.043435135874402064,0.006483705274377377,0.024455796719300715,0.019169068490539756,-0.01485014648205776,0.007074782070213593,0.018456718093573826,-0.0049371953093375635,30.370383287863717,0
2015-11-12,-0.022816834414029374,-0.06292168872446668,-0.04104128654978245,-0.027961669275124914,0.01653747016495339,0.01977184718251446,0.006483705274377377,-0.01485014648205776,0.007074782070213593,-0.018241601178408416,25.91894290106815,0
2015-11-13,-0.019214838082118102,-0.06039985944233095,-0.04199188870239157,-0.002661895274816943,0.015368304757493121,0.01942342782993797,-0.027961669275124914,0.006483705274377377,-0.01485014648205776,0.018456718093573826,25.773200299169574,0
2015-11-16,-0.013973143110047825,-0.05737062069045118,-0.04401247012407372,-0.0031146285780976404,0.013625315216311173,0.018821231071807457,-0.002661895274816943,-0.027961669275124914,0.006483705274377377,0.007074782070213593,25.486555864408146,1
2015-11-17,0.002203114995559474,-0.03948481018478811,-0.04159628378378388,0.013500274149470675,0.014615000594016088,0.019326978231503325,-0.0031146285780976404,-0.002661895274816943,-0.027961669275124914,-0.01485014648205776,26.508241276203137,1
2015-11-18,0.00791648470752282,-0.03347225064866055,-0.04106365555494773,0.001976488871342638,0.014656943828685006,0.019141675829808948,0.013500274149470675,-0.0031146285780976404,-0.002661895274816943,0.006483705274377377,38.08917346022417,1
2015-11-19,0.013174125052043628,-0.020478590685416243,-0.033215135390208705,0.00895497124444882,0.013792467653883932,0.019085066717394378,0.001976488871342638,0.013500274149470675,-0.0031146285780976404,-0.027961669275124914,47.15672518332751,0
2015-11-20,-0.019529875026793042,-0.04882337658263736,-0.02987699554501444,-0.03563507828169102,0.01644425854855594,0.02024147809500732,0.00895497124444882,0.001976488871342638,0.013500274149470675,-0.002661895274816943,32.33458514987697,0
2015-11-23,-0.02216800693476284,-0.04841004727894016,-0.026836962310790913,-0.006102362044861948,0.01592238474366226,0.02020718387538607,-0.03563507828169102,0.00895497124444882,0.001976488871342638,-0.0031146285780976404,33.333346425380185,0
2015-11-24,-0.017940800419681713,-0.04421663775667506,-0.026755858860873394,-0.0022696332624076113,0.015634651654424736,0.02018197638595941,-0.006102362044861948,-0.03563507828169102,0.00895497124444882,0.013500274149470675,33.90053114128868,1
2015-11-25,-0.0057902032998899955,-0.03125990816511004,-0.02561803851637423,0.006567782359615464,0.015641345062983168,0.020085228386364912,-0.0022696332624076113,-0.006102362044861948,-0.03563507828169102,0.001976488871342638,40.62060422201288,1
2015-11-26,0.015146040244492287,-0.012475619945139238,-0.027209543351003007,0.016566293229022373,0.01457729154122656,0.015368431144332303,0.006567782359615464,-0.0022696332624076113,-0.006102362044861948,0.00895497124444882,39.68482083169554,0
2015-11-27,0.008906089511438564,-0.014758836852790669,-0.02345602490682641,-0.0040044275823533605,0.014608410371776931,0.014657094403325223,0.016566293229022373,0.006567782359615464,-0.0022696332624076113,-0.03563507828169102,35.724741226083,0
2015-11-30,0.0015705494648516893,-0.01681589569831332,-0.01835761362291355,-0.004916238297453722,0.014657239125301284,0.013967519000877211,-0.0040044275823533605,0.016566293229022373,0.006567782359615464,-0.006102362044861948,38.36476659573091,1
2015-12-01,0.035293077200907685,0.028555069414627265,-0.006508309516082056,0.04511386027454619,0.0203318988502557,0.017442671621911765,-0.004916238297453722,-0.0040044275823533605,0.016566293229022373,-0.0022696332624076113,51.724130155196185,1
2015-12-02,0.028747975931889824,0.033514944861633644,0.004633757772816827,0.005339040979420328,0.020347778092675566,0.017440935637521734,0.04511386027454619,-0.004916238297453722,-0.0040044275823533605,0.006567782359615464,62.764462384821975,0
2015-12-03,0.0047554750600049545,0.013443654914459202,0.008647058981126943,-0.019138298010504828,0.021343332058105374,0.017492762688594638,0.005339040979420328,0.04511386027454619,-0.004916238297453722,0.016566293229022373,56.61577168504779,0
2015-12-04,-0.002909606608050397,0.010986133264292208,0.013936288990882284,-0.0030441290492003326,0.017394499637996007,0.016982354534250666,-0.019138298010504828,0.005339040979420328,0.04511386027454619,-0.0040044275823533605,56.61579366694045,0
2015-12-07,-0.013968783486040248,0.005279923486762428,0.019521397142836072,-0.0069930620742262705,0.017450816634613606,0.016938759729291295,-0.0030441290492003326,-0.019138298010504828,0.005339040979420328,-0.004916238297453722,50.72655638678238,0
2015-12-08,-0.02991918260290949,-0.01889540279484081,0.011363774657092485,-0.0262178705731247,0.019789925853701804,0.017595046501258732,-0.0069930620742262705,-0.0030441290492003326,-0.019138298010504828,0.04511386027454619,43.3025526234552,0
2015-12-09,-0.019612197735247583,-0.017355127958021854,0.0023022213985239848,-0.0006756408510255183,0.01969285848327872,0.017488484246353197,-0.0262178705731247,-0.0069930620742262705,-0.0030441290492003326,0.005339040979420328,40.33816282678323,0
2015-12-10,-0.02648149771163133,-0.033195112102699875,-0.006896237077453904,-0.017957054741201534,0.01953094093963185,0.01684515805911026,-0.0006756408510255183,-0.0262178705731247,-0.0069930620742262705,-0.019138298010504828,44.77212443321554,0
2015-12-11,-0.04108968468448493,-0.060456437022580745,-0.02019662530350763,-0.031689525406593505,0.021511609489099078,0.01813063451260333,-0.017957054741201534,-0.0006756408510255183,-0.0262178705731247,-0.0030441290492003326,39.06432034676535,0
2015-12-14,-0.034046265420737964,-0.06662200154663278,-0.03372390929269897,-0.009992901758450324,0.02154260352082316,0.0181943141814847,-0.031689525406593505,-0.017957054741201534,-0.0006756408510255183,-0.0069930620742262705,37.65501780307107,1
2015-12-15,-0.0009766874005749937,-0.03846367824201702,-0.03752363970756811,0.02689474121810297,0.016976608560221308,0.019079219627307784,-0.009992901758450324,-0.031689525406593505,-0.017957054741201534,-0.0262178705731247,43.10699772593767,1
2015-12-16,0.009262285484354038,-0.03157753255864704,-0.04046501948044323,0.004412953121389149,0.016895986358989416,0.01911947041394413,0.02689474121810297,-0.009992901758450324,-0.031689525406593505,-0.0006756408510255183,39.69465775877133,1
2015-12-17,0.022578528196219194,-0.015637307913192178,-0.03737203066137362,0.013809195274186578,0.01776792918400011,0.019305640915414993,0.004412953121389149,0.02689474121810297,-0.009992901758450324,-0.017957054741201534,44.212718034426004,0
2015-12-18,0.011152430379754996,-0.01986394866220631,-0.030674286200659706,-0.005270982206692199,0.017752616787485274,0.017688664625741604,0.013809195274186578,0.004412953121389149,0.02689474121810297,-0.031689525406593505,44.16667434904553,0
2015-12-21,-0.0012000679088650656,-0.024357286309862003,-0.023185042025897884,-0.005530024263491124,0.017743762740399387,0.017680399795009172,-0.005270982206692199,0.013809195274186578,0.004412953121389149,-0.009992901758450324,28.020554258928797,1
2015-12-22,0.006896551724137945,-0.012401356272730424,-0.019165730544835058,0.011943211048960263,0.01680522096183457,0.017908718277939228,-0.005530024263491124,-0.005270982206692199,0.013809195274186578,0.02689474121810297,30.434782608695656,1
2015-12-23,0.01594992199474987,0.002299482096240757,-0.013436134599732363,0.014956104881755403,0.01758937985231555,0.018172803460548864,0.011943211048960263,-0.005530024263491124,-0.005270982206692199,0.004412953121389149,39.76982256879917,0
2015-12-24,0.01048312191541556,0.00038353014174918876,-0.00999481491043841,-0.0027027318412489038,0.016469664910303557,0.01776455638037114,0.014956104881755403,0.011943211048960263,-0.005530024263491124,0.013809195274186578,39.87178709693829,1
2015-12-29,0.009981878872575178,0.004830068298836698,-0.005100894067019746,0.0040513634036444335,0.011572914037191274,0.017778996382248235,-0.0027027318412489038,0.014956104881755403,0.011943211048960263,-0.005270982206692199,42.950402983231236,0
2015-12-30,-0.0025309755968750958,-0.003184228524522603,-0.0006549104901161229,-0.008572166825590415,0.01137187218312857,0.017846751824325997,0.0040513634036444335,-0.0027027318412489038,0.014956104881755403,-0.005530024263491124,47.95917232494342,0
2015-12-31,-0.010576774089764873,-0.00804353397674551,0.0025603200396764336,-0.008189322788910353,0.00920973783056889,0.01429266899023221,-0.008572166825590415,0.0040513634036444335,-0.0027027318412489038,0.011943211048960263,45.757996214804564,0
2016-01-04,-0.024495737418380403,-0.024584569743605345,-9.106298007333091e-05,-0.02147141916826162,0.011717998130232084,0.01469836443979285,-0.008189322788910353,-0.008572166825590415,0.0040513634036444335,0.014956104881755403,44.88404160713036,1
2016-01-05,-0.014152236870414336,-0.0166630527995123,-0.002546859690716663,0.004656585829951064,0.010778811923706992,0.01441732836578993,-0.02147141916826162,-0.008189322788910353,-0.008572166825590415,-0.0027027318412489038,56.56401984976658,0
2016-01-06,-0.020446862221328743,-0.028692003836699453,-0.008417247923954596,-0.016393809775676383,0.011730142690259411,0.014707117234610727,0.004656585829951064,-0.02147141916826162,-0.008189322788910353,0.0040513634036444335,54.10851378115753,0
2016-01-07,-0.035610379842476614,-0.05225178325631119,-0.017255892292905695,-0.029717005341485844,0.014531784036122165,0.015784994588610376,-0.016393809775676383,0.004656585829951064,-0.02147141916826162,-0.008572166825590415,35.87787575490162,0
2016-01-08,-0.04412820822435526,-0.0724564078225256,-0.029635982400471605,-0.026622273246802674,0.014610402500149802,0.01581359118794845,-0.029717005341485844,-0.016393809775676383,0.004656585829951064,-0.008189322788910353,29.032273942530168,0
2016-01-11,-0.03283611909694806,-0.06974578909647144,-0.03816278784631666,-0.0022508298038173944,0.012307211706989271,0.015793765950557075,-0.026622273246802674,-0.029717005341485844,-0.016393809775676383,-0.02147141916826162,22.51084958109928,1
2016-01-12,-0.007601735637491003,-0.05395293861723194,-0.04670625155669306,0.01318267634497727,0.01431809559387918,0.016011851106632696,-0.0022508298038173944,-0.026622273246802674,-0.029717005341485844,0.004656585829951064,28.90736261834502,0
2016-01-13,-0.0009411186387670023,-0.05489306373014868,-0.05400276810298843,-0.0032174716550515048,0.013747560252919046,0.014597958082456824,0.01318267634497727,-0.0022508298038173944,-0.026622273246802674,-0.016393809775676383,29.353966957911823,0
2016-01-14,-0.013079079695745066,-0.07115507889918415,-0.058845646098509063,-0.020030715089718914,0.014101320621950813,0.015042120965998523,-0.0032174716550515048,0.01318267634497727,-0.0022508298038173944,-0.029717005341485844,21.2162477034519,0
2016-01-15,-0.034482743258203885,-0.0939795303230907,-0.0616216713367328,-0.030297536379780738,0.015293447944564775,0.014526704158434852,-0.020030715089718914,-0.0032174716550515048,0.01318267634497727,-0.026622273246802674,11.489934603048255,0
2016-01-18,-0.04377295923298474,-0.10766087573767191,-0.06681249722183236,-0.02187468530551682,0.01531814620521468,0.014754543820528833,-0.030297536379780738,-0.020030715089718914,-0.0032174716550515048,-0.0022508298038173944,10.544644558947041,1
2016-01-19,-0.01987098380593144,-0.0907241181773718,-0.07228959983918193,0.01191909262259034,0.016396029131434016,0.014619835362516818,-0.02187468530551682,-0.030297536379780738,-0.020030715089718914,0.01318267634497727,13.258438447458687,0
2016-01-20,-0.040933490633963565,-0.12082868599597196,-0.0833051666195922,-0.04221619429282016,0.01891241885957569,0.016582656136959226,0.01191909262259034,-0.02187468530551682,-0.030297536379780738,-0.0032174716550515048,11.694762592051731,1
2016-01-21,-0.007252966134162486,-0.09441399674662998,-0.08779782526577329,0.022271376145830326,0.021429727848632753,0.01798743099484745,-0.04221619429282016,0.01191909262259034,-0.02187468530551682,-0.020030715089718914,18.95734597156398,1
2016-01-22,0.01841966421767305,-0.0656151216143882,-0.08251488927859107,0.02441090263399883,0.023025729711699788,0.01889112673261676,0.022271376145830326,-0.04221619429282016,0.01191909262259034,-0.030297536379780738,27.703989984214218,0
2016-01-25,-0.023047132804339232,-0.10029805228404887,-0.07907333308868636,-0.047781465168106746,0.026675666871824478,0.020231223281991954,0.02441090263399883,0.022271376145830326,-0.04221619429282016,-0.02187468530551682,22.442252035889837,1
2016-01-26,-0.00952587467275079,-0.08585700557009923,-0.07706524476056242,0.006303947844961294,0.026112426456808925,0.02050162987695082,-0.047781465168106746,0.02441090263399883,0.022271376145830326,0.01191909262259034,25.32188841201716,0
2016-01-27,-0.015754412587180022,-0.08250165209375526,-0.06781563500023047,-0.006578954311695995,0.026036204549972523,0.020265744674988165,0.006303947844961294,-0.047781465168106746,0.02441090263399883,-0.04221619429282016,27.699530516431935,0
2016-01-28,-0.025988243601251515,-0.0899468462192442,-0.06566512385278511,-0.01887901259634802,0.025991316704480447,0.02035507088620028,-0.006578954311695995,0.006303947844961294,-0.047781465168106746,0.022271376145830326,28.780487804878035,1
2016-01-29,0.020800172202146028,-0.04314834683289892,-0.06264548221723987,0.04171848777982426,0.029558475486788093,0.02348907477126114,-0.01887901259634802,-0.006578954311695995,0.006303947844961294,0.02441090263399883,38.27055239681834,0
2016-02-01,0.002192999187268674,-0.051940960867115527,-0.05401550409779787,-0.01735399799863418,0.02927211393314569,0.023383921068261253,0.04171848777982426,-0.01887901259634802,-0.006578954311695995,-0.047781465168106746,33.41814752855494,0
2016-02-02,-0.03766269731376359,-0.08907412941184312,-0.05342350541184615,-0.050775191269665544,0.032363160864076014,0.02503909084657524,-0.01735399799863418,0.04171848777982426,-0.01887901259634802,0.006303947844961294,29.250185042578508,0
2016-02-03,-0.0660424931844047,-0.121170677183007,-0.05902643706624977,-0.04804220563676443,0.0330744220668045,0.026381340151970592,-0.050775191269665544,-0.01735399799863418,0.04171848777982426,-0.006578954311695995,27.552449164213,1
2016-02-04,-0.015366334228216871,-0.07058275450285156,-0.05607813564992681,0.04746646523356849,0.036539254719500536,0.029193579830198556,-0.04804220563676443,-0.050775191269665544,-0.01735399799863418,-0.01887901259634802,37.67819794995573,0
2016-02-05,-0.003682637064340688,-0.0665139450977682,-0.06306354819341342,-0.0028835084431489476,0.03491979014691229,0.028896164593990813,0.04746646523356849,-0.04804220563676443,-0.050775191269665544,0.04171848777982426,39.64285262749922,0
2016-02-08,-0.03593908446474481,-0.10777231746026372,-0.07451109347756979,-0.05490178708803898,0.035843388414078955,0.03075570401215186,-0.0028835084431489476,0.04746646523356849,-0.04804220563676443,-0.01735399799863418,33.11687642555789,0
2016-02-09,-0.061617907086830126,-0.13860826080734556,-0.082045847104245,-0.047799159894006876,0.03710420829450726,0.031365951180084964,-0.05490178708803898,-0.0028835084431489476,0.04746646523356849,-0.050775191269665544,33.203117006145064,1
2016-02-10,-0.037471980598808075,-0.11300781865523135,-0.07847650825106944,0.017446913603720703,0.03851874652360738,0.03203582464589689,-0.047799159894006876,-0.05490178708803898,-0.0028835084431489476,-0.04804220563676443,32.00795196463275,0
2016-02-11,-0.0761106840510517,-0.16357872534706164,-0.09467372312468991,-0.07270591463993603,0.04288311068892217,0.03478713521666809,0.017446913603720703,-0.047799159894006876,-0.05490178708803898,0.04746646523356849,23.841457400980673,1
2016-02-12,0.002295317265969876,-0.10189391967044947,-0.10395063724394471,0.061320573001592854,0.04627019493303797,0.03844155866860039,-0.07270591463993603,0.017446913603720703,-0.047799159894006876,-0.0028835084431489476,35.051534753502466,1
2016-02-15,0.02906343621989338,-0.07450054369923409,-0.1006390629323628,0.022331502535840472,0.04789300611149782,0.038986646028620696,0.061320573001592854,-0.07270591463993603,0.017446913603720703,-0.05490178708803898,36.88862321624075,1
2016-02-16,0.026709042596134713,-0.06279479659680043,-0.0871754659592906,0.004345115184369988,0.046185199410427986,0.03882211053839098,0.022331502535840472,0.061320573001592854,-0.07270591463993603,-0.047799159894006876,37.93715945846207,1
2016-02-17,0.05701530793805798,-0.019947865807463994,-0.07281178727265125,0.04066092358613791,0.04601767632842119,0.0394092928981119,0.004345115184369988,0.022331502535840472,0.061320573001592854,0.017446913603720703,44.15287833282384,0
2016-02-18,-0.0006795845808285073,-0.050498228206043994,-0.04985252263091089,-0.03880446850722685,0.044510618229885564,0.039634461199250834,0.04066092358613791,0.004345115184369988,0.022331502535840472,-0.07270591463993603,35.9745438422588,0
2016-02-19,-0.006512660520100799,-0.04262878816661653,-0.036352881623456734,-0.0003091856709100741,0.044545138923168665,0.03898262079974454,-0.03880446850722685,0.04066092358613791,0.004345115184369988,0.061320573001592854,37.33492381409106,1
2016-02-22,0.009227558007737002,-0.017344508101292178,-0.026329112694349677,0.021111367169291927,0.041835927752660075,0.03834525551356945,-0.0003091856709100741,-0.03880446850722685,0.04066092358613791,0.022331502535840472,44.46588706053875,0
2016-02-23,-0.01289254881041113,-0.03259125869319468,-0.019955993503082303,-0.02203940371839995,0.039225388571924376,0.03843628766111698,0.021111367169291927,-0.0003091856709100741,-0.03880446850722685,0.004345115184369988,47.23171160346728,0
2016-02-24,-0.02869004098598893,-0.05424157536622698,-0.02630626211860909,-0.030162531647961746,0.040199534612343664,0.038807407414947856,-0.02203940371839995,0.021111367169291927,-0.0003091856709100741,0.04066092358613791,37.91129989233707,1
2016-02-25,0.017592630268614906,-0.0012873495465479667,-0.018553573653711686,0.05038382702937179,0.03437077304625472,0.04077110997131816,-0.030162531647961746,-0.02203940371839995,0.021111367169291927,-0.03880446850722685,44.64516705722619,1
2016-02-26,0.03437731960798973,0.029731950461366674,-0.004490981248876924,0.02545428545625164,0.030132928204513514,0.03996654686004381,0.05038382702937179,-0.030162531647961746,-0.02203940371839995,-0.0003091856709100741,53.586216824747794,1
2016-02-29,0.04361275767277539,0.051136385220734715,0.007209213851253393,0.017294857982457282,0.02989486358782923,0.0401426067523438,0.02545428545625164,0.05038382702937179,-0.030162531647961746,0.021111367169291927,61.65192437489015,0
2016-03-01,-0.03697385643525586,-0.02945099678258023,0.007811687878824358,-0.08455736716027343,0.04162256764566807,0.04287507543239754,0.017294857982457282,0.02545428545625164,0.05038382702937179,-0.02203940371839995,49.430383389778,1
2016-03-02,-0.01754391471103245,-0.002073924830837681,0.015746240581984372,0.026834607323515038,0.04025147447975535,0.04215612932180463,-0.08455736716027343,0.017294857982457282,0.02545428545625164,-0.030162531647961746,60.083156741575415,1
2016-03-03,0.004287702155223894,0.024203999287553568,0.019831266567925443,0.023731014405448093,0.03899160657799069,0.041039940731233196,0.026834607323515038,-0.08455736716027343,0.017294857982457282,0.05038382702937179,56.82159565341721,1
2016-03-04,0.04603013344787499,0.07309416747790021,0.02587309214584277,0.04698456548482508,0.04137161226566642,0.042483323441047084,0.023731014405448093,0.026834607323515038,-0.08455736716027343,0.02545428545625164,59.52214133524631,0
2016-03-07,0.04036892856523355,0.06618378395733249,0.024813174137851224,-0.0034483143566962685,0.041202675477220486,0.04047291066903027,0.04698456548482508,0.023731014405448093,0.026834607323515038,0.017294857982457282,58.620691136284954,0
2016-03-08,0.013314484614575628,0.05067041128469407,0.03686508703596303,-0.009835178864476461,0.040485720864178606,0.038826545662026334,-0.0034483143566962685,0.04698456548482508,0.023731014405448093,-0.08455736716027343,52.91446390238809,0
2016-03-09,-0.01579873055446357,0.024578910193426617,0.04102579624860403,-0.022340747418230996,0.03977296886840805,0.039162403509542726,-0.009835178864476461,-0.0034483143566962685,0.04698456548482508,0.026834607323515038,55.082740156397186,0
2016-03-10,-0.05730458894817103,-0.029541661184851686,0.02945058121407662,-0.05060514772614365,0.04036424568815525,0.03718104788391694,-0.022340747418230996,-0.009835178864476461,-0.0034483143566962685,0.023731014405448093,48.744767692907175,1
2016-03-11,-0.011669430739959408,0.00479699957108326,0.01666085298097264,0.037439206687464935,0.04146744179674812,0.03558995486744104,-0.05060514772614365,-0.022340747418230996,-0.009835178864476461,0.04698456548482508,50.571624770502495,0
2016-03-14,-0.015795491637232262,-0.012595827793495884,0.003251015227576204,-0.016705020200002772,0.041115647743254775,0.035528379912268725,0.037439206687464935,-0.05060514772614365,-0.022340747418230996,-0.0034483143566962685,51.15646026892417,1
2016-03-15,-0.0038372258023094963,-0.011409123978796787,-0.007601065179920652,0.001836004487331412,0.030237359280153406,0.03551952618709842,-0.016705020200002772,0.037439206687464935,-0.05060514772614365,-0.009835178864476461,54.927537353617936,1
2016-03-16,0.004040655153776163,-0.007444170567717845,-0.01143860625816484,0.0027476551803265036,0.02910017664809339,0.034260966442049665,0.001836004487331412,-0.016705020200002772,0.037439206687464935,-0.022340747418230996,49.30724855831195,0
2016-03-17,-0.017616807531696366,-0.02768314634663449,-0.010246855699603041,-0.020949588307081882,0.028645498329118304,0.03345400656155711,0.0027476551803265036,0.001836004487331412,-0.016705020200002772,-0.05060514772614365,42.97520661157025,1
2016-03-18,-0.0031956997822021327,-0.01814496981512781,-0.01499719657074039,0.009913283349412775,0.023285172132866808,0.03353277031920814,-0.020949588307081882,0.0027476551803265036,0.001836004487331412,0.037439206687464935,41.673704885960206,0
2016-03-21,-0.010297843054402844,-0.02706635280664005,-0.016942985962552504,-0.010536180296458787,0.02326632824781966,0.03323718646174897,0.009913283349412775,-0.020949588307081882,0.0027476551803265036,-0.016705020200002772,52.558629220487255,0
2016-03-22,-0.022995668438519634,-0.04581255335678902,-0.023353924011577987,-0.020775081988182186,0.02362172917407206,0.033197099134916856,-0.010536180296458787,0.009913283349412775,-0.020949588307081882,0.001836004487331412,44.33551643677095,0
2016-03-23,-0.018445338180967386,-0.050278502945720005,-0.032431372396274805,-0.0047824099732793855,0.023167918856914972,0.032516443799791316,-0.020775081988182186,-0.010536180296458787,0.009913283349412775,0.0027476551803265036,38.47952502512792,0
2016-03-24,-0.032891775817278424,-0.07019250744648098,-0.03856934590823535,-0.024916291761427366,0.018846704613052018,0.030670939394453766,-0.0047824099732793855,-0.020775081988182186,-0.010536180296458787,-0.020949588307081882,21.89118899595958,0
2016-03-29,-0.02925104468016726,-0.07483993591991067,-0.04696259624067611,-0.01054032203225731,0.011678963070043345,0.029906772408956596,-0.024916291761427366,-0.0047824099732793855,-0.020775081988182186,0.009913283349412775,21.338381065225562,1
2016-03-30,-0.01385098777292526,-0.0650143704687608,-0.05188199963846285,0.004295357072282069,0.012113605555888404,0.029520382226817417,-0.01054032203225731,-0.024916291761427366,-0.0047824099732793855,-0.010536180296458787,23.605690599949654,0
2016-03-31,-0.015360374156647372,-0.0728722382973368,-0.05840904898726784,-0.010939899790950591,0.011701409674473395,0.023153365781513124,0.004295357072282069,-0.01054032203225731,-0.024916291761427366,-0.020775081988182186,24.999989520056303,0
2016-04-01,-0.006951340615690249,-0.06930570029146021,-0.06279084019350034,0.0,0.011433270018634024,0.022110080764940504,-0.010939899790950591,0.004295357072282069,-0.01054032203225731,-0.0047824099732793855,32.38433719238037,1
2016-04-04,-0.002191518010174476,-0.06308946370752422,-0.061031697762186976,0.0016652793190612488,0.011019234227013409,0.021186221078876515,0.0,-0.010939899790950591,0.004295357072282069,-0.024916291761427366,14.60669302840401,0
2016-04-05,-0.020708042060683773,-0.07788589068027918,-0.05838692757154085,-0.024592742328962983,0.010648643087726993,0.01768569594292233,0.0016652793190612488,0.0,-0.010939899790950591,-0.01054032203225731,14.038833185249246,1
2016-04-06,0.001808689827112353,-0.05213118015048135,-0.05384248562158345,0.019922974395873705,0.014258331308027443,0.018785637539975607,-0.024592742328962983,0.0016652793190612488,0.0,0.004295357072282069,22.86817212415707,0
2016-04-07,-0.010759898556863434,-0.060244005515077914,-0.05002234228679714,-0.01651813638254831,0.01386159591074243,0.01888879542904243,0.019922974395873705,-0.024592742328962983,0.0016652793190612488,-0.010939899790950591,19.604280810451527,1
2016-04-08,0.012496603576502618,-0.031833242409295304,-0.04378271080535867,0.024178416282220765,0.016969847863258516,0.01984639108498693,-0.01651813638254831,0.019922974395873705,-0.024592742328962983,0.0,32.32138332048142,1
2016-04-11,0.026824519988656093,-0.011813181853036148,-0.03762833969149759,0.018409481645351774,0.016487795707023776,0.017444340951487898,0.024178416282220765,-0.01651813638254831,0.019922974395873705,0.0016652793190612488,35.102727825217684,1
2016-04-12,0.028750785832679204,0.005377257672211533,-0.022720301634130968,0.013909290647286307,0.016467016010997135,0.015303545993264805,0.018409481645351774,0.024178416282220765,-0.01651813638254831,-0.024592742328962983,41.821227497761356,1
2016-04-13,0.07786754799197304,0.07616376372869538,-0.00158069910022951,0.06918565054601813,0.02665409680042018,0.021934657051865914,0.013909290647286307,0.018409481645351774,0.024178416282220765,0.019922974395873705,62.8000185547026,1
2016-04-14,0.06202476777739552,0.08844413459244982,0.024876413071179826,0.013103206702517151,0.025669469492226468,0.022099286963431226,0.06918565054601813,0.013909290647286307,0.018409481645351774,-0.01651813638254831,66.1104157484942,0
2016-04-15,0.02789921647240301,0.07391615150959141,0.04476794446357468,-0.012503920825180669,0.02660254850528632,0.02232104703984219,0.013103206702517151,0.06918565054601813,0.013909290647286307,0.024178416282220765,69.22042316088432,1
2016-04-18,0.015071723421370642,0.07660453843755999,0.06061917950860529,0.004781856533549153,0.026503327105817247,0.021730558398791195,-0.012503920825180669,0.013103206702517151,0.06918565054601813,0.018409481645351774,72.93956971027987,1
2016-04-19,0.000954447999832464,0.07531362704200739,0.07428827474693178,0.0005961615885396783,0.023805717996733648,0.02165540369523849,0.004781856533549153,-0.012503920825180669,0.013103206702517151,0.013909290647286307,72.52442577352717,1
2016-04-20,0.015666704505011175,0.09305143949957606,0.07619107198387365,0.01976751709442034,0.023801112621425344,0.02181397754368573,0.0005961615885396783,0.004781856533549153,-0.012503920825180669,0.06918565054601813,78.16245109465085,1
2016-04-21,0.01685393288843362,0.09301252211981259,0.07489629214989213,0.004663389815935712,0.021681921310104095,0.021070679428575503,0.01976751709442034,0.0005961615885396783,0.004781856533549153,0.013103206702517151,78.61799503044796,0
2016-04-22,0.008704869115361724,0.08496236054345685,0.07559940847214652,-0.002620452524343238,0.022156055455670797,0.021026135664345542,0.004663389815935712,0.01976751709442034,0.0005961615885396783,-0.012503920825180669,77.56161702841817,0
2016-04-25,-0.0011726408471672833,0.07167014095316926,0.07292830050442256,-0.006728086669752761,0.0228794030359289,0.020053509183351276,-0.002620452524343238,0.004663389815935712,0.01976751709442034,0.004781856533549153,82.94037176433142,1
2016-04-26,0.012632426268283536,0.08647448515405975,0.07292089110546884,0.02091270411782957,0.02310431473146738,0.019962340996922262,-0.006728086669752761,-0.002620452524343238,0.004663389815935712,0.0005961615885396783,83.24251508209399,1
2016-04-27,0.013274606882523132,0.08394699977836018,0.06974653506147788,0.004874596625932024,0.010839938928096683,0.01995851668903307,0.02091270411782957,-0.006728086669752761,-0.002620452524343238,0.01976751709442034,89.45869540362551,0
2016-04-28,0.008092450268695872,0.07334632482909664,0.06473004985109054,-0.0022910042023476197,0.010602040788717964,0.019638120810211965,0.004874596625932024,0.02091270411782957,-0.006728086669752761,0.004663389815935712,87.14731997862813,0
2016-04-29,-0.00867052023121384,0.04856090561420534,0.05773199225223036,-0.016768209871661433,0.011360069265619298,0.020322787659851578,-0.0022910042023476197,0.004874596625932024,0.02091270411782957,-0.002620452524343238,78.125,0
2016-05-03,-0.04148242279459269,0.0028457097137200016,0.046246551510878975,-0.040154093223378,0.017617445971485568,0.02286067104835276,-0.016768209871661433,-0.0022910042023476197,0.004874596625932024,-0.006728086669752761,62.43170025406297,0
2016-05-04,-0.04204506358284721,-0.015901876728459996,0.027290622826336097,-0.014058930053335824,0.018003618082136685,0.022266154722080128,-0.040154093223378,-0.016768209871661433,-0.0022910042023476197,0.02091270411782957,42.16215116483671,0
2016-05-05,-0.03512979255510851,-0.02834375932818367,0.0070331047373668465,-0.009276504545369785,0.016124155375703643,0.02220255831603136,-0.014058930053335824,-0.040154093223378,-0.016768209871661433,0.004874596625932024,35.12014391208231,1
2016-05-06,-0.014178779264924057,-0.026383789067501606,-0.01238055090098078,0.006502596448472954,0.016270956956359026,0.021691543935394613,-0.009276504545369785,-0.014058930053335824,-0.040154093223378,-0.0022910042023476197,40.576934814453125,0
2016-05-09,-0.020220141341375952,-0.049931805831348375,-0.030324836979859326,-0.022157268355522716,0.016982663442682476,0.021988036345038136,0.006502596448472954,-0.009276504545369785,-0.014058930053335824,-0.016768209871661433,33.91304347826086,1
2016-05-10,0.011583994837400358,-0.02371946586451945,-0.034899188680416415,0.03014995178760341,0.02083583386923496,0.022583580041523735,-0.022157268355522716,0.006502596448472954,-0.009276504545369785,-0.040154093223378,43.28358208955223,1
2016-05-11,0.012000528800194976,-0.024244733849823286,-0.03581545821224996,0.0018354428117339527,0.01907749314867865,0.022440187670499472,0.03014995178760341,-0.022157268355522716,0.006502596448472954,-0.014058930053335824,37.6026522721305,0
2016-05-12,0.004998788261573184,-0.027572474965843474,-0.03240925621786839,-0.004594892274585525,0.018701642092021218,0.016054993731316504,0.0018354428117339527,0.03014995178760341,-0.022157268355522716,-0.009276504545369785,35.032914302349795,1
2016-05-13,0.016225200553056318,-0.011567048723205797,-0.02734851414936057,0.015234907138892011,0.019978079244125414,0.0161616564307238,-0.004594892274585525,0.0018354428117339527,0.03014995178760341,0.006502596448472954,40.523895865974744,0
2016-05-16,-0.00134378369606436,-0.021631811323263306,-0.02031532703244532,-0.011251486003197142,0.019701343542521427,0.01611747613259429,0.015234907138892011,-0.004594892274585525,0.0018354428117339527,-0.022157268355522716,39.668173365492606,1
2016-05-17,0.002074286683511506,-0.016128309449384037,-0.018164916887688287,0.0045766670274118935,0.01538093039603292,0.016113647383230872,-0.011251486003197142,0.015234907138892011,-0.004594892274585525,0.03014995178760341,33.99342210950762,1
2016-05-18,0.031040071627582266,0.019916467713784636,-0.010788721233926601,0.03675892121174119,0.018425130443976662,0.018200621927984814,0.0045766670274118935,-0.011251486003197142,0.015234907138892011,0.0018354428117339527,43.820215568841746,1
2016-05-19,0.02289753129016714,0.02156568672002246,-0.0013020312684349777,0.001466061009974786,0.017817818902647872,0.01764679404621849,0.03675892121174119,0.0045766670274118935,-0.011251486003197142,-0.004594892274585525,44.71086218800199,1
2016-05-20,0.040963756432980114,0.05146721546636357,0.010090129429073613,0.03001675404220251,0.019394983025837143,0.018878160222842905,0.001466061009974786,0.03675892121174119,0.0045766670274118935,0.015234907138892011,55.76159283035554,0
2016-05-23,0.025266959360226826,0.04925275399375284,0.02339468215038676,-0.0008534158047262727,0.016667846977356477,0.01886385587127825,0.03001675404220251,0.001466061009974786,0.03675892121174119,-0.011251486003197142,67.57621669706174,1
2016-05-24,0.03775742027156026,0.07972973655989679,0.04044520951471808,0.03192652621040062,0.016910233962282223,0.019956346252850067,-0.0008534158047262727,0.03001675404220251,0.001466061009974786,0.0045766670274118935,77.42399209281929,1
2016-05-25,0.04430202907839509,0.10175272301211913,0.05501348492487823,0.023697179563556218,0.01707628835407827,0.02009606740804909,0.03192652621040062,-0.0008534158047262727,0.03001675404220251,0.03675892121174119,83.15504912386493,0
2016-05-26,0.022689557563684737,0.09287680525903985,0.06863006195404942,-0.005127507876443968,0.017136940474863735,0.020178625653912968,0.023697179563556218,0.03192652621040062,-0.0008534158047262727,0.001466061009974786,80.5629792656561,1
2016-05-27,0.018766749541280436,0.09732738377394035,0.07711346514600459,0.007547172731865138,0.017180202963032513,0.02016837273418792,-0.005127507876443968,0.023697179563556218,0.03192652621040062,0.03001675404220251,89.47365679339049,0
2016-05-31,-0.00928794571063496,0.07149147851127458,0.08153673297116826,-0.020619304275315907,0.018763786319996704,0.020386987958018684,0.007547172731865138,-0.005127507876443968,0.023697179563556218,-0.0008534158047262727,78.00583413393457,0
2016-06-01,-0.02105321107198732,0.05240071109758815,0.07503362082632781,-0.013523026611855263,0.020259058996039674,0.018162887646768277,-0.020619304275315907,0.007547172731865138,-0.005127507876443968,0.03192652621040062,72.55170201723212,1
2016-06-02,-0.012859114041043451,0.04952364015537691,0.06319539093532622,0.0024975562291690207,0.01781709617767981,0.01764665905940663,-0.013523026611855263,-0.020619304275315907,0.007547172731865138,0.023697179563556218,74.40887598577264,0
2016-06-03,-0.011391158245234512,0.03950582156941573,0.05148343577861292,-0.004166094210242135,0.018053356840449553,0.017461421533556516,0.0024975562291690207,-0.013523026611855263,-0.020619304275315907,-0.005127507876443968,70.90640743986162,1
2016-06-06,-0.0022160157977247907,0.03668104782636883,0.038983451568619376,0.0025018064864568623,0.015796238250758605,0.017472194354868867,-0.004166094210242135,0.0024975562291690207,-0.013523026611855263,0.007547172731865138,75.30487322651562,1
2016-06-07,0.0009996214410232795,0.03107526690399287,0.030045611225779645,0.0008324900935561334,0.015766767412425678,0.01628705939734818,0.0025018064864568623,-0.004166094210242135,0.0024975562291690207,-0.020619304275315907,74.84471107825571,0
2016-06-08,-0.009126809190612706,0.014212090319428272,0.023553871198167098,-0.012280349301379619,0.012469711592883424,0.01579276890126237,0.0008324900935561334,0.0025018064864568623,-0.004166094210242135,-0.013523026611855263,63.53983189954804,0
2016-06-09,-0.015490426965865667,-0.0007236811643503982,0.014999088079972633,-0.011296363928008982,0.008898087215007204,0.016170138245824653,-0.012280349301379619,0.0008324900935561334,0.0025018064864568623,0.0024975562291690207,59.0000106811469,0
2016-06-10,-0.04169263604301876,-0.04025384511458896,0.0015013877410781085,-0.03850531674791489,0.013741701840227953,0.01866710567468322,-0.011296363928008982,-0.012280349301379619,0.0008324900935561334,-0.004166094210242135,39.745612554024355,0
2016-06-13,-0.049660518721563185,-0.06427946621808078,-0.015382868737444877,-0.02540863130836307,0.013358448128943627,0.019347143844937527,-0.03850531674791489,-0.011296363928008982,-0.012280349301379619,0.0025018064864568623,35.16174100407548,0
2016-06-14,-0.057087288633992817,-0.09228825263184326,-0.03733215553627911,-0.0313678293959922,0.014511952912335984,0.02045097364772686,-0.02540863130836307,-0.03850531674791489,-0.011296363928008982,0.0008324900935561334,19.456376668152515,1
2016-06-15,-0.03228716498209894,-0.08632900318621839,-0.05584491209431952,0.005607453300511399,0.015661260743775458,0.020467235681683918,-0.0313678293959922,-0.02540863130836307,-0.03850531674791489,-0.012280349301379619,10.634896722168392,0
2016-06-16,-0.026472560796167444,-0.09718760340287724,-0.07263795529434869,-0.015339145466575761,0.014931882110639642,0.018640462282503257,0.005607453300511399,-0.0313678293959922,-0.02540863130836307,-0.011296363928008982,10.151492102185912,1
2016-06-17,0.022643146892544985,-0.05457241202911067,-0.07550586845106888,0.044726035748636525,0.023608405009269175,0.021545232362515657,-0.015339145466575761,0.005607453300511399,-0.0313678293959922,-0.03850531674791489,23.680821406141973,1
2016-06-20,0.07559910467417863,0.008453717675955819,-0.06242603466889507,0.06482132109790406,0.03304390978681523,0.02529965011934886,0.044726035748636525,-0.015339145466575761,0.005607453300511399,-0.02540863130836307,43.987011346721374,1
2016-06-21,0.07045349087996611,0.027050153115561804,-0.040546682442713755,0.01959749102828634,0.03373688922117775,0.02566197082032594,0.06482132109790406,0.044726035748636525,-0.015339145466575761,-0.0313678293959922,50.42373853933936,1
2016-06-22,0.05391161866334815,0.03626943275275574,-0.016739720483362253,0.009107245884633061,0.033545356831444835,0.024718848928664206,0.01959749102828634,0.06482132109790406,0.044726035748636525,0.005607453300511399,51.65289907570817,1
2016-06-23,0.04804347476856852,0.06409014512898437,0.01531107320138525,0.026834498022402075,0.034005505123500125,0.024885436642970042,0.009107245884633061,0.01959749102828634,0.06482132109790406,-0.015339145466575761,56.93916760680357,0
2016-06-24,-0.1256179003306409,-0.11625372626014396,0.010709475953405212,-0.19453818391333563,0.07165493371037619,0.050217096411493356,0.026834498022402075,0.009107245884633061,0.01959749102828634,0.044726035748636525,34.62440267738077,0
2016-06-27,-0.23410405898859732,-0.25698765885764774,-0.02987821013756986,-0.190542374271647,0.09187824666599595,0.06430862023964354,-0.19453818391333563,0.026834498022402075,0.009107245884633061,0.06482132109790406,26.263977496457713,1
2016-06-28,-0.15872303720875924,-0.22027868013708773,-0.07316929578589115,0.0332462247036044,0.09372088868452443,0.06535895171924033,-0.190542374271647,-0.19453818391333563,0.026834498022402075,0.01959749102828634,29.556430920032014,1
2016-06-29,-0.06474576405144683,-0.17172021867205334,-0.1143800803127194,0.04788442692327326,0.09591460120007574,0.06692288708925773,0.0332462247036044,-0.190542374271647,-0.19453818391333563,0.009107245884633061,33.89686811709876,1
2016-06-30,0.00558664536775999,-0.1572418446302426,-0.16192387871107172,0.004700852251618754,0.09612560554815744,0.0669520495801977,0.04788442692327326,0.0332462247036044,-0.190542374271647,0.026834498022402075,36.28673591231807,1
2016-07-01,0.036653091447611974,-0.13834223281056468,-0.1688079895790483,0.010050291816593036,0.09440521472703992,0.0671280122245165,0.004700852251618754,0.04788442692327326,0.0332462247036044,-0.19453818391333563,38.510736361818914,0
2016-07-04,-0.0027022945197677783,-0.14815968152365688,-0.1458515207691634,-0.02495155234057684,0.08993487911678127,0.06708645952768356,0.010050291816593036,0.004700852251618754,0.04788442692327326,-0.190542374271647,39.10018429448616,0
2016-07-05,-0.01407936935566556,-0.14062496304874006,-0.12835271903213186,-0.005139489468026932,0.08887960131225704,0.06703097826211031,-0.02495155234057684,0.010050291816593036,0.004700852251618754,0.0332462247036044,38.336434488666725,0
2016-07-06,-0.035743117769887145,-0.15478945797731591,-0.12345915533638807,-0.03140454122006657,0.08790123706448949,0.06713937618925273,-0.005139489468026932,-0.02495155234057684,0.010050291816593036,0.04788442692327326,37.7229059877243,1
2016-07-07,-0.007439603755235669,-0.12326360475253773,-0.11669214431233466,0.02327437020847254,0.08764156128516538,0.06768514717671474,-0.03140454122006657,-0.005139489468026932,-0.02495155234057684,0.004700852251618754,35.26616140547935,1
2016-07-08,0.026841673720710668,-0.08501026694045177,-0.10892812740631419,0.03284966901828679,0.06838057440797118,0.06816922501566747,0.02327437020847254,-0.03140454122006657,-0.005139489468026932,0.010050291816593036,30.933060965512965,1
2016-07-11,0.05837818596920896,-0.03835982872695509,-0.09140212447554974,0.04321764431461318,0.02760197763172991,0.06906348288137519,0.03284966901828679,0.02327437020847254,-0.03140454122006657,-0.02495155234057684,32.74073471257718,1
2016-07-12,0.061678137476762096,-0.013775913349325708,-0.07107055157546682,0.021433099330250407,0.026900811016595628,0.06906673773350877,0.04321764431461318,0.03284966901828679,0.02327437020847254,-0.005139489468026932,33.72263163952137,0
2016-07-13,0.017460244600709496,-0.031585232441489475,-0.04820382644183441,-0.023498420497914393,0.0258265877873923,0.06916624467010687,0.021433099330250407,0.04321764431461318,0.03284966901828679,-0.03140454122006657,29.333340969006045,1
2016-07-14,0.018862724618859517,-0.008757098295497423,-0.027108483063495226,0.019789071809772418,0.02624112610618264,0.069340583220121,-0.023498420497914393,0.021433099330250407,0.04321764431461318,0.02327437020847254,45.85091885372381,1
2016-07-15,0.0164891213335574,0.008686300155575699,-0.0076762466161418574,0.012088817691218912,0.026279126086465467,0.0685269719934148,0.019789071809772418,-0.023498420497914393,0.021433099330250407,0.03284966901828679,74.45887460185139,1
2016-07-18,0.016635203978498936,0.025371034145861282,0.008592885759981295,0.007647544480502661,0.0238137326686782,0.06662452903913624,0.012088817691218912,0.019789071809772418,-0.023498420497914393,0.04321764431461318,72.59000646859188,0
2016-07-19,0.010413126613936008,0.0321340564376813,0.021497078028405836,-0.00365026500198372,0.023712799667574534,0.06632132048810407,0.007647544480502661,0.012088817691218912,0.019789071809772418,0.021433099330250407,66.7563847645444,1
2016-07-20,0.00619916538226839,0.04706411117344289,0.04061317798415143,0.003650265001983697,0.01900737543845985,0.06625374972209715,-0.00365026500198372,0.007647544480502661,0.012088817691218912,-0.023498420497914393,66.66665293856249,1
2016-07-21,0.007294409618719966,0.06661981715264242,0.05889579746241069,0.006273733484746724,0.01881319772116276,0.0658207910817395,0.003650265001983697,-0.00365026500198372,0.007647544480502661,0.019789071809772418,66.25681955192532,0
2016-07-22,0.003968294415515272,0.06670416792713008,0.062487903114647914,-0.0006584843552476173,0.017629974524140283,0.049532723527425,0.006273733484746724,0.003650265001983697,-0.00365026500198372,0.012088817691218912,72.93233082706766,0
2016-07-25,-0.0013887809138570795,0.05228314194021255,0.05374656505780728,-0.005284048250411417,0.013162785736666223,0.02161425488570336,-0.0006584843552476173,0.006273733484746724,0.003650265001983697,0.007647544480502661,72.71362987080131,0
2016-07-26,-0.012787376895954883,0.03205250416442684,0.045420692575216304,-0.013333530869465144,0.012559366233706485,0.0213236518859212,-0.005284048250411417,-0.0006584843552476173,0.006273733484746724,-0.00365026500198372,77.84913242868046,1
2016-07-27,-0.0062379679703749025,0.03302578252996469,0.03951021394945897,0.005020931050099664,0.009393173412404992,0.01893927426873374,-0.013333530869465144,-0.005284048250411417,-0.0006584843552476173,0.003650265001983697,76.04167770456853,0
2016-07-28,-0.02078738451750517,0.007859933664065899,0.029255462734674165,-0.021941808538436757,0.010397897183682983,0.01981194703370372,0.005020931050099664,-0.013333530869465144,-0.005284048250411417,0.006273733484746724,63.15790056692935,1
2016-07-29,0.029235498292236928,0.057945738530222224,0.027894724079788213,0.053492259867090615,0.02000349506911857,0.02280696082124802,-0.021941808538436757,0.005020931050099664,-0.013333530869465144,-0.0006584843552476173,65.53482190737475,0
2016-08-01,0.007720943234481137,0.03114194906160961,0.023241559068876816,-0.020592387634706586,0.021248219181435324,0.022525315311450345,0.053492259867090615,-0.021941808538436757,0.005020931050099664,-0.005284048250411417,54.83869463507138,0
2016-08-02,-0.024325042799353547,-0.009060977315425545,0.01564462157327773,-0.03631867898116953,0.024225398586084218,0.024285915728617245,-0.020592387634706586,0.053492259867090615,-0.021941808538436757,-0.013333530869465144,51.43311157870183,1
2016-08-03,-0.007030444916251599,0.0008942818764632321,0.007980835617912074,0.015630648013822284,0.02487661307004534,0.02295860308927882,-0.03631867898116953,-0.020592387634706586,0.053492259867090615,0.005020931050099664,50.48701789291006,1
2016-08-04,-0.006474403345909541,-0.00015109401615165385,0.00636451577196695,0.0037018587440975728,0.024797368117086643,0.022595755109781495,0.015630648013822284,-0.03631867898116953,-0.020592387634706586,-0.021941808538436757,48.3925603212659,1
2016-08-05,0.01801620372816437,0.016654405425250207,-0.0013376980621006007,0.020941392380019973,0.025848406648422178,0.02197085908392561,0.0037018587440975728,0.015630648013822284,-0.03631867898116953,0.053492259867090615,51.66403003200235,1
2016-08-08,0.04577764439699927,0.048564346522434354,0.002664717629379032,0.03490977635992517,0.027952129667891262,0.02126513818001588,0.020941392380019973,0.0037018587440975728,0.015630648013822284,-0.020592387634706586,59.61538622768297,1
2016-08-09,0.04982088536790741,0.06937325198774347,0.018624478606161565,0.023855513934826135,0.027841110882949122,0.02137647520361634,0.03490977635992517,0.020941392380019973,0.0037018587440975728,-0.03631867898116953,62.92560098087283,1
2016-08-10,0.045138212501089736,0.07929913422914536,0.0326855542352682,0.0153896545936801,0.027916194207748806,0.020485376164258592,0.023855513934826135,0.03490977635992517,0.020941392380019973,0.015630648013822284,64.32039311384132,0
2016-08-11,0.02344682150742572,0.07094827946654281,0.04641321557787692,-0.002752697578167343,0.026164669245665302,0.02030790213230374,0.0153896545936801,0.023855513934826135,0.03490977635992517,0.0037018587440975728,63.77857533966869,1
2016-08-12,0.00995115640667521,0.06717170337342315,0.056656746817671744,0.0009183769161445269,0.021506152157053305,0.02025342196150112,-0.002752697578167343,0.0153896545936801,0.023855513934826135,0.020941392380019973,65.15891900603711,1
2016-08-15,0.0032511648188293663,0.06377445892869038,0.06032716056780307,0.0009176275711869321,0.01958913633622046,0.020251571024939883,0.0009183769161445269,-0.002752697578167343,0.0153896545936801,0.03490977635992517,68.62996403927663,0
2016-08-16,-0.008459503399886104,0.04819765605321247,0.0571405400458882,-0.011066839262861975,0.014155548079149038,0.020465960758785044,0.0009176275711869321,0.0009183769161445269,-0.002752697578167343,0.023855513934826135,64.96259123879278,0
2016-08-17,-0.013976137778918929,0.03474451109739296,0.04941122699258571,-0.009941095437086904,0.015335049661926108,0.02068994432192447,-0.011066839262861975,0.0009176275711869321,0.0009183769161445269,0.0153896545936801,67.75031152524346,1
2016-08-18,-0.007720834313279301,0.03504925484247323,0.043102879345605194,0.0031172096253159766,0.015353036624050962,0.020675355144828107,-0.009941095437086904,-0.011066839262861975,0.0009176275711869321,-0.002752697578167343,59.870532422941906,0
2016-08-19,-0.005827970052017628,0.0302787367411832,0.03631836916100939,-0.001869083366367613,0.01484137867000088,0.020687782476716793,0.0031172096253159766,-0.009941095437086904,-0.011066839262861975,0.0009183769161445269,65.95368289121811,0
2016-08-22,-0.003362577619670959,0.02537000241907883,0.02882952154267504,-0.001872678719471887,0.010673601472026454,0.020632133590595486,-0.001869083366367613,0.0031172096253159766,-0.009941095437086904,0.0009176275711869321,80.61003250554668,1
2016-08-23,0.021345280963861457,0.04927651191259885,0.027347491068229424,0.028032039840466115,0.011673098444236642,0.020988337848043884,-0.001872678719471887,-0.001869083366367613,0.0031172096253159766,-0.011066839262861975,82.34127981292238,1
2016-08-24,0.025301653217064457,0.05605226816878184,0.029991773499274066,0.01177725763919615,0.011264439596182558,0.021043355908675513,0.028032039840466115,-0.001872678719471887,-0.001869083366367613,-0.009941095437086904,83.2706824065528,0
2016-08-25,0.00717000358924702,0.03623843221511769,0.028861491627311775,-0.013297245715531699,0.012186098966804821,0.020536687174278426,0.01177725763919615,0.028032039840466115,-0.001872678719471887,0.0031172096253159766,74.07409170028757,1
2016-08-26,0.010285413548927647,0.04287733626511692,0.03226011410151952,0.009989451109013243,0.012539018505637683,0.017255452040648194,-0.013297245715531699,0.01177725763919615,0.028032039840466115,-0.001869083366367613,69.63472260349852,1
2016-08-30,0.01817848692074797,0.056774659251757065,0.03790707899136092,0.01879807078672322,0.01365911510875178,0.016587056626553437,0.009989451109013243,-0.013297245715531699,0.01177725763919615,-0.001872678719471887,68.70588860429731,1
2016-08-31,0.027376830328873503,0.06738962044926411,0.0389465568418379,0.018161050750501468,0.01335107622528852,0.013545029095409415,0.01879807078672322,0.009989451109013243,-0.013297245715531699,0.028032039840466115,69.56523257267482,0
2016-09-01,0.017135079040364154,0.05544876137357724,0.037668234163510395,-0.004072122799989616,0.012669945495610882,0.01369692570007493,0.018161050750501468,0.01879807078672322,0.009989451109013243,0.01177725763919615,68.77829522662073,1
2016-09-02,0.021388825383872323,0.06403762416285375,0.041755693541049466,0.015903182940847374,0.012891646677058324,0.013800412839837526,-0.004072122799989616,0.018161050750501468,0.01879807078672322,-0.013297245715531699,72.06479858704832,0
2016-09-05,0.006682161533991815,0.05081199205653575,0.04383690524057604,-0.0060423319646131035,0.013312864742596409,0.013776498423432785,0.015903182940847374,-0.004072122799989616,0.018161050750501468,0.009989451109013243,68.94531331490754,0
2016-09-06,-0.0145752491331127,0.025455076354662376,0.0406224071929997,-0.020703483813083845,0.0159030804707548,0.013355610404904933,-0.0060423319646131035,0.015903182940847374,-0.004072122799989616,0.01879807078672322,64.5338201269911,1
2016-09-07,-0.011414597888210531,0.023114244305127096,0.0349275258562165,0.00029461218187670047,0.013897678165416354,0.012501781564209743,-0.020703483813083845,-0.0060423319646131035,0.015903182940847374,0.018161050750501468,68.60467179393764,1
2016-09-08,0.0067426038288136425,0.04092792108545695,0.03395636295377846,0.020120212069680277,0.01470472746663529,0.012798048549587646,0.00029461218187670047,-0.020703483813083845,-0.0060423319646131035,-0.004072122799989616,71.82610384792366,1
2016-09-09,0.015221061054339957,0.0466265375395889,0.030934618764344224,0.00890940260543374,0.013438849250434337,0.012796428566968578,0.020120212069680277,0.00029461218187670047,-0.020703483813083845,0.015903182940847374,73.99998982747397,0
2016-09-12,-0.008396969753430072,0.016452740963638357,0.025060139954281357,-0.02726385171447705,0.016955266635306953,0.014520098599324944,0.00890940260543374,0.020120212069680277,0.00029461218187670047,-0.0060423319646131035,64.53488629982283,1
2016-09-13,-0.00623286019443714,0.01759621429854663,0.023978529313865238,0.003229141434897799,0.01596944073022343,0.014520274779527961,-0.02726385171447705,0.00890940260543374,0.020120212069680277,-0.020703483813083845,59.86842303394981,0
2016-09-14,-0.008615664009320678,0.013223079377813196,0.02202853383325909,-0.0017600652458046092,0.014767851318705564,0.014221821680679382,0.003229141434897799,-0.02726385171447705,0.00890940260543374,0.00029461218187670047,56.52173913043478,0
2016-09-15,-0.009003755960152127,0.005666135289567942,0.014803175428715454,-0.004708678768030639,0.014783265192455186,0.014026233668825662,-0.0017600652458046092,0.003229141434897799,-0.02726385171447705,0.020120212069680277,59.414977599991076,0
2016-09-16,-0.025616783032046175,-0.023985566554228455,0.0016741015746286614,-0.02872730816610186,0.015750678981225,0.015700317473401528,-0.004708678768030639,-0.0017600652458046092,0.003229141434897799,0.00890940260543374,47.8688485223246,1
2016-09-19,-0.008431309882501958,-0.012301875177285315,-0.003903476716600074,0.013868193762352033,0.01691325822622716,0.015928735437260994,-0.02872730816610186,-0.004708678768030639,-0.0017600652458046092,-0.02726385171447705,46.374380900231785,0
2016-09-20,-0.006802329766442239,-0.017414426218483436,-0.010684777834351733,-0.003298866730102921,0.015826758023648576,0.01595031236917851,0.013868193762352033,-0.02872730816610186,-0.004708678768030639,0.003229141434897799,39.29889579381394,1
2016-09-21,0.022341412591692755,0.010898411382982864,-0.011192935224741851,0.030471276935481937,0.018881006711882156,0.01616799774986428,-0.003298866730102921,0.013868193762352033,-0.02872730816610186,-0.0017600652458046092,50.07924405476133,1
2016-09-22,0.027344430721178536,0.018329319489589047,-0.008775159490825302,0.009280755886351574,0.017955162077969614,0.016098697699348886,0.030471276935481937,-0.003298866730102921,0.013868193762352033,-0.004708678768030639,48.190780887980495,0
2016-09-23,0.008650592171760785,0.0056619476629578,-0.0029630126943841484,-0.010447007954583169,0.017931307396890576,0.015968639076091192,0.009280755886351574,0.030471276935481937,-0.003298866730102921,-0.02872730816610186,47.03049012269722,0
2016-09-26,-0.012048156899702511,-0.014307458935669648,-0.0022868544167874427,-0.019440893830495642,0.01684102734128577,0.016548835958167012,-0.010447007954583169,0.009280755886351574,0.030471276935481937,0.013868193762352033,47.411018817686156,0
2016-09-27,-0.024110573665144464,-0.026000723964073158,-0.0019368488354541968,-0.012872556947045864,0.017142504292615542,0.0162309213397987,-0.019440893830495642,-0.010447007954583169,0.009280755886351574,-0.003298866730102921,44.24242228078101,1
2016-09-28,-0.016868859996947982,-0.02335765331008577,-0.006600129981761738,0.000903533588917532,0.017180479683620725,0.015607950300712789,-0.012872556947045864,-0.019440893830495642,-0.010447007954583169,0.030471276935481937,38.04716451374086,1
2016-09-29,-0.0028014434375966957,-0.015071220707612243,-0.012304246921809203,0.007198572868729493,0.017421117396558623,0.015725300907415755,0.000903533588917532,-0.012872556947045864,-0.019440893830495642,0.009280755886351574,37.3083619662872,1
2016-09-30,0.004489673668354399,-0.010233860573613196,-0.014657725836242586,0.002984185985973504,0.014519721935755802,0.015241316759325413,0.007198572868729493,0.000903533588917532,-0.012872556947045864,-0.010447007954583169,45.52684330846628,1
2016-10-03,0.006763606388236809,-0.00639465689952734,-0.01306986387297937,0.002380917175240177,0.01390598686363215,0.015237214002518144,0.002984185985973504,0.007198572868729493,0.000903533588917532,-0.019440893830495642,45.19998461915001,1
2016-10-04,0.009062172255124068,-5.9084310028989506e-05,-0.009039340504429227,0.006223182397162475,0.013926518888267875,0.01462653829638514,0.002380917175240177,0.002984185985973504,0.007198572868729493,-0.012872556947045864,47.96116033096441,1
2016-10-05,0.02041418312569343,0.018034750035260005,-0.002331830672075541,0.018730409893986288,0.011514475166041423,0.01522363036111785,0.006223182397162475,0.002380917175240177,0.002984185985973504,0.000903533588917532,55.23977973145624,1
2016-10-06,0.02265391527776517,0.028342108159458146,0.005562187556039433,0.010383727954262628,0.011612856802133677,0.014720274480725038,0.018730409893986288,0.006223182397162475,0.002380917175240177,0.007198572868729493,68.98608265467644,0
2016-10-07,0.011949904421542534,0.024853917971744854,0.012751632757531217,-0.0037372122558839934,0.011085224078702023,0.014602233600300898,0.010383727954262628,0.018730409893986288,0.006223182397162475,0.002984185985973504,64.04256617769282,0
2016-10-10,-0.0004060925245088498,0.01650419386805746,0.016917156323285276,-0.007516676138980402,0.0090667716260447,0.013294246317729269,-0.0037372122558839934,0.010383727954262628,0.018730409893986288,0.002380917175240177,62.061868254671396,1
2016-10-11,-0.00346824337292273,0.016554349904958077,0.0200922781885553,0.0005801615806003522,0.007378617500888349,0.013280462663959497,-0.007516676138980402,-0.0037372122558839934,0.010383727954262628,0.006223182397162475,52.083303530982526,0
2016-10-12,-0.021777021206491276,-0.006194708269957605,0.015929203539822856,-0.02317837109050571,0.011314077460618008,0.014298923140765654,0.0005801615806003522,-0.007516676138980402,-0.0037372122558839934,0.018730409893986288,38.979112086667136,0
2016-10-13,-0.024318781130969858,-0.016829052258635957,0.007676409802184869,-0.011643642315365032,0.011800516278822368,0.014488013377220017,-0.02317837109050571,0.0005801615806003522,-0.007516676138980402,0.010383727954262628,38.70968195593933,1
2016-10-14,0.001117888565661529,0.0031098117852690343,0.001989698957893138,0.021685055655033775,0.013733824905232542,0.013757458559434122,-0.011643642315365032,-0.02317837109050571,0.0005801615806003522,-0.0037372122558839934,54.64850097019656,0
2016-10-17,0.0008264299343705428,-0.0011781852621042255,-0.002002959890463951,-0.0035324785047234153,0.0138135300190608,0.013490241186222189,0.021685055655033775,-0.011643642315365032,-0.02317837109050571,-0.007516676138980402,58.780515762724725,1
2016-10-18,0.02515761062518762,0.022762339092379902,-0.002336491001951435,0.025907412643720207,0.01591494712141476,0.014565907014765126,-0.0035324785047234153,0.021685055655033775,-0.011643642315365032,0.0005801615806003522,65.92743448861434,1
2016-10-19,0.03428169187447949,0.04097287175908537,0.006469397976560209,0.019351736255562642,0.015985247543385987,0.013611687587153651,0.025907412643720207,-0.0035324785047234153,0.021685055655033775,-0.02317837109050571,68.70371846017082,1
2016-10-20,0.04724323234215366,0.07130845376151917,0.02297959125077731,0.03162544954470147,0.018338643176567283,0.015105034930496905,0.019351736255562642,0.025907412643720207,-0.0035324785047234153,-0.011643642315365032,73.7577934820261,1
2016-10-21,0.03240347674410926,0.06820598408330425,0.03467879384918904,0.0005459505671699312,0.01816226384989076,0.014795252506696503,0.03162544954470147,0.019351736255562642,0.025907412643720207,0.021685055655033775,73.51099877738214,1
2016-10-24,0.018086998565196355,0.06517291014255022,0.04624939876819223,0.0016362319126619485,0.017663771447821334,0.013805564878255579,0.0005459505671699312,0.03162544954470147,0.019351736255562642,-0.0035324785047234153,72.87322111211476,1
2016-10-25,0.008343386645790485,0.06086854417947496,0.05209054596808249,0.0010893081137286857,0.017646184736339814,0.013228025359943114,0.0016362319126619485,0.0005459505671699312,0.03162544954470147,0.025907412643720207,69.98226400612305,0
2016-10-26,-0.006882975824279991,0.04515797160432733,0.052401626557354586,-0.010396777078628603,0.015615937621545083,0.013650438734369297,0.0010893081137286857,0.0016362319126619485,0.0005459505671699312,0.019351736255562642,63.3628589129567,1
2016-10-27,0.03229652449368037,0.08791868020907256,0.05388195580981314,0.04674499603703074,0.018295945797135393,0.01660415657354524,-0.010396777078628603,0.0010893081137286857,0.0016362319126619485,0.03162544954470147,73.27825590574682,1
2016-10-28,0.027610670522958847,0.08520537524691063,0.056047203844858284,0.004190697832184406,0.018259052226567304,0.016592924776731105,0.04674499603703074,-0.010396777078628603,0.0010893081137286857,0.0005459505671699312,76.5363445182948,0
2016-10-31,0.014825094992308108,0.07280775271559192,0.05713561677711887,-0.005241102060274043,0.018424841418553356,0.01678027569069812,0.004190697832184406,0.04674499603703074,-0.010396777078628603,0.0016362319126619485,74.38695576069706,0
2016-11-01,-0.0075483960410727136,0.04736124577014422,0.055327273987144654,-0.019098756136772845,0.019959719272152586,0.017705997010027476,-0.005241102060274043,0.004190697832184406,0.04674499603703074,0.0010893081137286857,75.10318054664701,0
2016-11-02,-0.03252377174492971,0.01853278160295302,0.05277292801288547,-0.02522164281715604,0.0217983057909065,0.01860467200439961,-0.019098756136772845,-0.005241102060274043,0.004190697832184406,-0.010396777078628603,69.91038923029612,1
2016-11-03,-0.009779291195374684,0.03352112719089195,0.04372804769811167,0.017694758375858117,0.020116642501791942,0.018833824372979462,-0.02522164281715604,-0.019098756136772845,-0.005241102060274043,0.04674499603703074,69.59898774756067,0
2016-11-04,-0.020470974872597414,0.009308377228686604,0.030401704632908366,-0.021547250375684363,0.021369925624810104,0.019579135562125365,0.017694758375858117,-0.02522164281715604,-0.019098756136772845,0.004190697832184406,64.04762778423043,1
2016-11-07,0.005865716491303186,0.027048743805999864,0.02105949826840492,0.021007406348994118,0.022485785151337267,0.019872036512554866,-0.021547250375684363,0.017694758375858117,-0.02522164281715604,-0.005241102060274043,63.526573342292025,1
2016-11-08,0.010762601045828823,0.027348049437802224,0.01640884652322172,0.004041498225462133,0.022507592724081888,0.019859329494423986,0.021007406348994118,-0.021547250375684363,0.017694758375858117,-0.019098756136772845,61.03226634650103,1
2016-11-09,0.03631672144086129,0.058595914653861714,0.0214984403436278,0.03669408431148848,0.024633487339606467,0.02009248603257765,0.004041498225462133,0.021007406348994118,-0.021547250375684363,-0.02522164281715604,62.24999408721476,1
2016-11-10,0.0623349503619417,0.09321703122656078,0.0290700036312439,0.04163043885839974,0.02372828535031445,0.02103133662578947,0.03669408431148848,0.004041498225462133,0.021007406348994118,0.017694758375858117,68.60708166562559,1
2016-11-11,0.04328266249632029,0.08741055880895776,0.042297162503448726,0.0032269800208028455,0.023735766253982726,0.020870103825277233,0.04163043885839974,0.03669408431148848,0.004041498225462133,-0.021547250375684363,68.83385644702189,1
2016-11-14,0.06790746001890247,0.13124102165458917,0.059306226435168696,0.05097107593389449,0.027339704724831694,0.02269273180794322,0.0032269800208028455,0.04163043885839974,0.03669408431148848,0.021007406348994118,74.31973813006094,0
2016-11-15,0.03877638379578996,0.11782234972657535,0.07609526666552013,-0.0018859466134543248,0.025733009258858325,0.022598231540706955,0.05097107593389449,0.0032269800208028455,0.04163043885839974,0.004041498225462133,76.26526111834403,0
2016-11-16,0.010948749589606566,0.09637769199448565,0.08450373220161644,-0.010913454903785352,0.02371092985178356,0.022939438877747055,-0.0018859466134543248,0.05097107593389449,0.0032269800208028455,0.03669408431148848,68.76228722380533,1
2016-11-17,0.01454804172784252,0.10404607516708131,0.08821468255640008,0.01468172629176881,0.023679183487980995,0.022339226593245415,-0.010913454903785352,-0.0018859466134543248,0.05097107593389449,0.04163043885839974,70.11278314098261,0
2016-11-18,0.0023612750885477762,0.0934662467934051,0.09089035457481054,-0.0021178826670252356,0.021115811679235368,0.0223907053271214,0.01468172629176881,-0.010913454903785352,-0.0018859466134543248,0.0032269800208028455,70.84520973815438,0
2016-11-21,-0.003831391629996128,0.07744454962711855,0.081588538902168,-0.007804196510026425,0.02225134473724143,0.022616077673473105,-0.0021178826670252356,0.01468172629176881,-0.010913454903785352,0.05097107593389449,73.57004435886398,1
2016-11-22,0.0040189269006760675,0.07849363765964101,0.07417660042411978,0.00827525682056481,0.02210486771053938,0.02257616379991515,-0.007804196510026425,-0.0021178826670252356,0.01468172629176881,-0.0018859466134543248,81.69458207333851,1
2016-11-23,0.005182582030350158,0.07496003036835153,0.0694176854885995,0.004698152740007859,0.02060316356242664,0.022204543615041247,0.00827525682056481,-0.007804196510026425,-0.0021178826670252356,-0.010913454903785352,80.7903622013269,1
2016-11-24,0.012452978658275216,0.07876024249647595,0.0654916971315278,0.009794811655268297,0.017395633447736186,0.02026362229763228,0.004698152740007859,0.00827525682056481,-0.007804196510026425,0.01468172629176881,89.01603780271863,1
2016-11-25,0.009604108310765191,0.072512809707026,0.062310266844612494,0.00023205964653114287,0.017491273867989696,0.02030310235705619,0.009794811655268297,0.004698152740007859,0.00827525682056481,-0.0021178826670252356,87.96994896525075,0
2016-11-28,-0.00846945256982734,0.04895793899436307,0.057917924680212396,-0.016846473073304124,0.009852224604026651,0.02079972734109882,0.00023205964653114287,0.009794811655268297,0.004698152740007859,-0.007804196510026425,80.35088445683864,1
2016-11-29,0.0007473520986862603,0.05340789968072546,0.05262122100208799,0.01102912100739072,0.010434308851326709,0.02000990055943321,-0.016846473073304124,0.00023205964653114287,0.009794811655268297,0.00827525682056481,77.98166385222285,1
2016-11-30,0.006243881482187685,0.05299085229710587,0.04645689944078013,0.007903327797041258,0.009697185487311664,0.01852886879645326,0.01102912100739072,-0.016846473073304124,0.00023205964653114287,0.004698152740007859,73.45971701074092,1
2016-12-01,0.01727582916244641,0.05938967242253579,0.041398647301748026,0.014253142916763497,0.009640525439429342,0.018455190238706235,0.007903327797041258,0.01102912100739072,-0.016846473073304124,0.009794811655268297,75.36658020017205,0
2016-12-02,-0.008704968050658235,0.022078219094034957,0.031053506930383223,-0.028242646153336853,0.013804479916902737,0.019076630086745452,0.014253142916763497,0.007903327797041258,0.01102912100739072,0.00023205964653114287,51.09611134955654,1
2016-12-05,0.004633934438173393,0.0327252071480737,0.027961700025203706,0.017917901603507907,0.01449949339920813,0.018978280611195546,-0.028242646153336853,0.014253142916763497,0.007903327797041258,-0.016846473073304124,57.401828565843935,1
2016-12-06,0.03870819972514883,0.06972684582873945,0.029862714198076512,0.04487280535338127,0.019694600105563592,0.02066518874990882,0.017917901603507907,-0.028242646153336853,0.014253142916763497,0.01102912100739072,71.04293729629987,1
2016-12-07,0.057501819917020525,0.0970838867726469,0.037429786039263835,0.035098949466753335,0.02162664400420957,0.02055921670399193,0.04487280535338127,0.017917901603507907,-0.028242646153336853,0.007903327797041258,74.2076522051194,1
2016-12-08,0.05719466850744981,0.10667360840736273,0.04680210880155822,0.017516513469511365,0.02177168463659973,0.019262875805772288,0.035098949466753335,0.04487280535338127,0.017917901603507907,0.014253142916763497,77.04751607341004,0
2016-12-09,0.013037822737807403,0.0715763570953365,0.05778514192029327,-0.024995979705691472,0.024382508869803036,0.02066266555620264,0.017516513469511365,0.035098949466753335,0.04487280535338127,-0.028242646153336853,70.94971590812222,0
2016-12-12,-0.020236813512345075,0.042408703635467004,0.06393944782962246,-0.02409756435179582,0.02528953135345424,0.019052731002503372,-0.024995979705691472,0.017516513469511365,0.035098949466753335,0.017917901603507907,63.21738514314468,1
2016-12-13,-0.012107153173699148,0.049714325072045096,0.06257913339928667,0.01114401569278801,0.02529152788076326,0.019082755442169346,-0.02409756435179582,-0.024995979705691472,0.017516513469511365,0.04487280535338127,64.18289145306522,0
2016-12-14,-0.03712550125253922,0.008825797800776192,0.047723040866790356,-0.036963402377122465,0.028867345082766064,0.02095959731282962,0.01114401569278801,-0.02409756435179582,-0.024995979705691472,0.035098949466753335,54.82388959652558,1
2016-12-15,0.004641159838456144,0.039893928189375316,0.035089910467721364,0.034134506350836195,0.030399217839976126,0.021966319746029986,-0.036963402377122465,0.01114401569278801,-0.02409756435179582,0.017516513469511365,59.56133769434033,0
2016-12-16,0.003298126193862716,0.03028999761119011,0.026903141461775082,-0.005681846919319046,0.028463333882252657,0.022031130411872622,0.034134506350836195,-0.036963402377122465,0.01114401569278801,-0.024995979705691472,61.50034988294042,0
2016-12-19,-0.01878036654106141,0.00015765662719235962,0.019300493510810313,-0.0271006851395335,0.030042470652846303,0.02296033446809468,-0.005681846919319046,0.034134506350836195,-0.036963402377122465,-0.02409756435179582,55.24193688973824,1
2016-12-20,0.008148427252044899,0.021860102274160464,0.013600849489484368,0.02490673948815574,0.027457866462825917,0.02347041515590991,-0.0271006851395335,-0.005681846919319046,0.034134506350836195,0.01114401569278801,57.471262127862424,1
2016-12-21,0.006777881510293682,0.023261015432789023,0.016372165325849952,0.004820369185802382,0.024740920938798608,0.023470765281772395,0.02490673948815574,-0.0271006851395335,-0.005681846919319046,-0.036963402377122465,56.35648529506757,0
2016-12-22,0.0012350116148378554,0.01281636499517691,0.011567067917111595,-0.007679686674228074,0.023723086853505673,0.023548629038814033,0.004820369185802382,0.02490673948815574,-0.0271006851395335,0.034134506350836195,59.76372734377237,0
2016-12-23,-0.004998238840923874,0.0015583123252100872,0.006589486995979055,-0.00907187576060432,0.0227578246467899,0.023689575563268016,-0.007679686674228074,0.004820369185802382,0.02490673948815574,-0.005681846919319046,55.80897691061155,0
2016-12-28,-0.00825169086600741,-0.0021865336448871897,0.006115621438685714,-0.0008894683690687186,0.02158367902448733,0.023281455200073173,-0.00907187576060432,-0.007679686674228074,0.004820369185802382,-0.0271006851395335,48.34437069362319,0
2016-12-29,-0.014231222282984124,-0.014613476763166489,-0.0003877729634200744,-0.01073592894498815,0.021296097989293848,0.023392047489461002,-0.0008894683690687186,-0.00907187576060432,-0.007679686674228074,0.02490673948815574,38.574036394595204,1
2016-12-30,-0.004677073727206271,-0.011381626409594503,-0.00673605772097996,0.004934917315266178,0.017799268043318512,0.023361051261472043,-0.01073592894498815,-0.0008894683690687186,-0.00907187576060432,0.004820369185802382,34.94674783814038,1
2017-01-03,0.028472570303105016,0.023095730440837237,-0.005227985672659141,0.03711855621987633,0.01843456855599701,0.024537259621529535,0.004934917315266178,-0.01073592894498815,-0.0008894683690687186,-0.007679686674228074,48.892977294801646,1
2017-01-04,0.03301244287881122,0.031753870438643306,-0.0012183516750877699,0.013279296202274853,0.01863785301755451,0.02350280316262017,0.03711855621987633,0.004934917315266178,-0.01073592894498815,-0.00907187576060432,57.19806680668391,0
2017-01-05,0.015280519763186229,0.017479393324353998,0.002165779327353512,-0.010480245351035115,0.01624724470805105,0.02353442788119537,0.013279296202274853,0.03711855621987633,0.004934917315266178,-0.0008894683690687186,52.37173084371245,1
2017-01-06,0.01562837818840701,0.0273823027621094,0.011573056470387089,0.011543509672365107,0.014885822435595726,0.021547251353678753,-0.010480245351035115,0.013279296202274853,0.03711855621987633,-0.01073592894498815,64.67392277853443,0
2017-01-09,0.0012834355155415533,0.02232027123160707,0.02100987090157358,-0.005113997680495553,0.015101821269179635,0.020108581380819227,0.011543509672365107,-0.010480245351035115,0.013279296202274853,0.004934917315266178,55.822797034770744,1
2017-01-10,0.006947399074316518,0.03254990589021256,0.025425863197454435,0.009355785588858627,0.014810198049329537,0.019811392008633914,-0.005113997680495553,0.011543509672365107,-0.010480245351035115,0.03711855621987633,60.02476911618289,0
2017-01-11,-0.0011089467774141326,0.023344208778572018,0.024480302909007268,-0.008715128240798033,0.0147756171578204,0.019076131092280558,0.009355785588858627,-0.005113997680495553,0.011543509672365107,0.013279296202274853,66.71252002323868,0
2017-01-12,-0.009172354948805528,0.013782644408144584,0.023167499889210186,-0.008361060439106121,0.015233809119099924,0.018329586498233665,-0.008715128240798033,0.009355785588858627,-0.005113997680495553,-0.010480245351035115,57.03365241485633,1
2017-01-13,0.0036262798634811855,0.025724878057841627,0.022018752037228806,0.012834400771541188,0.014635510681398558,0.018382536169271987,-0.008361060439106121,-0.008715128240798033,0.009355785588858627,0.011543509672365107,59.393070211647476,0
2017-01-16,-0.011590584234043133,0.005580543534908555,0.017372485019929718,-0.017798234774442135,0.01641455861874866,0.01671767472949179,0.012834400771541188,-0.008361060439106121,-0.008715128240798033,-0.005113997680495553,55.54055335837971,1
2017-01-17,-0.0054963746026921445,0.007285010779669809,0.0128520249257571,0.0021612283614871088,0.01137724193900311,0.014921855338490905,-0.017798234774442135,0.012834400771541188,-0.008361060439106121,0.009355785588858627,59.37942941113925,0
2017-01-18,-0.017101388391633443,-0.009993560176758676,0.00723149685117952,-0.01742204298350627,0.011498585005206013,0.015399719441662811,0.0021612283614871088,-0.017798234774442135,0.012834400771541188,-0.008715128240798033,53.63058384643072,1
2017-01-19,-0.010703302747210097,-0.008296761884930337,0.002432577475455666,0.0030708378340360194,0.011342662532612935,0.014034965249259759,-0.01742204298350627,0.0021612283614871088,-0.017798234774442135,-0.008361060439106121,57.92277137197137,0
2017-01-20,-0.007853442981267889,-0.012152637219994933,-0.00433322497398525,-0.003950012427066577,0.010323082660835012,0.012929661025793678,0.0030708378340360194,-0.01742204298350627,0.0021612283614871088,0.012834400771541188,55.28781514922367,0
2017-01-23,-0.014832375828926714,-0.023849384071983226,-0.009152765500838989,-0.012834847293688396,0.010746095501730337,0.013179566805368817,-0.003950012427066577,0.0030708378340360194,-0.01742204298350627,-0.017798234774442135,38.364785004539215,1
2017-01-24,0.00598352109854372,-0.006161263137171025,-0.012072547890697671,0.018316716228050162,0.012265169619709883,0.01374927011703529,-0.012834847293688396,-0.003950012427066577,0.0030708378340360194,0.0021612283614871088,40.33483893023971,1
2017-01-25,0.012766546993328243,0.0021162530314682293,-0.010516040437431817,0.009575751981952398,0.01271836367587619,0.013708065571394173,0.018316716228050162,-0.012834847293688396,-0.003950012427066577,-0.01742204298350627,47.39264198517833,1
2017-01-26,0.015737731600068194,0.0069666620928487966,-0.008635171495896432,0.006476706407303122,0.012686781196436169,0.01374520522438581,0.009575751981952398,0.018316716228050162,-0.012834847293688396,0.0030708378340360194,45.382174426458896,0
2017-01-27,0.005274875318153516,-0.002400964556402152,-0.0076355632305307175,-0.007560247496678766,0.012023990284921116,0.01361213560412066,0.006476706407303122,0.009575751981952398,0.018316716228050162,-0.003950012427066577,44.60094322726997,0
2017-01-30,-0.025177847421058774,-0.03353849509885265,-0.008576587694150595,-0.03172077498885451,0.014589354770448917,0.015506756186415838,-0.007560247496678766,0.006476706407303122,0.009575751981952398,-0.012834847293688396,32.61163483314037,0
2017-01-31,-0.03466328605701896,-0.04806317645658287,-0.013881053321624037,-0.01783945708623063,0.015105792302613745,0.013292142790817849,-0.03172077498885451,-0.007560247496678766,0.006476706407303122,0.018316716228050162,31.016733999090363,1
2017-02-01,-0.015426880482718452,-0.03386473768740572,-0.018726752578545947,0.012003356153465497,0.015365053019775877,0.013213945426116962,-0.01783945708623063,-0.03172077498885451,-0.007560247496678766,0.009575751981952398,37.168155249908324,0
2017-02-02,-0.009087634125253596,-0.03477595277139178,-0.0259239056154692,-0.0033825716291181478,0.01524262358043418,0.013092219451797088,0.012003356153465497,-0.01783945708623063,-0.03172077498885451,0.006476706407303122,31.367309553633547,1
2017-02-03,0.026095163093212692,-0.0006768224549673629,-0.02609113317275047,0.03332160701782898,0.01908257190271584,0.015074512234350756,-0.0033825716291181478,0.012003356153465497,-0.01783945708623063,-0.007560247496678766,47.23247398687707,0
2017-02-06,0.015949569031073585,-0.005564759510499062,-0.021176571354906026,-0.006356239294029574,0.018680162603392374,0.015093258797654453,0.03332160701782898,-0.0033825716291181478,0.012003356153465497,-0.03172077498885451,44.951912848916166,0
2017-02-07,0.003997335055745621,-0.00925874523637038,-0.013203302269104045,-0.00595432723501695,0.017776022757474117,0.014903895387914904,-0.006356239294029574,0.03332160701782898,-0.0033825716291181478,-0.01783945708623063,48.010267061919336,0
2017-02-08,-0.0034113249525815625,-0.012077314708863418,-0.008695653455894958,-0.004878085520181984,0.017391034829352378,0.014840266178384708,-0.00595432723501695,-0.006356239294029574,0.03332160701782898,0.012003356153465497,45.743325303895844,1
2017-02-09,0.009632311908546631,0.008722788472085519,-0.0009008462048345489,0.020242742268955907,0.01868506228296508,0.015557456331659274,-0.004878085520181984,-0.00595432723501695,-0.006356239294029574,-0.0033825716291181478,52.49710508565647,0
2017-02-10,0.005850764289337285,0.006227000746548361,0.0003740479905851579,-0.003928460579395188,0.018582987442767023,0.015244868238675326,0.020242742268955907,-0.004878085520181984,-0.00595432723501695,0.03332160701782898,55.05479775902372,1
2017-02-13,0.01769526294233148,0.0222285977615162,0.004454511074442946,0.016052458389255484,0.01567847975538825,0.01521019683408259,-0.003928460579395188,0.020242742268955907,-0.004878085520181984,-0.006356239294029574,54.55665774442393,1
2017-02-14,0.02215946122094281,0.0341568440979485,0.011737290835888814,0.012403896665874626,0.013819788364495184,0.015447818032040917,0.016052458389255484,-0.003928460579395188,0.020242742268955907,-0.00595432723501695,55.326862826234795,1
2017-02-15,0.026779963835471543,0.04905453197976395,0.021693613947322277,0.016860251867574647,0.014099539060445799,0.015221930223637171,0.012403896665874626,0.016052458389255484,-0.003928460579395188,-0.004878085520181984,57.876696580362925,0
2017-02-16,0.01406050276949311,0.04135901449110091,0.026920002945636012,-0.005238356661588902,0.014268980893179883,0.015318501289056888,0.016860251867574647,0.012403896665874626,0.016052458389255484,0.020242742268955907,58.54501795812971,0
2017-02-17,0.0026653076788227814,0.03481022607592066,0.0320594700454071,-0.004210532536343494,0.011271274308636224,0.015324008979031644,-0.005238356661588902,0.016860251867574647,0.012403896665874626,-0.003928460579395188,68.32883110387976,1
2017-02-20,0.0004212299915753448,0.03405862155975692,0.033623228455942344,0.0021074823395647994,0.01075492691281038,0.014918089289974328,-0.004210532536343494,-0.005238356661588902,0.016860251867574647,0.016052458389255484,76.8201809377366,0
2017-02-21,-0.006693619792421113,0.025680019355978745,0.032591796240787785,-0.00654771823621689,0.010819513610071491,0.014590666726986586,0.0021074823395647994,-0.004210532536343494,-0.005238356661588902,0.012403896665874626,71.27492559297103,0
2017-02-22,-0.006632326312120074,0.021247922126289787,0.028066393921300614,-0.0033963228032615734,0.010689422814685993,0.01450418771838497,-0.00654771823621689,0.0021074823395647994,-0.004210532536343494,0.016860251867574647,71.16560167303557,0
2017-02-23,-0.025028713906660283,-0.004530774588634046,0.0210241466701655,-0.026283248778922158,0.012933980757195101,0.01564863926167366,-0.0033963228032615734,-0.00654771823621689,0.0021074823395647994,-0.005238356661588902,50.32050764772773,0
2017-02-24,-0.02926390672319379,-0.01721721415918165,0.012409853355042744,-0.013847937200999402,0.013612729749069229,0.015855192273411683,-0.026283248778922158,-0.0033963228032615734,-0.00654771823621689,-0.004210532536343494,47.7203664332862,0
2017-02-27,-0.022631499994989146,-0.02147322642022287,0.0011850940303070878,-0.003991994250875773,0.012189825480191511,0.014150951746815124,-0.013847937200999402,-0.026283248778922158,-0.0033963228032615734,0.0021074823395647994,48.382123015359866,1
2017-02-28,-0.007971260439475825,-0.01645751074765145,-0.008554439977147332,0.006644542718668511,0.01148562676519289,0.013539798191930859,-0.003991994250875773,-0.013847937200999402,-0.026283248778922158,-0.00654771823621689,52.359211634389446,1
2017-03-01,0.02207397098327002,0.008967614081155428,-0.01282329584179287,0.027864205760612885,0.013947250531682014,0.01460497171203466,0.006644542718668511,-0.003991994250875773,-0.013847937200999402,-0.0033963228032615734,54.83404034572492,0
2017-03-02,0.0067555819349858215,-0.00751391639674881,-0.014173746426425216,-0.01470612118310174,0.014451688077255805,0.015052507460362354,0.027864205760612885,0.006644542718668511,-0.003991994250875773,-0.026283248778922158,51.1440191698067,1
2017-03-03,0.010215648139488387,0.00015125567818441432,-0.00996261786267072,0.008244758882504137,0.014925703229931543,0.01322250523350481,-0.01470612118310174,0.027864205760612885,0.006644542718668511,-0.013847937200999402,48.656276006865035,0
2017-03-06,-0.010895620105691006,-0.018987007809772027,-0.008180519537225872,-0.019418072927458358,0.015735061132089646,0.013887634148338454,0.008244758882504137,-0.01470612118310174,0.027864205760612885,-0.003991994250875773,38.75337688775938,1
2017-03-07,-0.010933936807501876,-0.0187667955981623,-0.007919449551607949,0.00044055552922078734,0.01579125540586707,0.013819176866203896,-0.019418072927458358,0.008244758882504137,-0.01470612118310174,0.006644542718668511,31.515147591861478,1
2017-03-08,0.0124651484907492,0.0023300136754329515,-0.010010354262983134,0.022859381928637647,0.01791417286495965,0.014647556227389322,0.00044055552922078734,-0.019418072927458358,0.008244758882504137,0.027864205760612885,42.29729824470243,0
2017-03-09,0.009653005394942182,0.0013260375845014494,-0.008247356038110776,-0.00043059679251166843,0.01561284255535668,0.013977392509845596,0.022859381928637647,0.00044055552922078734,-0.019418072927458358,-0.01470612118310174,43.35179464116267,0
2017-03-10,0.007736796946008262,-0.0008726184232681344,-0.008543317456867427,-0.0015084189582455154,0.014740054480920294,0.01394680581397076,-0.00043059679251166843,0.022859381928637647,0.00044055552922078734,0.008244758882504137,42.14186818606649,0
2017-03-13,-0.0022538326530412434,-0.007523343860304621,-0.005281414632015258,-0.0071421541319492314,0.014929034257272595,0.013561594897118024,-0.0015084189582455154,-0.00043059679251166843,0.022859381928637647,-0.019418072927458358,42.02496262547769,0
2017-03-14,-0.017648071058027348,-0.021424543442311816,-0.003844317166813993,-0.01598279844707982,0.015879347454050795,0.013629175041447358,-0.0071421541319492314,-0.0015084189582455154,-0.00043059679251166843,0.00044055552922078734,38.94602112147062,1
2017-03-15,-0.009405210330972302,-0.014820985820098387,-0.0054671956137944955,0.004184553807287276,0.012716797395565138,0.012991447821259772,-0.01598279844707982,-0.0071421541319492314,-0.0015084189582455154,0.022859381928637647,47.703698144394785,1
2017-03-16,0.001483987329164549,-0.004533729532029462,-0.006008799878311044,0.008534889149520039,0.012324564743319262,0.013202981825582464,0.004184553807287276,-0.01598279844707982,-0.0071421541319492314,-0.00043059679251166843,55.45315829073285,1
2017-03-17,0.006904972206024151,0.0010209861237699958,-0.005843635938516556,0.004131774790257736,0.012084327175789831,0.01325546543426597,0.008534889149520039,0.004184553807287276,-0.01598279844707982,-0.0015084189582455154,58.28220543026074,0
2017-03-20,-0.0006128363608154386,-0.006116522213297615,-0.005507060779569084,-0.00915633542771881,0.010642753138916668,0.013337088298415626,0.004131774790257736,0.008534889149520039,0.004184553807287276,-0.0071421541319492314,52.71085071052255,1
2017-03-21,0.0037969764995335886,0.002582744988171237,-0.0012096385422443179,0.007418742020131523,0.010858230709210798,0.013450239585649407,-0.00915633542771881,0.004131774790257736,0.008534889149520039,-0.01598279844707982,44.91228596179193,0
2017-03-22,-0.017458634587146804,-0.018907478233687658,-0.0014745879385261729,-0.02398089579889927,0.010620598492522946,0.014376621828617792,0.007418742020131523,-0.00915633542771881,0.004131774790257736,0.004184553807287276,41.89852471601398,0
2017-03-23,-0.015521280841398921,-0.020645634928931345,-0.0052051445986683875,-0.00289891677959443,0.010572671396494182,0.013229098069855911,-0.02398089579889927,0.007418742020131523,-0.00915633542771881,0.008534889149520039,37.20135985551538,1
2017-03-24,0.0009261601797612151,-0.007532616047521201,-0.00845094929456447,0.013530219110943993,0.011896254420492847,0.013261053366251514,-0.00289891677959443,-0.02398089579889927,0.007418742020131523,0.004131774790257736,50.0,0
2017-03-27,-0.0076133199125509865,-0.019387016300614013,-0.011864020975196343,-0.01219121842935167,0.01223466580310675,0.013522662961648828,0.013530219110943993,-0.00289891677959443,-0.02398089579889927,-0.00915633542771881,45.33550369507583,1
2017-03-28,0.011350566288884423,-0.0026780046372109068,-0.013871125793277317,0.01724565902211721,0.012711525459181897,0.014003393383562258,-0.01219121842935167,0.013530219110943993,-0.00289891677959443,0.007418742020131523,42.80822365206607,0
2017-03-29,0.00535186724479586,-0.004957686163656105,-0.01025467176651873,-0.003513411763790608,0.012708926396976492,0.0124278871934183,0.01724565902211721,-0.01219121842935167,0.013530219110943993,-0.02398089579889927,41.80602860079426,1
2017-03-30,0.004979736581067762,-0.0013574916616807542,-0.006305826885930843,0.0032941722550567,0.012418580086324552,0.012045497323973633,-0.003513411763790608,0.01724565902211721,-0.01219121842935167,-0.00289891677959443,43.72936853295573,0
2017-03-31,-0.006400339566144053,-0.012914093044515296,-0.00655571226295204,-0.01302014151230616,0.012866965504621384,0.012187669377618261,0.0032941722550567,-0.003513411763790608,0.01724565902211721,0.013530219110943993,41.93039189506967,0
2017-04-03,-0.02013277009767822,-0.02774730428423311,-0.0077709856541625655,-0.016347958438962487,0.013477560201767684,0.011965836813249081,-0.01302014151230616,0.0032941722550567,-0.003513411763790608,-0.01219121842935167,41.93037164801649,0
2017-04-04,-0.02759791801242073,-0.042036032169760484,-0.014847884866544425,-0.016849200855796442,0.01356837696680823,0.012453665015850884,-0.016347958438962487,-0.01302014151230616,0.0032941722550567,0.01724565902211721,35.807862783753436,1
2017-04-05,-0.016157326155290752,-0.03538961405898855,-0.019548133471930962,0.0038959879307569425,0.012130955742746145,0.011102675328274114,-0.016849200855796442,-0.016347958438962487,-0.01302014151230616,-0.003513411763790608,33.68423178112886,0
2017-04-06,-0.015737317858009026,-0.04175710222710949,-0.026435813163692368,-0.010115084895828708,0.012357574990708806,0.011193725864204244,0.0038959879307569425,-0.016849200855796442,-0.016347958438962487,0.0032941722550567,29.710162875266263,0
2017-04-07,-0.011932064929977892,-0.043121730177443474,-0.031566316586576826,-0.005096100222779122,0.010830373884406627,0.011188479107320284,-0.010115084895828708,0.0038959879307569425,-0.016849200855796442,-0.01302014151230616,30.5970326009424,1
2017-04-10,-0.002997477757702538,-0.036123106959725204,-0.033225221063154176,0.004171472544907823,0.01090427293413763,0.011290976471368255,-0.005096100222779122,-0.010115084895828708,0.0038959879307569425,-0.016347958438962487,28.899095625864035,0
2017-04-11,-0.006010171058714819,-0.038998770812381234,-0.03318806570566535,-0.005565862962006501,0.008068377941482604,0.01090075042698893,0.004171472544907823,-0.005096100222779122,-0.010115084895828708,-0.016849200855796442,33.21617955688939,0
2017-04-12,-0.007523691410363242,-0.041854430495466666,-0.03459099102717045,-0.00606488008313101,0.008024229407664818,0.01080469607237806,-0.005565862962006501,0.004171472544907823,-0.005096100222779122,0.0038959879307569425,32.474244913347306,0
2017-04-13,-0.00894814880386574,-0.0429577884806116,-0.034316710710643905,-0.004925555047055683,0.007338785586844612,0.010453439941705469,-0.00606488008313101,-0.005565862962006501,0.004171472544907823,-0.010115084895828708,23.616251329512366,0
2017-04-18,-0.026623445395766998,-0.06216068173789857,-0.036509238047736536,-0.02548055883428646,0.009277743695149757,0.011330888482025637,-0.004925555047055683,-0.00606488008313101,-0.005565862962006501,-0.005096100222779122,21.54884351784291,1
2017-04-19,-0.013858008779328412,-0.05248807089297891,-0.03917292079392465,0.005772007075666463,0.009753964112642321,0.011551815078424012,-0.02548055883428646,-0.004925555047055683,-0.00606488008313101,0.004171472544907823,13.703692400896927,0
2017-04-20,-0.010620053301556354,-0.05109905795032832,-0.04091350828753926,-0.0036036075032985443,0.00899032927434673,0.011209303956100465,0.005772007075666463,-0.02548055883428646,-0.004925555047055683,-0.005565862962006501,13.729118245720258,1
2017-04-21,-0.004213962726613452,-0.04657108426255119,-0.04253636820608364,0.0009622177779226894,0.008722487140480623,0.010351295026707986,-0.0036036075032985443,0.005772007075666463,-0.02548055883428646,-0.00606488008313101,11.9317978209981,1
2017-04-24,0.04311410290715001,0.006092999813009037,-0.03549094292845201,0.052686889638127406,0.019975711688044726,0.01634457196252026,0.0009622177779226894,-0.0036036075032985443,0.005772007075666463,-0.004925555047055683,41.498545138096475,1
2017-04-25,0.04483213135187003,0.02359131185799357,-0.0203294087696112,0.01628998059881844,0.020357718479959267,0.01648528253720681,0.052686889638127406,0.0009622177779226894,-0.0036036075032985443,-0.02548055883428646,51.94806109858016,1
2017-04-26,0.03778812674611354,0.03198389386843248,-0.005592888112797789,0.008269086596743584,0.020415586900947445,0.016383732204161453,0.01628998059881844,0.052686889638127406,0.0009622177779226894,0.005772007075666463,60.518287293331774,0
2017-04-27,0.019298163200414553,0.029749850191393534,0.010253807343439725,-0.003120809320821256,0.020304843305940033,0.015887396006552736,0.008269086596743584,0.01628998059881844,0.052686889638127406,-0.0036036075032985443,58.19294692975676,0
2017-04-28,-0.03772044356899629,-0.020659581281831096,0.01772963186544474,-0.05365797383489171,0.027314383204277034,0.01979475701902179,-0.003120809320821256,0.008269086596743584,0.01628998059881844,0.0009622177779226894,45.07710853841306,0
2017-05-02,-0.04046636441007956,-0.027650646733365924,0.013356194302490021,-0.011371806326722167,0.027501118376339336,0.01980438140131201,-0.05365797383489171,-0.003120809320821256,0.008269086596743584,0.052686889638127406,43.72842214166135,0
2017-05-03,-0.032325299266032004,-0.028184745649199483,0.004278869349061187,-0.004298044576016299,0.02621979969898785,0.019694703562529423,-0.011371806326722167,-0.05365797383489171,-0.003120809320821256,0.01628998059881844,41.65707358426824,1
2017-05-04,-0.007123752676062911,-0.012492394744041846,-0.005407161348102374,0.01378353159440239,0.0265096404141264,0.019830078995392797,-0.004298044576016299,-0.011371806326722167,-0.05365797383489171,0.008269086596743584,46.51163419456223,0
2017-05-05,-0.01667856515293442,-0.03556736656068271,-0.019209183018252918,-0.026304720106068373,0.027937701113967487,0.020304362702670744,0.01378353159440239,-0.004298044576016299,-0.011371806326722167,-0.003120809320821256,42.55319938371175,0
2017-05-08,-0.016700297072613224,-0.03926857517541049,-0.022951576244362948,-0.007051760319976008,0.028000352831376703,0.02026503529838774,-0.026304720106068373,0.01378353159440239,-0.004298044576016299,-0.05365797383489171,42.21105527638192,1
2017-05-09,-0.010459334632368922,-0.03488151868047862,-0.024680323813712546,0.0019503134326815839,0.020754437969573495,0.02022903164890889,-0.007051760319976008,-0.026304720106068373,0.01378353159440239,-0.011371806326722167,47.76785805517276,1
2017-05-10,0.010978936361232039,-0.011779115089705416,-0.022510905650368396,0.022397053704803518,0.02157486380325002,0.020973282822866993,0.0019503134326815839,-0.007051760319976008,-0.026304720106068373,-0.004298044576016299,51.502587035947165,0
2017-05-11,-0.0002903903897029103,-0.025569640283387485,-0.02528659287724455,-0.016326863976877055,0.021173201680858168,0.02119368010532054,0.022397053704803518,0.0019503134326815839,-0.007051760319976008,0.01378353159440239,48.821221284478035,0
2017-05-12,-0.0030021512587545818,-0.026546606667928074,-0.023615352268712808,-0.0031519442270471387,0.02117234138175941,0.021180870596484803,-0.016326863976877055,0.022397053704803518,0.0019503134326815839,-0.026304720106068373,48.003892698219346,1
2017-05-15,0.014157784284517083,-0.003595731190599749,-0.01750567392000224,0.02257004429079318,0.016209365814024563,0.021860106921204988,-0.0031519442270471387,-0.016326863976877055,0.022397053704803518,-0.007051760319976008,40.40180312430277,1
2017-05-16,0.012827899995947911,0.0013842653247908565,-0.011298696127153174,0.004737100147305283,0.015835991801613842,0.02186929049838247,0.02257004429079318,-0.0031519442270471387,-0.016326863976877055,0.0019503134326815839,36.72987007258037,0
2017-05-17,0.003208342494232852,-0.009069733122413881,-0.012238809324611855,-0.00997398946654312,0.01613905127992963,0.02119201179572511,0.004737100147305283,0.02257004429079318,-0.0031519442270471387,0.022397053704803518,32.155502180800354,1
2017-05-18,0.010858688222325386,0.003048130686392092,-0.007726656185414682,0.01304108582926438,0.01607150751024235,0.021348442617343654,-0.00997398946654312,0.004737100147305283,0.02257004429079318,-0.016326863976877055,36.853949536321814,1
2017-05-19,0.010258568989758077,0.008482659687167216,-0.0017578760102641144,0.006808322853075029,0.013152589213701379,0.021360010370802027,0.01304108582926438,-0.00997398946654312,0.004737100147305283,-0.0031519442270471387,52.116781036892384,0
2017-05-22,0.00711791510879789,0.0068924601896172,-0.00022386149208397654,-0.00023401452232223847,0.012714258617025905,0.021363010402300858,0.006808322853075029,0.01304108582926438,-0.00997398946654312,0.02257004429079318,55.956083463040926,1
2017-05-23,0.007429359310942907,0.010899310397985307,0.003444361686476549,0.0028044239556796018,0.012700464488341204,0.017642083464221685,-0.00023401452232223847,0.006808322853075029,0.01304108582926438,0.004737100147305283,58.3860670101177,1
2017-05-24,0.011165091174936803,0.022811832883133265,0.01151814061803047,0.010216002310965172,0.01127225272055409,0.017376487563761617,0.0028044239556796018,-0.00023401452232223847,0.006808322853075029,-0.00997398946654312,57.44334132484647,0
2017-05-25,-0.0017255625424265064,0.014010458648726853,0.015763221615921807,-0.011149912940679916,0.010365958716965329,0.01734759501913528,0.010216002310965172,0.0028044239556796018,-0.00023401452232223847,0.01304108582926438,63.84889865157493,0
2017-05-26,-0.011027539316069479,0.00557063697091853,0.01678325428345051,-0.011275708719019591,0.011233063570314243,0.017460486494316637,-0.011149912940679916,0.010216002310965172,0.0028044239556796018,0.006808322853075029,61.739117973932274,0
2017-05-30,-0.01839339927919681,-0.005348879361739223,0.013288948859837557,-0.011643220526139572,0.009621780856424756,0.012973584889161859,-0.011275708719019591,-0.011149912940679916,0.010216002310965172,-0.00023401452232223847,56.33115515900346,1
2017-05-31,-0.010693919011289688,-0.0015808289033156786,0.009211598193014758,0.0038168131144532937,0.009568603792433695,0.012760266741627838,-0.011643220526139572,-0.011275708719019591,-0.011149912940679916,0.0028044239556796018,50.092769945821445,1
2017-06-01,-0.0004734559492631796,0.0031363141534364036,0.0036114799793813823,0.005224453049717299,0.009139721750343948,0.012767704260792101,0.0038168131144532937,-0.011643220526139572,-0.011275708719019591,0.010216002310965172,59.22920026122512,0
2017-06-02,0.0015671545348749927,0.0024121313989438065,0.0008436547267378636,-0.0009479252227874626,0.008057821498238969,0.012380829417103981,0.005224453049717299,0.0038168131144532937,-0.011643220526139572,-0.011149912940679916,60.33056027400207,1
2017-06-05,0.005318635081383638,0.004936854971467675,-0.00037976030344366585,0.0037861051809376187,0.007800053596229501,0.010768035962431399,-0.0009479252227874626,0.005224453049717299,0.0038168131144532937,-0.011275708719019591,52.70933257565687,0
2017-06-06,-0.005412074596238603,-0.006591110975728287,-0.0011854521348738656,-0.010446424363143669,0.008346694533500601,0.010931785506465307,0.0037861051809376187,-0.0009479252227874626,0.005224453049717299,-0.011643220526139572,45.11627180761748,0
2017-06-07,-0.010082295576744893,-0.013659057491096416,-0.003613191175760866,-0.006464795043887274,0.008272973729921902,0.011058949426300126,-0.010446424363143669,0.0037861051809376187,-0.0009479252227874626,0.0038168131144532937,46.746978028846826,0
2017-06-08,-0.017835805036376606,-0.025639832613605473,-0.00794574636017742,-0.013299676539113577,0.0074337561114396124,0.010219849399538954,-0.006464795043887274,-0.010446424363143669,0.0037861051809376187,0.005224453049717299,33.49398547218337,1
2017-06-09,-0.00801839957800854,-0.019958933385612943,-0.01203705169785907,0.005825318449015897,0.007860208606533114,0.00966771270457493,-0.013299676539113577,-0.006464795043887274,-0.010446424363143669,-0.0009479252227874626,32.682987827979204,0
2017-06-12,-0.008358289639094907,-0.026212782621560016,-0.018004983852451195,-0.006555837895669987,0.007476600099200522,0.009755905194617968,0.005825318449015897,-0.013299676539113577,-0.006464795043887274,0.0037861051809376187,30.734002105427905,1
2017-06-13,-0.00019383705538877916,-0.02023174416431206,-0.020041791950859755,0.005102686537483735,0.007213902300977606,0.008285142778269888,-0.006555837895669987,0.005825318449015897,-0.013299676539113577,-0.010446424363143669,32.13487507363618,0
2017-06-14,-0.009298479162047735,-0.03166709722801264,-0.022578564376327104,-0.013665429987371773,0.007896332445588999,0.008625654798514097,0.005102686537483735,-0.006555837895669987,0.005825318449015897,-0.006464795043887274,21.66309070912112,0
2017-06-15,-0.0088310241436238,-0.03186992137375988,-0.023244167030379903,-0.00172141249329335,0.0073660989157341,0.00841654156922767,-0.013665429987371773,0.005102686537483735,-0.006555837895669987,-0.013299676539113577,23.798135645814995,1
2017-06-16,-0.005090799318398509,-0.029311675810863358,-0.024344811039913483,0.0004921560385636048,0.00744257410414235,0.007710550694790288,-0.00172141249329335,-0.013665429987371773,0.005102686537483735,0.005825318449015897,27.297388693686614,1
2017-06-19,0.010557703782176464,-0.01095483468117664,-0.02128778830030076,0.017073585475880712,0.009753811391723622,0.008626647629380143,0.0004921560385636048,-0.00172141249329335,-0.013665429987371773,-0.006555837895669987,43.73404369072595,0
2017-06-20,-0.005346001967499903,-0.027326447836223178,-0.022098584947330635,-0.019290047138657285,0.010901279121023346,0.009472541668322936,0.017073585475880712,0.0004921560385636048,-0.00172141249329335,0.005102686537483735,34.14101639408156,0
2017-06-21,-0.015106801988595153,-0.036779503243424605,-0.02200512837187707,-0.013153231821268273,0.011317645683983904,0.009662986300491255,-0.019290047138657285,0.017073585475880712,0.0004921560385636048,-0.013665429987371773,27.422712068318788,0
2017-06-22,-0.028693192958825442,-0.052086854899257795,-0.024084729738170885,-0.020952395713357972,0.012243284366921733,0.009862133747609738,-0.013153231821268273,-0.019290047138657285,0.017073585475880712,-0.00172141249329335,23.58161113089075,1
2017-06-23,-0.015449772979029164,-0.04076329079932428,-0.02571074296218301,0.007877073074909847,0.012454351371450303,0.0101474173648797,-0.020952395713357972,-0.013153231821268273,-0.019290047138657285,0.0004921560385636048,25.561359216136722,0
2017-06-26,-0.006639981433547493,-0.03781614337638495,-0.03138455480403646,-0.00037970734715594387,0.012493010595908727,0.010028652066935356,0.007877073074909847,-0.020952395713357972,-0.013153231821268273,0.017073585475880712,27.58625397182928,1
2017-06-27,0.01938945282221649,-0.011204151801817663,-0.0300116942934171,0.025675822204012988,0.015472040325041672,0.011751044391225122,-0.00037970734715594387,0.007877073074909847,-0.020952395713357972,-0.019290047138657285,40.95260312921832,1
2017-06-28,0.020222915812355247,-0.005520119680690994,-0.02523275560081728,0.004132412285376282,0.014971603519807492,0.011758910704446944,0.025675822204012988,-0.00037970734715594387,0.007877073074909847,-0.013153231821268273,46.60279602421195,1
2017-06-29,0.020777163099108265,0.00587716721528353,-0.014596717503542078,0.010025774488628831,0.01528132783653783,0.011952648518847343,0.004132412285376282,0.025675822204012988,-0.00037970734715594387,-0.020952395713357972,48.13873871082681,0
2017-06-30,0.0019411264095063885,-0.005600024956869176,-0.007526541398095499,-0.013472340940767035,0.015970647480254837,0.012255051811533224,0.010025774488628831,0.004132412285376282,0.025675822204012988,0.007877073074909847,45.96122937968979,1
2017-07-03,0.013598544422654735,0.016648901334750388,0.0030094330037078176,0.02098663173528497,0.01648191613693243,0.013243943443070828,-0.013472340940767035,0.010025774488628831,0.004132412285376282,-0.00037970734715594387,51.09649083669889,0
2017-07-04,0.008823230788627345,0.016794415630955406,0.007901468363388897,-0.0004831212824193439,0.015026589409201051,0.013060404825784855,0.02098663173528497,-0.013472340940767035,0.010025774488628831,0.025675822204012988,55.476182979434554,0
2017-07-05,-0.0053095739911683815,0.004257508356970696,0.009618150630570366,-0.013377312662768145,0.01505188547197406,0.013312466742539686,-0.0004831212824193439,0.02098663173528497,-0.013472340940767035,0.004132412285376282,51.5486766492428,1
2017-07-06,0.015192679134830245,0.0276540127012177,0.012274845773126986,0.023951777920107508,0.014111335148208962,0.014078738415728112,-0.013377312662768145,-0.0004831212824193439,0.02098663173528497,0.010025774488628831,57.61289535030244,0
2017-07-07,0.005069999824792948,0.022351231381210868,0.017194057686957587,-0.004792724387422246,0.014535723498449754,0.014083614875626128,0.023951777920107508,-0.013377312662768145,-0.0004831212824193439,-0.013472340940767035,51.931026064116416,0
2017-07-10,0.0022680173256437453,0.0195276021881563,0.017220528405731628,-0.002164228129343224,0.01462289285145956,0.014003898077622224,-0.004792724387422246,0.023951777920107508,-0.013377312662768145,0.02098663173528497,57.48090671218986,0
2017-07-11,-0.005990609980331851,0.010092091242277057,0.016179627057940182,-0.009432876631782813,0.013272387882698628,0.014134131031604201,-0.002164228129343224,-0.004792724387422246,0.023951777920107508,-0.0004831212824193439,58.73636230330191,1
2017-07-12,0.0012033841416618785,0.020011354861851238,0.01878536471020187,0.010876240144138733,0.013586506608046469,0.013961761910753625,-0.009432876631782813,-0.002164228129343224,-0.004792724387422246,-0.013377312662768145,69.90050154106203,1
2017-07-13,0.014987051065211254,0.034127701673357436,0.018858024432980125,0.015740859363465424,0.014063545041410769,0.014317924635247122,0.010876240144138733,-0.009432876631782813,-0.002164228129343224,0.023951777920107508,71.551728261483,0
2017-07-14,0.0012004801920768582,0.019114885322300434,0.017892925028148987,-0.013339897825927158,0.014046587510930644,0.014721284630514794,0.015740859363465424,0.010876240144138733,-0.009432876631782813,-0.004792724387422246,65.92056880358754,1
2017-07-17,0.0025417313828504096,0.021229177431499657,0.018640068002827803,0.002634431161937449,0.012522095634425166,0.014252312469958443,-0.013339897825927158,0.015740859363465424,0.010876240144138733,-0.002164228129343224,60.71774532328707,0
2017-07-18,-0.01598041438734943,0.0011385974631550333,0.017397023495062003,-0.019319605679731913,0.01408298396379255,0.014254479824790882,0.002634431161937449,-0.013339897825927158,0.015740859363465424,-0.009432876631782813,52.409646860275494,1
2017-07-19,-0.008363773164915655,0.005731663349221705,0.014214321878018188,0.006077568148959752,0.013503072987909067,0.013926183958757119,-0.019319605679731913,0.002634431161937449,-0.013339897825927158,0.010876240144138733,51.23457226188407,1
2017-07-20,0.003760465350248987,0.01198486341661087,0.008193586368728134,0.009167706653028433,0.011351710100505322,0.012964241715875789,0.006077568148959752,-0.019319605679731913,0.002634431161937449,0.015740859363465424,58.63707832183321,0
2017-07-21,-0.008126535889405262,-0.0051394887080080665,0.0030115204100915616,-0.015245274801988234,0.012241810920831701,0.01352701152990313,0.009167706653028433,0.006077568148959752,-0.019319605679731913,-0.013339897825927158,46.71052565535007,1
2017-07-24,-0.0025240327037280297,-0.004893450566618385,-0.002375413484209332,0.002192167215227582,0.012292974132922511,0.01351678900790449,-0.015245274801988234,0.009167706653028433,0.006077568148959752,0.002634431161937449,47.6422802150225,1
2017-07-25,0.013288219126562861,0.013704578188472594,0.0004108989466673485,0.020231889418614847,0.013562953645306401,0.013061903558241526,0.002192167215227582,-0.015245274801988234,0.009167706653028433,-0.019319605679731913,58.54037752729759,1
2017-07-26,0.015726437686445438,0.019046803151802738,0.0032689564258265857,0.007127614027591312,0.013337271519282047,0.01310811346552144,0.020231889418614847,0.002192167215227582,-0.015245274801988234,0.006077568148959752,53.565224590918234,0
2017-07-27,0.002836428495903043,0.0057495819121584635,0.002904913835873213,-0.012386965556401014,0.012967387247586398,0.013330268290511852,0.007127614027591312,0.020231889418614847,0.002192167215227582,0.009167706653028433,50.741371612897936,0
2017-07-28,-0.014037088260996144,-0.011685309704779656,0.0023852606707777113,-0.016920876989029568,0.01338012003655056,0.013544479983641385,-0.012386965556401014,0.007127614027591312,0.020231889418614847,-0.015245274801988234,46.10779564722202,0
2017-07-31,-0.021781038907647265,-0.020849159404278006,0.0009526287471759431,-0.010291715795277514,0.01354422598062254,0.012851817293528248,-0.016920876989029568,-0.012386965556401014,0.007127614027591312,0.002192167215227582,45.90163785308987,1
2017-08-01,-0.0014499610624324477,-0.0034007583059856294,-0.001953629930883327,0.01757860718642028,0.013611059950199279,0.013507030201940854,-0.010291715795277514,-0.016920876989029568,-0.012386965556401014,0.020231889418614847,47.99427773449348,1
2017-08-02,0.007274461078004224,0.0010603269844939867,-0.006169256080274077,0.00531012996075429,0.013579830626155908,0.013181535055359085,0.01757860718642028,-0.010291715795277514,-0.016920876989029568,0.007127614027591312,44.49540042911285,1
2017-08-03,0.011252294831417986,0.005073569874555206,-0.006109973731029061,0.0038443250498940555,0.013311670129083283,0.01204454979056321,0.00531012996075429,0.01757860718642028,-0.010291715795277514,-0.012386965556401014,50.0,1
2017-08-04,0.015055755657448211,0.01345412652584943,-0.0015778730603438484,0.008833797813673308,0.012362614659116467,0.012153352393501828,0.0038443250498940555,0.00531012996075429,0.01757860718642028,-0.016920876989029568,52.03125573694975,0
2017-08-07,0.0065666402574962035,0.011207543662823616,0.0046106270759582735,-0.0016653083350607189,0.012435056074773417,0.012148051342540997,0.008833797813673308,0.0038443250498940555,0.00531012996075429,-0.010291715795277514,58.7301561671632,1
2017-08-08,0.004632745553434292,0.011772366399101841,0.007106697325234501,0.0016653083350608576,0.01070349720943352,0.011919336913200762,-0.0016653083350607189,0.008833797813673308,0.0038443250498940555,0.01757860718642028,57.377055559230485,0
2017-08-09,-0.004007836402602716,0.0038953463258390997,0.007934984849576221,-0.007635475321564551,0.01067668538323044,0.011839154959461126,0.0016653083350608576,-0.0016653083350607189,0.008833797813673308,0.00531012996075429,51.012896623003506,0
2017-08-10,-0.019391907784633067,-0.013558743847752242,0.005948517030593292,-0.0191034556644511,0.011629677749722456,0.011991551240514781,-0.007635475321564551,0.0016653083350608576,-0.0016653083350607189,0.0038443250498940555,49.55277300391105,0
2017-08-11,-0.03532541418068036,-0.037688694859544514,-0.0024498216430745012,-0.026971803622066706,0.01338053337115186,0.013037980275953235,-0.0191034556644511,-0.007635475321564551,0.0016653083350608576,0.008833797813673308,40.667691019592304,1
2017-08-14,-0.023508139994439015,-0.033358324418654384,-0.010087318520155764,0.002254777044069061,0.013191430733490122,0.013030778297171437,-0.026971803622066706,-0.0191034556644511,-0.007635475321564551,-0.0016653083350607189,33.04796274348729,1
2017-08-15,-0.010758549391072458,-0.029133289813408347,-0.01857457591473266,0.0032479423754659073,0.011554649091257117,0.012439734219081185,0.002254777044069061,-0.026971803622066706,-0.0191034556644511,0.0016653083350608576,31.040568455703195,1
2017-08-16,-0.0013928360369314108,-0.026371634971271152,-0.02501363883191965,0.0014955289628891687,0.011309376552549877,0.01234172761760965,0.0032479423754659073,0.002254777044069061,-0.026971803622066706,-0.007635475321564551,34.93282037284138,0
2017-08-17,-0.011377311581870608,-0.04079946318802885,-0.029760748919525515,-0.01758839310088739,0.0118033177757551,0.01258777618188003,0.0014955289628891687,0.0032479423754659073,0.002254777044069061,-0.0191034556644511,34.93282037284138,0
2017-08-18,-0.015746075571152818,-0.04640058131099756,-0.03114491593989155,-0.00814464226565565,0.0106718131425249,0.012312485396443477,-0.01758839310088739,0.0014955289628891687,0.0032479423754659073,-0.026971803622066706,35.61643671996589,0
2017-08-21,-0.02137032565997654,-0.05527786149725755,-0.03464797433221911,-0.012342629992796651,0.010585368717192262,0.012458591941102075,-0.00814464226565565,-0.01758839310088739,0.0014955289628891687,0.002254777044069061,22.587263332167808,1
2017-08-22,-0.013976720804026455,-0.05123012894508927,-0.03778146918746195,0.0002587145344298902,0.010446488476764075,0.011232347848946042,-0.012342629992796651,-0.00814464226565565,-0.01758839310088739,0.0032479423754659073,19.09874982809309,0
2017-08-23,-0.00827930937870347,-0.04915686708715772,-0.04121882108040442,-0.0023306856986941237,0.0106257643003569,0.010931076311205658,0.0002587145344298902,-0.012342629992796651,-0.00814464226565565,0.0014955289628891687,15.904170866432707,1
2017-08-24,0.0030426454942569237,-0.037676578261029214,-0.04059570541511848,0.008519446755233856,0.010980696317778007,0.011139296467447846,-0.0023306856986941237,0.0002587145344298902,-0.012342629992796651,-0.01758839310088739,15.164821750515216,0
2017-08-25,0.003408389805981793,-0.03609077722461096,-0.03936499578026276,-0.0010287909686845585,0.007882458718373961,0.010689227252161431,0.008519446755233856,-0.0023306856986941237,0.0002587145344298902,-0.00814464226565565,15.26547940636543,0
2017-08-29,-0.014037074003876993,-0.052714063132571654,-0.039227630277902326,-0.020538857196610767,0.009469441531005336,0.011300153314948942,-0.0010287909686845585,0.008519446755233856,-0.0023306856986941237,-0.012342629992796651,11.832034394033627,1
2017-08-30,-0.009556484210204608,-0.0472027098026494,-0.03800946241989889,0.0018369817102425734,0.009345149191075331,0.010277387143171161,-0.020538857196610767,-0.0010287909686845585,0.008519446755233856,0.0002587145344298902,13.827600526199845,1
2017-08-31,-0.005671451813540451,-0.04122816938827789,-0.035759526003340425,0.0020953865816358223,0.009393180476122873,0.010148375086639662,0.0018369817102425734,-0.020538857196610767,-0.0010287909686845585,-0.0023306856986941237,17.99062938289559,1
2017-09-01,0.0022428159453551366,-0.031989962622577806,-0.03415617255948411,0.005479402061440509,0.00874850106630379,0.010222606517675117,0.0020953865816358223,0.0018369817102425734,-0.020538857196610767,0.008519446755233856,28.823455493623086,0
2017-09-04,-0.0036668572643154818,-0.03692547352650044,-0.033381019696750336,-0.01020015118022851,0.008915297243472002,0.009835456970719572,0.005479402061440509,0.0020953865816358223,0.0018369817102425734,-0.0010287909686845585,24.053994757566556,0
2017-09-05,-0.01318210017484478,-0.04321816222255592,-0.030437289446242244,-0.012166260129663509,0.008894527129367814,0.009925984168103166,-0.01020015118022851,0.005479402061440509,0.0020953865816358223,-0.020538857196610767,18.858520206369008,0
2017-09-06,-0.018950555836673155,-0.04771661883312095,-0.02932172600228178,-0.01096994435228724,0.009168966273060802,0.00984367542064813,-0.012166260129663509,-0.01020015118022851,0.005479402061440509,0.0018369817102425734,15.981692209504459,0
2017-09-07,-0.021380694650008136,-0.05117958346728124,-0.03044992946119729,-0.010004171975359678,0.009339722059432318,0.009876157220562579,-0.01096994435228724,-0.012166260129663509,-0.01020015118022851,0.0020953865816358223,17.283901312785574,1
2017-09-08,0.002618809745954964,-0.028306501883284763,-0.03084453565864742,0.019376311497869447,0.011441403826469087,0.010943194939668405,-0.010004171975359678,-0.01096994435228724,-0.012166260129663509,0.005479402061440509,31.910114979419475,0
2017-09-11,0.0013411689725557618,-0.030036929790182576,-0.031336071795524445,-0.005076896446587446,0.011411425339552222,0.009574390966705773,0.019376311497869447,-0.010004171975359678,-0.01096994435228724,-0.01020015118022851,34.13459140166745,1
2017-09-12,0.02276980921759031,-0.003424315991201188,-0.02561096834568266,0.024869071108571953,0.013026531243130067,0.011421101449416713,-0.005076896446587446,0.019376311497869447,-0.010004171975359678,-0.012166260129663509,46.16896427884071,1
2017-09-13,0.017638002382229123,-6.524090639803415e-05,-0.01739640544789489,0.0010446433097305884,0.013020065589355992,0.011376726000317016,0.024869071108571953,-0.005076896446587446,0.019376311497869447,-0.01096994435228724,47.420628553194206,0
2017-09-14,0.0021648482235931965,-0.006360745794550593,-0.008507177270541844,-0.009177984823934528,0.01334525408233869,0.011440914198425824,0.0010446433097305884,0.024869071108571953,-0.005076896446587446,-0.010004171975359678,40.71146960214371,0
2017-09-15,-0.013477833528095062,-0.020132854038790615,-0.0067459411829496885,-0.01673572959436794,0.01403663396001098,0.011384373177879334,-0.009177984823934528,0.0010446433097305884,0.024869071108571953,0.019376311497869447,36.46016810045197,1
2017-09-18,-0.010086626826959155,-0.013810358038462756,-0.0037616738114847337,0.0042769542412700355,0.01394680641016531,0.01141405031090018,-0.01673572959436794,-0.009177984823934528,0.0010446433097305884,-0.005076896446587446,44.22309424877888,1
2017-09-19,-0.0023840897920115456,-0.008046768020452677,-0.0056762108247256915,0.004524324968461015,0.013514729040569438,0.011242426286580268,0.0042769542412700355,-0.01673572959436794,-0.009177984823934528,0.024869071108571953,45.312518626424826,0
2017-09-20,-0.00916748901634723,-0.018777332925240198,-0.009698757158616789,-0.012827589974852836,0.013697053599396452,0.011524371747212337,0.004524324968461015,0.0042769542412700355,-0.01673572959436794,0.0010446433097305884,40.57970053007642,1
2017-09-21,0.0141685182192417,0.005624919058444533,-0.008424240160598506,0.023918228405839063,0.015068673163727783,0.012892414023866046,-0.012827589974852836,0.004524324968461015,0.0042769542412700355,-0.009177984823934528,47.181969004804166,1
2017-09-22,0.014995786934456357,0.012487627627395081,-0.002471103170424427,0.006021796777585123,0.014055019713066438,0.012810867501518152,0.023918228405839063,-0.012827589974852836,0.004524324968461015,-0.01673572959436794,52.231410544836045,0
2017-09-25,0.0028017063193261915,0.003929440507083104,0.001124583435239579,-0.009705026224886072,0.014389232122713725,0.012966258513940433,0.006021796777585123,0.023918228405839063,-0.012827589974852836,0.0042769542412700355,53.020132853587086,0
2017-09-26,-0.004599012135161673,-0.0029387439666610504,0.0016679390403882,-0.007407408983685382,0.012019908408899969,0.012247919160664172,-0.009705026224886072,0.006021796777585123,0.023918228405839063,0.004524324968461015,54.20238601869062,1
2017-09-27,0.0011050337351401485,0.007506654349577646,0.006394554416086828,0.010302544871796436,0.012589832174446114,0.012478550349659277,-0.007407408983685382,-0.009705026224886072,0.006021796777585123,-0.012827589974852836,60.68373839030292,1
2017-09-28,0.009453765484465304,0.01753688160710065,0.008007415890668446,0.010197483916364467,0.012627730617797685,0.012684014208466111,0.010302544871796436,-0.007407408983685382,-0.009705026224886072,0.023918228405839063,58.33330108353796,1
2017-09-29,0.013577298620659928,0.023300156179143938,0.009592615749894451,0.005965568962332915,0.010964861594091676,0.012694950136341828,0.010197483916364467,0.010302544871796436,-0.007407408983685382,0.006021796777585123,62.050360501980315,0
2017-10-02,0.007002489201592077,0.0191857467572365,0.012098537676211718,-0.0033674900370054186,0.011171276371378987,0.012487429908390453,0.005965568962332915,0.010197483916364467,0.010302544871796436,-0.009705026224886072,52.842080510998265,1
2017-10-03,0.006339942446223157,0.02265522841428602,0.016212499653351253,0.004917814858990053,0.011178863067945135,0.012143975836167855,-0.0033674900370054186,0.005965568962332915,0.010197483916364467,-0.007407408983685382,54.28568759400494,0
2017-10-04,-0.002592656969066076,0.014049641554404912,0.01668555845287667,-0.0067357135128733835,0.010369188244519774,0.011950374414862073,0.004917814858990053,-0.0033674900370054186,0.005965568962332915,0.010302544871796436,55.30145424622001,0
2017-10-05,-0.011899841511261333,0.0008289503776599538,0.012882086678732474,-0.011503458653761098,0.008459643149163651,0.01203220523395162,-0.0067357135128733835,0.004917814858990053,-0.0033674900370054186,0.010197483916364467,57.57574556571049,1
2017-10-06,-0.008393726243908328,0.0004076206874132904,0.00887584837274491,0.0002629317904532266,0.008185810237869063,0.011285544603820018,-0.011503458653761098,-0.0067357135128733835,0.004917814858990053,0.005965568962332915,56.15211519923102,0
2017-10-09,-0.013564435395474583,-0.00976561699348788,0.0038510557995845573,-0.009774167523066826,0.00819427942788245,0.011459375460559963,0.0002629317904532266,-0.011503458653761098,-0.0067357135128733835,-0.0033674900370054186,50.10707281801143,1
2017-10-10,-0.001104046105239953,-0.0007362963610909601,0.0003681562055739551,0.008722105617257003,0.008316945821718009,0.010141724024612357,-0.009774167523066826,0.0002629317904532266,-0.011503458653761098,0.004917814858990053,59.07080751380375,1
2017-10-11,0.003055503809576754,0.001670300876638775,-0.0013809833331027699,0.0021030181404989665,0.007665508371770967,0.010152162079732345,0.008722105617257003,-0.009774167523066826,0.0002629317904532266,-0.0067357135128733835,50.0,1
2017-10-12,0.013918083255030522,0.014744167445249534,0.0008147445083206417,0.013822148217381588,0.008259796449270888,0.010393514641838604,0.0021030181404989665,0.008722105617257003,-0.009774167523066826,-0.011503458653761098,53.75,0
2017-10-13,0.003357638044169331,0.004068779451600779,0.0007087616423768761,-0.009367765811721291,0.008538842641388513,0.009853998001496413,0.013822148217381588,0.0021030181404989665,0.008722105617257003,0.0002629317904532266,53.8847200222113,0
2017-10-16,-0.00807169869791402,-0.006900529445911907,0.0011806995026402145,-0.010512580389087024,0.009034931757806841,0.010162409558212378,-0.009367765811721291,0.013822148217381588,0.0021030181404989665,-0.009774167523066826,52.31142775465654,1
2017-10-17,0.0015178765426442364,0.0033164579170628095,0.0017958554874999422,0.011035351451281506,0.009721825709865009,0.010400364743646355,-0.010512580389087024,-0.009367765811721291,0.013822148217381588,0.008722105617257003,52.6570180068347,1
2017-10-18,0.005952656688943847,0.008348351825755218,0.002381518773156621,0.006770795621439209,0.009804374428077656,0.009962523575804164,0.011035351451281506,-0.010512580389087024,-0.009367765811721291,0.0021030181404989665,51.12218673254208,0
2017-10-19,0.003659174072137894,0.0045255978929994445,0.0008632649840145667,-0.003379667362497182,0.009037531773713674,0.008538545880395093,0.006770795621439209,0.011035351451281506,-0.010512580389087024,0.013822148217381588,46.54729681212096,1
2017-10-20,0.018263164419276112,0.022773285686298772,0.0044292295200472065,0.019087486780187568,0.010684708434987018,0.0094418701152229,-0.003379667362497182,0.006770795621439209,0.011035351451281506,-0.009367765811721291,56.637175311522654,0
2017-10-23,0.01044304493456627,0.019934234802124084,0.009393097330065103,-0.0012782821830131124,0.009876518864347447,0.009118123726033739,0.019087486780187568,-0.003379667362497182,0.006770795621439209,-0.010512580389087024,54.10960001727929,1
2017-10-24,0.016635872263407236,0.03063269723367923,0.013767785843627589,0.012962454069579353,0.010201752929056238,0.009208824423238187,-0.0012782821830131124,0.019087486780187568,-0.003379667362497182,0.011035351451281506,62.20301379289439,0
2017-10-25,0.007003022180911644,0.023629210453351757,0.01651056442356258,-0.005063301956546762,0.010603315209986475,0.009165493553094171,0.012962454069579353,-0.0012782821830131124,0.019087486780187568,0.006770795621439209,65.60367156663044,0
2017-10-26,-0.05838626712433004,-0.04981444489721454,0.009103331788649083,-0.07700168456001463,0.026965363806359097,0.019661909115146422,-0.005063301956546762,0.012962454069579353,-0.0012782821830131124,-0.003379667362497182,39.31505984583189,1
2017-10-27,-0.03935606426373883,-0.04013367140746438,-0.0008094644798123385,0.007646182347300308,0.02724179386410257,0.019704064494966173,-0.07700168456001463,-0.005063301956546762,0.012962454069579353,0.019087486780187568,43.68931668989703,0
2017-10-30,-0.0287922060295428,-0.03939274580350649,-0.01091480097233044,-0.0016335590306493807,0.027149517964508315,0.01970401270698035,0.007646182347300308,-0.07700168456001463,-0.005063301956546762,-0.0012782821830131124,40.63400905852865,1
2017-10-31,-0.003109429233101202,-0.02460135573028599,-0.02155896256562162,0.01326313646474222,0.02728705381251008,0.019954926984107196,-0.0016335590306493807,0.007646182347300308,-0.07700168456001463,0.012962454069579353,43.94558489716822,0
2017-11-01,0.0008154721582800395,-0.03221139585913246,-0.03299995747087059,-0.009998682567073116,0.027144158569795327,0.02000870234263833,0.01326313646474222,-0.0016335590306493807,0.007646182347300308,-0.005063301956546762,37.552158959668795,1
2017-11-02,0.0028730892599864166,-0.026162024018572594,-0.02895193179426503,0.00487670368603078,0.027308428755497695,0.01994262693544209,-0.009998682567073116,0.01326313646474222,-0.0016335590306493807,-0.07700168456001463,41.084162372727306,0
2017-11-03,-0.006020832103909357,-0.03360624320710892,-0.027752504271883582,-0.00950448431156396,0.02612709736111085,0.020019906169740687,0.00487670368603078,-0.009998682567073116,0.01326313646474222,0.007646182347300308,41.379307320888955,0
2017-11-06,-0.011192005886778711,-0.03858851884472536,-0.027706605449237198,-0.006844653689965484,0.02606096819308062,0.019969617848584257,-0.00950448431156396,0.00487670368603078,-0.009998682567073116,-0.0016335590306493807,36.22973321599722,0
2017-11-07,-0.00977392330473148,-0.039828422613000014,-0.030351149111898734,-0.0035777876918846184,0.025153146681687916,0.019820119157730097,-0.006844653689965484,-0.00950448431156396,0.00487670368603078,0.01326313646474222,33.033045142204585,0
2017-11-08,-0.01514737749225703,-0.04712599523036132,-0.03247046005388787,-0.010532298797467992,0.025122701327677046,0.019872693429188383,-0.0035777876918846184,-0.006844653689965484,-0.00950448431156396,-0.009998682567073116,31.83791325147321,0
2017-11-09,-0.009111005255426852,-0.0436729076709208,-0.03487969146776437,0.0,0.008131741239111753,0.019495048369006746,-0.010532298797467992,-0.0035777876918846184,-0.006844653689965484,0.00487670368603078,23.66289013772972,0
2017-11-10,-0.006268054639804399,-0.04218351966911271,-0.03614200509201715,-0.0016731909057834597,0.007456436658495386,0.019452203790866623,0.0,-0.010532298797467992,-0.0035777876918846184,-0.00950448431156396,23.62459834582924,0
2017-11-13,-0.004230233064884126,-0.040866411427053606,-0.03679181632008377,-0.0013964532838987448,0.0074600948147085806,0.01938018277270065,-0.0016731909057834597,0.0,-0.010532298797467992,-0.006844653689965484,16.608388064001545,1
2017-11-14,0.006517023609128536,-0.02844239861028275,-0.03473306600821835,0.010011224311889716,0.006729881463590295,0.01934298662676016,-0.0013964532838987448,-0.0016731909057834597,0.0,-0.0035777876918846184,22.278915007014376,1
2017-11-15,0.012658221414082904,-0.016592334665987418,-0.028884924312592597,0.00936386346832361,0.0072168507476647725,0.01941950057025459,0.010011224311889716,-0.0013964532838987448,-0.0016731909057834597,-0.010532298797467992,50.0,1
2017-11-16,0.0227774208155338,0.0016202996305345607,-0.02068594862812778,0.0165832433016656,0.00899372818132245,0.01989184198595869,0.00936386346832361,0.010011224311889716,-0.0013964532838987448,0.0,54.545439259910644,0
2017-11-17,0.013754198654604366,0.0020854284654816535,-0.011510453130165854,-0.0024294624013147066,0.00840045032840054,0.01927878277801167,0.0165832433016656,0.00936386346832361,0.010011224311889716,-0.0016731909057834597,54.09836338955463,1
2017-11-20,0.023257088247784052,0.02425657287992844,0.0009767678559216009,0.020067563050809173,0.009817115466771413,0.019947391367043325,-0.0024294624013147066,0.0165832433016656,0.00936386346832361,-0.0013964532838987448,57.142868264428685,1
2017-11-21,0.016330035611928917,0.029155778729180737,0.012619663561875605,0.0023812523588454806,0.009506131769487393,0.019675269798618084,0.020067563050809173,-0.0024294624013147066,0.0165832433016656,0.010011224311889716,64.01096620848378,0
2017-11-22,0.008959037946359771,0.03134368232187379,0.02218588023263668,0.0,0.008178656693575625,0.019670052971605727,0.0023812523588454806,0.020067563050809173,-0.0024294624013147066,0.00936386346832361,62.13871736229386,0
2017-11-23,0.0030290212796293403,0.027113070884678292,0.02401131880942331,-0.002381252358845577,0.00838195570710076,0.008738206877984525,0.0,0.0023812523588454806,0.020067563050809173,0.0165832433016656,67.1875,1
2017-11-24,0.001586914062499778,0.02882451140981135,0.027194442104713668,0.0031737984527099774,0.008084678040745391,0.008634943724577336,-0.002381252358845577,0.0,0.0023812523588454806,-0.0024294624013147066,73.9413784396875,0
2017-11-27,-0.0068855932203389925,0.017666699704118383,0.024722522155400384,-0.00981834117137851,0.009242927875583087,0.008977789730392767,0.0031737984527099774,-0.002381252358845577,0.0,0.020067563050809173,68.58002142681985,0
2017-11-28,-0.005731548676136011,0.016466411979043638,0.022325922768265727,-0.000800287592623918,0.009184144500538366,0.008511851659537127,-0.00981834117137851,0.0031737984527099774,-0.002381252358845577,0.0023812523588454806,76.68921461585487,1
2017-11-29,0.02539061178528801,0.05100840515752636,0.02498344833451882,0.03616743142991523,0.01379998555837642,0.011340418232604422,-0.000800287592623918,-0.00981834117137851,0.0031737984527099774,0.0,84.1013943159948,0
2017-11-30,0.016334878505770645,0.0445485145889295,0.027760176965134775,-0.0038684767779203176,0.013620053314117728,0.011419715724231772,0.03616743142991523,-0.000800287592623918,-0.00981834117137851,-0.002381252358845577,82.39279922734707,0
2017-12-01,-0.0052521328966155245,0.020721592748686124,0.02611086336976487,-0.02141636394339026,0.01580302334974299,0.012338491738497624,-0.0038684767779203176,0.03616743142991523,-0.000800287592623918,0.0031737984527099774,70.19230769230776,1
2017-12-04,0.01303780964797907,0.043415210891805556,0.029986443698860832,0.025284840721310518,0.01652266876470919,0.01323338881580577,-0.02141636394339026,-0.0038684767779203176,0.03616743142991523,-0.00981834117137851,73.32186166661681,0
2017-12-05,-0.004776249763517204,0.026863425941014762,0.03179151994414697,-0.013214355115604252,0.017292268829958515,0.013663775358596374,0.025284840721310518,-0.02141636394339026,-0.0038684767779203176,-0.000800287592623918,65.55183980623895,0
2017-12-06,-0.0050528633546772506,0.019958622555681815,0.025138507352953976,-0.003658206085522751,0.017361680428724765,0.013395234395674197,-0.013214355115604252,0.025284840721310518,-0.02141636394339026,0.03616743142991523,60.07259970412909,1
2017-12-07,0.00026094441043089667,0.020106697939824114,0.019840576241923147,0.003397331932735141,0.017334745411059765,0.013375128288721,-0.003658206085522751,-0.013214355115604252,0.025284840721310518,-0.0038684767779203176,61.9819709846566,1
2017-12-08,0.01761656477722129,0.04061247592188999,0.02259781526817317,0.024482604864036694,0.018807145061950647,0.014122288506508556,0.003397331932735141,-0.003658206085522751,-0.013214355115604252,-0.02141636394339026,63.304337211277236,1
2017-12-11,0.024397833492773913,0.04680585716648156,0.021874337236057695,0.011139417500376867,0.018299712414478524,0.014120493793189597,0.024482604864036694,0.003397331932735141,-0.003658206085522751,0.025284840721310518,65.40984336485647,1
2017-12-12,0.025300312310327477,0.05183130191910701,0.025876310862518626,0.010020123610355139,0.018188838664427567,0.014120652750742736,0.011139417500376867,0.024482604864036694,0.003397331932735141,-0.013214355115604252,67.53846738916607,1
2017-12-13,0.023696704672382385,0.057102267981549826,0.032632285672794525,0.010300682522882453,0.015136909441407236,0.014136653919189885,0.010020123610355139,0.011139417500376867,0.024482604864036694,-0.003658206085522751,70.40465932320704,1
2017-12-14,0.012510756664452005,0.05248754508784481,0.03948282836529038,0.00011344992539879126,0.014950941470668166,0.013921039623508007,0.010300682522882453,0.010020123610355139,0.011139417500376867,0.003397331932735141,69.89566263843774,0
2017-12-15,0.004392997846504487,0.04546898506778363,0.04089632973283286,-0.0022224824638138966,0.01221522180518423,0.01391573441655435,0.00011344992539879126,0.010300682522882453,0.010020123610355139,0.024482604864036694,72.93935116673991,1
2017-12-18,0.009650177142328742,0.05281393595379913,0.042751202137793154,0.011063419544255354,0.01050113487142297,0.013524276134921265,-0.0022224824638138966,0.00011344992539879126,0.010300682522882453,0.011139417500376867,75.03648744012324,0
2017-12-19,0.004597918692197167,0.047225926511929917,0.042432904773709534,-0.0014680846972365508,0.008726713749680405,0.013575925378144697,0.011063419544255354,-0.0022224824638138966,0.00011344992539879126,0.010020123610355139,67.99275525076008,0
2017-12-20,0.00054071796322952,0.04006539791219943,0.039503319794349956,-0.003188200843962899,0.008668089471919816,0.013641635376409845,-0.0014680846972365508,0.011063419544255354,-0.0022224824638138966,0.010300682522882453,68.23956794646634,1
2017-12-21,0.0036308446062027766,0.04097302753303844,0.037207089765647794,0.004900769353123853,0.008623845433590916,0.013569022717046538,-0.003188200843962899,-0.0014680846972365508,0.011063419544255354,0.00011344992539879126,80.98161768147506,0
2017-12-22,-0.008047526856449605,0.025419364401007227,0.0337384019532696,-0.011802493401004545,0.00781956987071086,0.014023764753857722,0.004900769353123853,-0.003188200843962899,-0.0014680846972365508,-0.0022224824638138966,67.95453158291912,1
2017-12-27,-0.003785292888565661,0.024020880515220666,0.02791182784724322,0.002470357062033145,0.0072636366867538235,0.013685224503369259,-0.011802493401004545,0.004900769353123853,-0.003188200843962899,0.011063419544255354,77.44360557209771,1
2017-12-28,0.0006887549914993407,0.0236596497780448,0.02295508435761362,0.003694130651198363,0.006746413982576068,0.013641067796391567,0.002470357062033145,-0.011802493401004545,0.004900769353123853,-0.0014680846972365508,80.99998474121105,0
2017-12-29,-0.00034450000522001645,0.01987862939196705,0.020230098666283114,-0.0014759549688938515,0.00600445078020345,0.011397490924950229,0.003694130651198363,0.002470357062033145,-0.011802493401004545,-0.003188200843962899,79.13490016167319,1
2018-01-02,0.0014785608896608071,0.01790168528049274,0.01639887765170167,0.0004922020477194335,0.00600497919665644,0.01131615436852351,-0.0014759549688938515,0.003694130651198363,0.002470357062033145,0.004900769353123853,72.66669989695207,1
2018-01-03,0.0024112956819810627,0.01676462664832079,0.014318804095852178,0.002457607565297589,0.005973478667204576,0.009827880058859996,0.0004922020477194335,-0.0014759549688938515,0.003694130651198363,-0.011802493401004545,69.17293750652513,1
2018-01-04,0.004519113990665069,0.018153254160057086,0.013572803124897614,0.003919667231725256,0.0049352460863270765,0.00841016121349344,0.002457607565297589,0.0004922020477194335,-0.0014759549688938515,0.002470357062033145,66.11570977472434,0
2018-01-05,-0.01754008111567995,-0.010176802824196085,0.007494736579020556,-0.026359073751222036,0.009717677180896217,0.010060398081684145,0.003919667231725256,0.002457607565297589,0.0004922020477194335,0.003694130651198363,38.60388376936071,1
2018-01-08,-0.010072389116214553,-0.00784817858571496,0.0022468415933099006,0.004608370360379632,0.00996497155224084,0.009988983872007943,-0.026359073751222036,0.003919667231725256,0.002457607565297589,-0.0014759549688938515,41.99510478669171,1
2018-01-09,-0.0002774091638063636,-0.0019305893081081882,-0.0016536388788804812,0.008459850950179227,0.010285690381378347,0.01008124633701753,0.004608370360379632,-0.026359073751222036,0.003919667231725256,0.0004922020477194335,48.71355972867457,0
2018-01-10,-0.0007747611583779346,-0.006077906721177806,-0.005307257419706168,-0.002977699984391657,0.00964842127372031,0.008719237689329367,0.008459850950179227,0.004608370360379632,-0.026359073751222036,0.002457607565297589,39.583331326444444,0
2018-01-11,-0.017908986836463248,-0.030673156375583432,-0.012996931412704749,-0.025674658730995666,0.012406019518830044,0.010261594630423376,-0.002977699984391657,0.008459850950179227,0.004608370360379632,0.003919667231725256,30.37792857496659,0
2018-01-12,-0.021334418784946463,-0.03713037847495004,-0.01614030368820396,-0.008192601268304959,0.012231187431758777,0.01007280058566473,-0.025674658730995666,-0.002977699984391657,0.008459850950179227,-0.026359073751222036,29.041226978429265,1
2018-01-15,-0.011565635770511284,-0.030268794864551585,-0.018922004101526668,0.005332764684017085,0.012600569327022063,0.009823505457875062,-0.008192601268304959,-0.025674658730995666,-0.002977699984391657,0.004608370360379632,29.172427804710168,1
2018-01-16,0.010397854905637383,-0.010316261813598349,-0.020500950807313623,0.01954789917581321,0.014602531720784769,0.010921770697797165,0.005332764684017085,-0.008192601268304959,-0.025674658730995666,0.008459850950179227,44.04504019888638,0
2018-01-17,0.008678356832813261,-0.013771013227163342,-0.022256222618344035,-0.004422954677527373,0.01453698652965961,0.010947687865916602,0.01954789917581321,0.005332764684017085,-0.008192601268304959,-0.002977699984391657,41.20155071518703,1
2018-01-18,0.0093592577470627,-0.008615524700650634,-0.01780811173995067,0.0039213702903274665,0.014537071091802623,0.010648247380781283,-0.004422954677527373,0.01954789917581321,0.005332764684017085,-0.025674658730995666,41.2766095597999,1
2018-01-19,0.009302705781230713,-0.001727680076068161,-0.010928719198033954,0.00600300421549264,0.01204229160961906,0.010771920822744946,0.0039213702903274665,-0.004422954677527373,0.01954789917581321,-0.008192601268304959,44.6721173075986,1
2018-01-22,0.038811411674543494,0.04012587876093754,0.0012653568026126383,0.042476470856391314,0.017934259290376352,0.014469523177904918,0.00600300421549264,0.0039213702903274665,-0.004422954677527373,0.005332764684017085,59.090909090909065,0
2018-01-23,0.028798473016517168,0.038924912586121296,0.009842976865928499,0.0,0.01792348138551982,0.014448045454454335,0.042476470856391314,0.00600300421549264,0.0039213702903274665,0.01954789917581321,58.46153846153843,0
2018-01-24,0.015389113761295148,0.03381851391955437,0.018150086413661892,-0.003351676364159152,0.017939117292035574,0.014171027588447762,0.0,0.042476470856391314,0.00600300421549264,-0.004422954677527373,56.17284066901323,1
2018-01-25,0.013298658910215977,0.04076968237445011,0.027110490300834567,0.008596055981247285,0.014716899636964226,0.014257979335784312,-0.003351676364159152,0.0,0.042476470856391314,0.0039213702903274665,69.2521024431506,0
2018-01-26,0.002673799713442948,0.03759041953233577,0.03482350873122608,-0.001427566502634777,0.014083235537568512,0.014269156300449464,0.008596055981247285,-0.003351676364159152,0.0,0.00600300421549264,67.51592563035688,0
2018-01-29,-0.007076961179416363,0.02482729801248551,0.032131653657466286,-0.011253590033991456,0.01531188670891437,0.014544804362030855,-0.001427566502634777,0.008596055981247285,-0.003351676364159152,0.042476470856391314,60.11759458895996,0
2018-01-30,-0.028366400534395653,-0.003934886034612228,0.025144781441502895,-0.028824633533419106,0.017969620549223374,0.01601326996240433,-0.011253590033991456,-0.001427566502634777,0.008596055981247285,0.0,50.80386354056784,0
2018-01-31,-0.029078111961816866,-0.011953988687236516,0.017636973154638413,-0.009011973400329153,0.018185665969482488,0.01611219859844075,-0.028824633533419106,-0.011253590033991456,-0.001427566502634777,-0.003351676364159152,56.20957060204151,0
2018-02-01,-0.029488148879003973,-0.023074158669847966,0.0066088736595513176,-0.013089222878068185,0.018642034560507784,0.016290561615547407,-0.009011973400329153,-0.028824633533419106,-0.011253590033991456,0.008596055981247285,54.448618199270754,0
2018-02-02,-0.02438537942962249,-0.031017749210664802,-0.006798145129441324,-0.009060885645396307,0.01862293956665733,0.015349016048575963,-0.013089222878068185,-0.009011973400329153,-0.028824633533419106,-0.001427566502634777,50.03062504526008,0
2018-02-05,-0.019129805229276875,-0.03767040586167214,-0.01890219595950615,-0.008421531787634887,0.009860049263967122,0.01537864335487475,-0.009060885645396307,-0.013089222878068185,-0.009011973400329153,-0.011253590033991456,40.9986891672076,0
2018-02-06,-0.03127626459861943,-0.05881299482401081,-0.02842578252093908,-0.025381281354785498,0.010902420030765216,0.016063631752038975,-0.008421531787634887,-0.009060885645396307,-0.013089222878068185,-0.028824633533419106,36.257979057067104,1
2018-02-07,-0.0031782741091876954,-0.036284017431831184,-0.03321129793098998,0.02166149389872555,0.014800839843161655,0.017003781353598677,-0.025381281354785498,-0.008421531787634887,-0.009060885645396307,-0.009011973400329153,41.92693713524103,1
2018-02-08,0.0048248511113193615,-0.03131141241128821,-0.035962748614986384,0.00464761563760618,0.014366427962214504,0.016112942447155946,0.02166149389872555,-0.025381281354785498,-0.008421531787634887,-0.013089222878068185,41.46212377203015,0
2018-02-09,0.001370436280527132,-0.03691575818094228,-0.03823379747826283,-0.0062016333493202834,0.014201533822114058,0.016069087198280575,0.00464761563760618,0.02166149389872555,-0.025381281354785498,-0.009060885645396307,22.815228848552863,1
2018-02-12,0.004176312392104586,-0.03428359109327994,-0.038299950925716475,0.002174996592529933,0.014542351254969933,0.016025113444305326,-0.0062016333493202834,0.00464761563760618,0.02166149389872555,-0.008421531787634887,23.88163009832364,0
2018-02-13,-0.0015726568159394327,-0.034338520560449726,-0.03281747436925897,-0.001656695958499974,0.012427277908336087,0.015309460432716056,0.002174996592529933,-0.0062016333493202834,0.00464761563760618,-0.025381281354785498,24.183920455180754,1
2018-02-14,0.009783059613787337,-0.020138003944455196,-0.029631179958283904,0.013892669903083582,0.01354981675743261,0.015677058395719364,-0.001656695958499974,0.002174996592529933,-0.0062016333493202834,0.02166149389872555,26.390709325416367,1
2018-02-15,0.01960099634992618,-0.005919407914783292,-0.025029795337656813,0.014206241319275956,0.013845881443019075,0.01600246500185001,0.013892669903083582,-0.001656695958499974,0.002174996592529933,0.00464761563760618,32.794756316271986,1
2018-02-16,0.02006996725126564,0.0019558483011348216,-0.017757722050127822,0.007778250430974025,0.013563361505631515,0.01604355980166228,0.014206241319275956,0.013892669903083582,-0.001656695958499974,-0.0062016333493202834,38.35073372604468,1
2018-02-19,0.016949152542372836,0.008785469938800583,-0.008027621226846082,0.004737557500856547,0.013039028905153781,0.012626253902548257,0.007778250430974025,0.014206241319275956,0.013892669903083582,0.002174996592529933,48.64474374980699,1
2018-02-20,0.00898325020537638,0.011104310140194418,0.0021021755657353314,0.0002487404633060502,0.008409614928773887,0.012628449193715939,0.004737557500856547,0.007778250430974025,0.014206241319275956,-0.001656695958499974,52.1420271948675,1
2018-02-21,0.007779014875424428,0.018023221503133957,0.010165131915329528,0.005209006087666148,0.006408932853058389,0.012724469258899347,0.0002487404633060502,0.004737557500856547,0.007778250430974025,0.013892669903083582,59.77011638249617,1
2018-02-22,0.03920408521907337,0.06266714360324754,0.02257791199813064,0.04309547886601857,0.013788693360996205,0.01607172179295878,0.005209006087666148,0.0002487404633060502,0.004737557500856547,0.014206241319275956,74.52347853399499,0
2018-02-23,0.023464561944802398,0.05667677135775895,0.0324507663947311,-0.0057034229678363845,0.013731059509821342,0.016122397642354926,0.04309547886601857,0.005209006087666148,0.0002487404633060502,0.007778250430974025,75.57987258140638,0
2018-02-26,0.009734115622203499,0.04990444888290879,0.039783080158633854,-0.0062156692693739555,0.01439396449208681,0.01597680004821018,-0.0057034229678363845,0.04309547886601857,0.005209006087666148,0.004737557500856547,85.371130059325,1
2018-02-27,0.015909517633765136,0.06478086380386205,0.04810600286916,0.01664723343315621,0.014254946829414007,0.014822130128362561,-0.0062156692693739555,-0.0057034229678363845,0.04309547886601857,0.0002487404633060502,85.02230542658326,1
2018-02-28,0.012040194265736215,0.06867554146494204,0.05596155915555956,0.007050557996666762,0.01417879374573853,0.014600304092680594,0.01664723343315621,-0.0062156692693739555,-0.0057034229678363845,0.005209006087666148,85.3498006461624,0
2018-03-01,0.0011373839578894263,0.05374471935710945,0.05254756863762555,-0.010594566431396028,0.015239076385059946,0.014463101542880523,0.007050557996666762,0.01664723343315621,-0.0062156692693739555,0.04309547886601857,82.20426945855705,0
2018-03-02,-0.022892758767412924,0.021583640093805423,0.04551844156339757,-0.028569927347525448,0.018756460923964435,0.01593149805105443,-0.010594566431396028,0.007050557996666762,0.01664723343315621,-0.0057034229678363845,67.6072813389339,1
2018-03-05,-0.012628082209949043,0.027642677063458354,0.04078580578181912,0.009212156767009316,0.01886642439933089,0.015786612441628576,-0.028569927347525448,-0.010594566431396028,0.007050557996666762,-0.0062156692693739555,69.94382106750687,1
2018-03-06,0.007772291022910549,0.04246306828129498,0.03442322989767099,0.01983106023474254,0.019548684298498802,0.0146583873875164,0.009212156767009316,-0.028569927347525448,-0.010594566431396028,0.01664723343315621,71.12011857787272,0
2018-03-07,0.008316984526620885,0.03595516235936036,0.027410207560586652,-0.0018944317878973483,0.019668782444557692,0.014237933124499223,0.01983106023474254,0.009212156767009316,-0.028569927347525448,0.007050557996666762,67.96535881484381,1
2018-03-08,0.013752276832524446,0.03794641125332543,0.02386592363214768,0.006379258980340423,0.014318347940928363,0.014244815162301935,-0.0018944317878973483,0.01983106023474254,0.009212156767009316,-0.010594566431396028,67.77938412094349,0
2018-03-09,0.0011400854541474548,0.025891898910461952,0.024723626409471233,-0.007327786201987919,0.014406922719401827,0.014291415456280715,0.006379258980340423,-0.0018944317878973483,0.01983106023474254,-0.028569927347525448,63.90869458842216,1
2018-03-12,0.0006150294675029144,0.025007265007161994,0.024377242816990163,0.0035524016043679218,0.01423474655419208,0.014283318411294417,-0.007327786201987919,0.006379258980340423,-0.0018944317878973483,0.009212156767009316,64.61537410906851,0
2018-03-13,-0.006349518789242281,0.01218774550985513,0.01865571913829278,-0.00854707513142848,0.013449840321584017,0.0145206095379111,0.0035524016043679218,-0.007327786201987919,0.006379258980340423,0.01983106023474254,60.41094201035512,0
2018-03-14,-0.013930513477951378,-0.0017328008895338698,0.012370033506908129,-0.01102865698819314,0.013448982042512738,0.014708575627383327,-0.00854707513142848,0.0035524016043679218,-0.007327786201987919,-0.0018944317878973483,43.97992781935245,0
2018-03-15,-0.010847222195284334,-0.005692055656638995,0.005211698995666314,-0.0019304731013418985,0.013174392227142354,0.01449698989213782,-0.01102865698819314,-0.00854707513142848,0.0035524016043679218,0.006379258980340423,45.189001724608936,1
2018-03-16,0.002296439743850298,0.004037715109152629,0.00173728579316057,0.0120049460968234,0.00994569650312565,0.014614508833968186,-0.0019304731013418985,-0.01102865698819314,-0.00854707513142848,-0.007327786201987919,51.65016401929355,1
2018-03-19,0.03274320336478809,0.03600968943939664,0.003162921880256242,0.035173614178267094,0.014414577155642998,0.016361110276510254,0.0120049460968234,-0.0019304731013418985,-0.01102865698819314,0.0035524016043679218,57.28862584668441,0
2018-03-20,0.021668159241957197,0.027342666197985865,0.0055541585638130275,-0.004850468265529144,0.01361159396503536,0.016459286006245546,0.035173614178267094,0.0120049460968234,-0.0019304731013418985,-0.00854707513142848,53.6189001507847,0
2018-03-21,-0.003440483717855103,0.00370246003013186,0.0071676037720607155,-0.021058335788959805,0.015467325384787785,0.01734611840297883,-0.004850468265529144,0.035173614178267094,0.0120049460968234,-0.01102865698819314,50.27700391951986,0
2018-03-22,-0.024413228433868395,-0.016486908822424207,0.008124669011983165,-0.021269756220601458,0.016671651146296415,0.01521080682576973,-0.021058335788959805,-0.004850468265529144,0.035173614178267094,-0.0019304731013418985,52.456641472040054,0
2018-03-23,-0.03220456498453428,-0.027819045174853896,0.0045314532916869155,-0.012884553387133098,0.016939848762819138,0.015412169290323864,-0.021269756220601458,-0.021058335788959805,-0.004850468265529144,0.0120049460968234,45.96889798804243,1
2018-03-26,-0.014502488395710111,-0.019838888237511565,-0.005414929798365775,0.007556344512401051,0.017160021103584083,0.015489203796274444,-0.012884553387133098,-0.021269756220601458,-0.021058335788959805,0.035173614178267094,41.679370676288265,1
2018-03-27,-0.003961947527252541,-0.01728044501852022,-0.013371474571883368,0.0012134451551137323,0.017066776260476726,0.014958641588204171,0.007556344512401051,-0.012884553387133098,-0.021269756220601458,-0.004850468265529144,42.638030061695204,0
2018-03-28,0.000582869736810876,-0.016236863655435974,-0.016809935389630493,-0.0007278607561695964,0.016749581996593196,0.014827937121670923,0.0012134451551137323,0.007556344512401051,-0.012884553387133098,-0.021058335788959805,39.96814118179892,1
2018-03-29,0.0034988882543212085,-0.012729333636633089,-0.016171639132739668,0.0024242436115064756,0.016769977581369683,0.01470624722940868,-0.0007278607561695964,0.0012134451551137323,0.007556344512401051,-0.021269756220601458,42.998346921291756,1
2018-04-03,0.0027632699611783718,-0.01142225813947828,-0.014146437674373291,0.0016935100132971083,0.01624198472663527,0.013216533816356535,0.0024242436115064756,-0.0007278607561695964,0.0012134451551137323,-0.012884553387133098,42.23706721309635,1
2018-04-04,0.003969382912348607,-0.008841124718381721,-0.012759858864987539,0.002655343952326529,0.010304002526257038,0.013066283946567012,0.0016935100132971083,0.0024242436115064756,-0.0007278607561695964,0.007556344512401051,45.993021355418094,1
2018-04-05,0.021223338811046988,0.013892032375280472,-0.0071789452484526395,0.022879945431655065,0.013455973989255856,0.013324472474271412,0.002655343952326529,0.0016935100132971083,0.0024242436115064756,0.0012134451551137323,57.69232085942279,0
2018-04-06,0.0050359858597497364,0.0015653381864679794,-0.0034532571192591455,-0.012566822863898416,0.012322429349500074,0.01362315070349504,0.022879945431655065,0.002655343952326529,0.0016935100132971083,-0.0007278607561695964,53.81166757976202,1
2018-04-09,0.008403349712198027,0.00971708406328431,0.0013027865798553862,0.007843148448027663,0.010238773049661276,0.013664980435523765,-0.012566822863898416,0.022879945431655065,0.002655343952326529,0.0024242436115064756,52.60736045562986,1
2018-04-10,0.01767605849407894,0.025708389564213396,0.007892817172117095,0.016669023481869258,0.009714070391147734,0.01405952690226001,0.007843148448027663,-0.012566822863898416,0.022879945431655065,0.0016935100132971083,46.07329341011205,0
2018-04-11,0.010072510058440454,0.02423370779381484,0.01401998133238469,-0.0006987022264082392,0.00981948385607047,0.014050086310198889,0.016669023481869258,0.007843148448027663,-0.012566822863898416,0.002655343952326529,47.56758005103863,1
2018-04-12,0.013038170731550336,0.029367967047574606,0.016119625881650723,0.006502549046208556,0.009786813116197347,0.013929712988474173,-0.0006987022264082392,0.016669023481869258,0.007843148448027663,0.022879945431655065,59.22923453953328,0
2018-04-13,-0.0029441804007297456,0.015299718078559232,0.01829777041632563,-0.012344369442162108,0.01109971676712233,0.013994851260881803,0.006502549046208556,-0.0006987022264082392,0.016669023481869258,-0.012566822863898416,63.89501393661659,1
2018-04-16,-0.003263403216973715,0.01579761516454603,0.01912342583089588,0.002106974622832488,0.01110360444361544,0.01397316810730708,-0.012344369442162108,0.006502549046208556,-0.0006987022264082392,0.007843148448027663,72.88140602889925,0
2018-04-17,-0.010051440023764568,0.005520270671336203,0.015729818017488295,-0.009634679332671542,0.011857703483222038,0.013964198264591856,0.002106974622832488,-0.012344369442162108,0.006502549046208556,0.016669023481869258,63.82982560941456,1
2018-04-18,0.0010290867576996376,0.016929016929016827,0.01588358458475647,0.010569681489687642,0.012141714521328664,0.01164277180399509,-0.009634679332671542,0.002106974622832488,-0.012344369442162108,-0.0006987022264082392,66.95468363174238,1
2018-04-19,0.003654745211684629,0.018302814110968457,0.014594728883779995,0.0009341287445614755,0.009963868653424255,0.011605928565819807,0.010569681489687642,-0.009634679332671542,0.002106974622832488,0.006502549046208556,67.67243278723882,1
2018-04-20,0.007715688566752421,0.023497701731523657,0.015661176405040944,0.006050765777389481,0.008835555125062856,0.010607160058748288,0.0009341287445614755,0.010569681489687642,-0.009634679332671542,-0.012344369442162108,68.75002384188814,1
2018-04-23,0.00928347400400198,0.025258296058144225,0.015827884301689243,0.003936585338394735,0.008672655045699522,0.009237306678126958,0.006050765777389481,0.0009341287445614755,0.010569681489687642,0.002106974622832488,69.38777925175779,0
2018-04-24,0.0014412316133507463,0.018090697287372892,0.016625504471390107,-0.0044007584956365225,0.007269217660038436,0.008686058929789112,0.003936585338394735,0.006050765777389481,0.0009341287445614755,-0.009634679332671542,66.06426096580192,0
2018-04-25,-0.008795194727612254,0.00506069220200267,0.013978833492243936,-0.011204570677135694,0.008137299144220015,0.00912818049172652,-0.0044007584956365225,0.003936585338394735,0.006050765777389481,0.010569681489687642,51.77778576509993,0
2018-04-26,-0.01892081289418368,-0.009994344961288926,0.00909862124302907,-0.014184634991956413,0.008699311576191792,0.009795885834656605,-0.011204570677135694,-0.0044007584956365225,0.003936585338394735,0.0009341287445614755,50.98467643006964,0
2018-04-27,-0.017815184978282272,-0.015628880314527915,0.0022259605629375567,-0.005012556428750438,0.008095112615963398,0.00988042829720347,-0.014184634991956413,-0.011204570677135694,-0.0044007584956365225,0.006050765777389481,44.94382022471912,0
2018-04-30,-0.017399953540705337,-0.02381008595138845,-0.006523643504578791,-0.008169180273313878,0.008156011912849714,0.01006595226372447,-0.005012556428750438,-0.014184634991956413,-0.011204570677135694,0.003936585338394735,31.61764155897005,0
2018-05-01,-0.016464053793899258,-0.03174509688438665,-0.015536842501214787,-0.008479760079115009,0.008061002055687657,0.010241032757302267,-0.008169180273313878,-0.005012556428750438,-0.014184634991956413,-0.0044007584956365225,29.31816794655549,0
2018-05-02,-0.00954539768937368,-0.03153579334182022,-0.022202325680697688,-0.00024335346088777074,0.0066388947839687625,0.010217081927403879,-0.008479760079115009,-0.008169180273313878,-0.005012556428750438,-0.011204570677135694,24.455209747295356,0
2018-05-03,-0.015876104528684487,-0.04235467931818149,-0.026905733019332745,-0.013475642072986627,0.0069850922015990725,0.009006013985690384,-0.00024335346088777074,-0.008479760079115009,-0.008169180273313878,-0.014184634991956413,24.337346208065057,1
2018-05-04,0.001461305910938071,-0.02774655298422979,-0.02916523955820749,0.014205524864954529,0.008741089203623802,0.009380030892212732,-0.013475642072986627,-0.00024335346088777074,-0.008479760079115009,-0.005012556428750438,32.327613705796296,1
2018-05-08,0.00813718816508624,-0.020603336069204725,-0.02850854484060994,0.006302991984293584,0.009028279140889866,0.009310090300363642,0.014205524864954529,-0.013475642072986627,-0.00024335346088777074,-0.008169180273313878,39.19821054262812,1
2018-05-09,0.022440862836309305,-0.0005330319301525277,-0.022469656291641993,0.019385568851949156,0.011765825224524617,0.009597260383558917,0.006302991984293584,0.014205524864954529,-0.013475642072986627,-0.008479760079115009,43.711337870906306,1
2018-05-10,0.027934052979272872,0.013162118761525843,-0.014370507694470791,0.013419888761223154,0.012214001676357384,0.010117430937301474,0.019385568851949156,0.006302991984293584,0.014205524864954529,-0.00024335346088777074,49.256517595806955,1
2018-05-11,0.019539781166301617,0.01661569251932349,-0.0028680476240302566,0.003035583867427737,0.011095958446699233,0.01002607532378547,0.013419888761223154,0.019385568851949156,0.006302991984293584,-0.013475642072986627,47.99999534970509,0
2018-05-14,0.001417754974333052,0.004872588016326063,0.0034499418697462314,-0.011962160261764703,0.011786837488398582,0.01000236634739628,0.003035583867427737,0.013419888761223154,0.019385568851949156,0.014205524864954529,42.039337632361146,0
2018-05-15,-0.004422665328089881,0.00397369963578309,0.008433664238288507,-0.0014167076417627958,0.011363414003836565,0.009988001246410033,-0.011962160261764703,0.003035583867427737,0.013419888761223154,0.006302991984293584,43.040312285510424,0
2018-05-16,-0.016741334590898438,-0.009971506384939266,0.00688509386606051,-0.014758687589879414,0.0121573010998938,0.01029517603511974,-0.0014167076417627958,-0.011962160261764703,0.003035583867427737,0.019385568851949156,41.964285714285715,1
2018-05-17,-0.00990098723620969,-0.006417871366565242,0.0035179470181689876,0.00239521072595485,0.012145109650086717,0.009978546509593586,-0.014758687589879414,-0.0014167076417627958,-0.011962160261764703,0.013419888761223154,48.03921568627451,0
2018-05-18,-0.010491177873152013,-0.011975332223686852,-0.0014998899629260487,-0.007202912294057997,0.011413418780511879,0.010053325702623421,0.00239521072595485,-0.014758687589879414,-0.0014167076417627958,0.003035583867427737,47.20617125479006,1
2018-05-21,-0.0009565093424944715,-0.0037437355624663216,-0.00278989478039382,0.0067242996743630675,0.01077670388881092,0.010081353197014696,-0.007202912294057997,0.00239521072595485,-0.014758687589879414,-0.011962160261764703,53.216363136660526,1
2018-05-22,0.010047876093375985,0.008010156627757059,-0.0020174483941299837,0.010476344422069806,0.011056571681481232,0.010370760329912262,0.0067242996743630675,-0.007202912294057997,0.00239521072595485,-0.0014167076417627958,60.72797853246727,0
2018-05-23,-0.0012436504249242475,-0.0013988856181780251,-0.00015542849196381603,-0.01095511314300399,0.009856393251561374,0.010577780758671553,0.010476344422069806,0.0067242996743630675,-0.007202912294057997,-0.014758687589879414,55.90829873419358,0
2018-05-24,-0.014496918928806002,-0.016326661227070938,-0.0018566581205164967,-0.016904531734424102,0.009579601663528125,0.010922592662133726,-0.01095511314300399,0.010476344422069806,0.0067242996743630675,0.00239521072595485,54.467363502032946,1
2018-05-25,-0.008939746499341372,-0.01111418753381277,-0.0021940553329534707,0.004374217893112244,0.009698339218727602,0.010602381348734702,-0.016904531734424102,-0.01095511314300399,0.010476344422069806,-0.007202912294057997,51.1069945524416,0
2018-05-29,-0.03529551817064669,-0.0444598522129408,-0.009499628347238387,-0.03674851768592126,0.014134158846065052,0.013283974570096653,0.004374217893112244,-0.016904531734424102,-0.01095511314300399,0.0067242996743630675,37.75571894637248,1
2018-05-30,-0.02193984430951934,-0.0405795944527404,-0.019057876997414236,0.0021108626346856996,0.014315255227293539,0.013251909418962989,-0.03674851768592126,0.004374217893112244,-0.016904531734424102,0.010476344422069806,30.124950979659502,0
2018-05-31,-0.020344066991462184,-0.048030415667130066,-0.028261298424072878,-0.00978761252555685,0.01406328960591591,0.01328881619672359,0.0021108626346856996,-0.03674851768592126,0.004374217893112244,-0.01095511314300399,21.14981163092625,1
2018-06-01,0.006199651208118606,-0.0247036688334904,-0.0307129107076356,0.023351205882324432,0.016694301715238197,0.014453993426376982,-0.00978761252555685,0.0021108626346856996,-0.03674851768592126,-0.016904531734424102,30.8162455141413,1
2018-06-04,0.021085656233888583,-0.01234387349430055,-0.03273920216594628,0.013039964206378625,0.017401802522020685,0.014453103209202454,0.023351205882324432,-0.00978761252555685,0.0021108626346856996,0.004374217893112244,38.79915451101847,0
2018-06-05,-0.011662169278094048,-0.04313393611934713,-0.03184312677605927,-0.03355602467766654,0.019800647809338875,0.015931591601019205,0.013039964206378625,0.023351205882324432,-0.00978761252555685,-0.03674851768592126,32.42485356263231,1
2018-06-06,0.003500403382340034,-0.025112140650209724,-0.028512737948196087,0.017291481681558602,0.02051451528018533,0.016412809691647063,-0.03355602467766654,0.013039964206378625,0.023351205882324432,0.0021108626346856996,40.84826725426441,0
2018-06-07,-0.0008940787955291629,-0.023278199883431716,-0.02240415216528535,-0.0004970482459811196,0.02043104731964534,0.015674076316707544,0.017291481681558602,-0.03355602467766654,0.013039964206378625,-0.00978761252555685,39.989788556178105,0
2018-06-08,-0.008717310087173136,-0.030233325612130102,-0.02170522671675934,-0.010746043328199261,0.020079688903417235,0.01531954919066275,-0.0004970482459811196,0.017291481681558602,-0.03355602467766654,0.023351205882324432,39.33767796822981,1
2018-06-11,0.0008006435690564029,-0.0219164056042791,-0.022698875464669976,0.0050125418235441935,0.020107144113924752,0.01537082076955299,-0.010746043328199261,-0.0004970482459811196,0.017291481681558602,0.013039964206378625,38.7227625142591,0
2018-06-12,-0.006118618496071204,-0.02456730728003076,-0.018562264197004352,-0.005917436925597789,0.016385738173009333,0.015254410688741829,0.0050125418235441935,-0.010746043328199261,-0.0004970482459811196,-0.03355602467766654,34.02704507220936,0
2018-06-13,-0.007473523242050861,-0.02590064170230577,-0.018565870928145323,-0.004739118587307233,0.0164322062081476,0.015252222529983865,-0.005917436925597789,0.0050125418235441935,-0.010746043328199261,0.017291481681558602,35.27507198343419,1
2018-06-14,0.006724894192406516,-0.010587084309779615,-0.017196334969022287,0.013652094919002208,0.0166549759734021,0.01545559835088248,-0.004739118587307233,-0.005917436925597789,0.0050125418235441935,-0.0004970482459811196,43.52617010410027,0
2018-06-15,-0.019297512645415127,-0.037042753801619255,-0.018094418424563496,-0.03067514302434003,0.017584126187064876,0.016688227558416705,0.013652094919002208,-0.004739118587307233,-0.005917436925597789,-0.010746043328199261,35.93824642397354,1
2018-06-18,-0.01216050316026085,-0.03195931245171668,-0.02004253662137978,0.002156680824308661,0.016748963155771658,0.01671264265509604,-0.03067514302434003,0.013652094919002208,-0.004739118587307233,0.0050125418235441935,44.4831772305565,0
2018-06-19,-0.016289843633267242,-0.0378935385593161,-0.02196144340507844,-0.010104254849216779,0.013626208463584052,0.016614438597394098,0.002156680824308661,-0.03067514302434003,0.013652094919002208,-0.005917436925597789,41.411908298013614,1
2018-06-20,-0.008497152216027426,-0.030198057334601014,-0.02188688128034677,0.003620365752990682,0.012015333645867552,0.01636986833665732,-0.010104254849216779,0.002156680824308661,-0.03067514302434003,-0.004739118587307233,44.904999380688494,0
2018-06-21,-0.015935440037805892,-0.043266791213162126,-0.027773941149151993,-0.018234420591580165,0.012756060515977809,0.016604837166752984,0.003620365752990682,-0.010104254849216779,0.002156680824308661,0.013652094919002208,32.5789373476905,1
2018-06-22,0.00436908980221018,-0.021274964260238893,-0.02553250027586873,0.01988513448756546,0.014882810165907678,0.017204533411694947,-0.018234420591580165,0.003620365752990682,-0.010104254849216779,-0.03067514302434003,34.848935925436976,0
2018-06-25,-0.00944472660899931,-0.035403778451445156,-0.026206565690755745,-0.018519034537163068,0.015408017885747626,0.017459979827878194,0.01988513448756546,-0.018234420591580165,0.003620365752990682,0.002156680824308661,38.37137229381551,0
2018-06-26,-0.01267966098918094,-0.040136486118397374,-0.027809439393019053,-0.00737782193285423,0.015425774817996864,0.015704893392057925,-0.018519034537163068,0.01988513448756546,-0.018234420591580165,-0.010104254849216779,29.34600846962455,0
2018-06-27,-0.012335307358526615,-0.042801541517085706,-0.03084673815470529,-0.005622449253894923,0.015426430568235242,0.01568053314969178,-0.00737782193285423,-0.018519034537163068,0.01988513448756546,0.003620365752990682,28.421430588857334,1
2018-06-28,-0.001954907043927867,-0.03122060213025124,-0.029323018862446704,0.010160958390219329,0.014987613473231996,0.01585209683526553,-0.005622449253894923,-0.00737782193285423,-0.018519034537163068,-0.018234420591580165,34.986787337440305,0
2018-06-29,-0.0015214936368831422,-0.03273105529595044,-0.031257119166987146,-0.004855906160526079,0.012111166359982613,0.014701118401965708,0.010160958390219329,-0.005622449253894923,-0.00737782193285423,0.01988513448756546,31.763946395975168,0
2018-07-02,-0.015275468248846735,-0.04648271721114294,-0.03169134916015526,-0.019231394848684212,0.012978571880869337,0.014583688466343602,-0.004855906160526079,0.010160958390219329,-0.005622449253894923,-0.018519034537163068,29.404552151916945,1
2018-07-03,-0.009892561584215032,-0.041664115807467206,-0.03208899659827624,0.0019398681673262628,0.013013940612124329,0.012987174237829842,-0.019231394848684212,-0.004855906160526079,0.010160958390219329,-0.00737782193285423,31.062510877832082,0
2018-07-04,-0.007522662727877938,-0.03781958229693705,-0.030526560588609253,0.0,0.012832949687887415,0.012100739325310238,0.0019398681673262628,-0.019231394848684212,-0.004855906160526079,-0.005622449253894923,24.658488704709015,1
2018-07-05,0.0005147787817543215,-0.0298126918869539,-0.03031186676286335,0.004511832744045258,0.012058624869732571,0.012228315779889995,0.0,0.0019398681673262628,-0.019231394848684212,0.010160958390219329,33.49964072782882,0
2018-07-06,0.0026666211647323745,-0.027171391984460058,-0.029758658081717848,-0.0005360820384594545,0.009391574618458715,0.012133815756563806,0.004511832744045258,0.0,0.0019398681673262628,-0.004855906160526079,32.18198424374934,1
2018-07-09,0.009539147281953486,-0.014377776928772179,-0.023690932912427076,0.0100299862308159,0.008791821424905776,0.012363201942722645,-0.0005360820384594545,0.004511832744045258,0.0,-0.019231394848684212,40.23671081347408,0
2018-07-10,-0.0014137242227673097,-0.021158905954011487,-0.019773135491849114,-0.010137253498279515,0.009050322603577486,0.012451433643314776,0.0100299862308159,-0.0005360820384594545,0.004511832744045258,0.0019398681673262628,35.47870525181237,1
2018-07-11,0.0020098138960193968,-0.013316455796035465,-0.015295528526275692,0.0052415533168647015,0.009135337852490774,0.012585940051230822,-0.010137253498279515,0.0100299862308159,-0.0005360820384594545,0.0,43.86753984418859,1
2018-07-12,0.009783434866703411,0.00034312641613354344,-0.009348844637975473,0.0108234993892098,0.009221532159126853,0.012407083884490902,0.0052415533168647015,-0.010137253498279515,0.0100299862308159,0.004511832744045258,39.007794879559,1
2018-07-13,0.007328691852263702,0.002579352506231869,-0.004714786131326032,0.0009493786211152618,0.009078985016720628,0.01054995468586992,0.0108234993892098,0.0052415533168647015,-0.010137253498279515,-0.0005360820384594545,47.729882734958615,1
2018-07-16,0.005982132840171905,0.0040306403731242835,-0.0019398878005296716,5.277046554111676e-05,0.005971866168499649,0.010524499652305104,0.0009493786211152618,0.0108234993892098,0.0052415533168647015,0.0100299862308159,51.994944028696985,0
2018-07-17,-0.003059203952809453,-0.0017832817465641693,0.0012798374901541454,-0.007036144993437344,0.0066643520158330746,0.010412252639188997,5.277046554111676e-05,0.0009493786211152618,0.0108234993892098,-0.010137253498279515,51.12079588716896,1
2018-07-18,-0.0017228289552996268,0.002353298594127029,0.004083162139389529,0.0028627135809345017,0.006659494690031222,0.010395091745978687,-0.007036144993437344,5.277046554111676e-05,0.0009493786211152618,0.0052415533168647015,46.52588010656186,0
2018-07-19,-0.015443371680134543,-0.014357983647768191,0.0011024130061654258,-0.01805502621970716,0.009003055864172743,0.010379735152889853,0.0028627135809345017,-0.007036144993437344,5.277046554111676e-05,0.0108234993892098,39.84833822818517,1
2018-07-20,-0.005696040568022975,-0.005751612477952417,-5.589026313557177e-05,0.006768731169131433,0.009298552775059896,0.00933628134390756,-0.01805502621970716,0.0028627135809345017,-0.007036144993437344,0.0009493786211152618,54.662172890114064,0
2018-07-23,-0.0034610103579457707,-0.005789512254161466,-0.0023365888544431,-0.0010713357994658218,0.008626328003915183,0.00847746900741208,0.006768731169131433,-0.01805502621970716,0.0028627135809345017,5.277046554111676e-05,52.80056866031291,1
2018-07-24,0.010222796036987392,0.008842139043687025,-0.0013666856447078768,0.014684210012706277,0.00924142944457255,0.009025541488326504,-0.0010713357994658218,0.006768731169131433,-0.01805502621970716,-0.007036144993437344,60.28735617064225,0
2018-07-25,0.004037511241340885,0.0017023651027610054,-0.00232575587309769,-0.007102358529350019,0.009509902989080526,0.009080600060257273,0.014684210012706277,-0.0010713357994658218,0.006768731169131433,0.0028627135809345017,53.91059880964361,1
2018-07-26,0.006405045134848519,0.008188366189650464,0.0017719714973836176,0.006256941239466396,0.009046099264134147,0.008890653940791277,-0.007102358529350019,0.014684210012706277,-0.0010713357994658218,-0.01805502621970716,57.0600511949782,1
2018-07-27,0.011122865371750557,0.016839887560827993,0.00565413203960663,0.009050794689967456,0.009508346926020747,0.009049359575244057,0.006256941239466396,-0.007102358529350019,0.014684210012706277,0.006768731169131433,56.69498437634286,1
2018-07-30,0.015172924622515627,0.025747382087910164,0.01041641006070626,0.010733249573524804,0.010020952537902991,0.008034192333232977,0.009050794689967456,0.006256941239466396,-0.007102358529350019,-0.0010713357994658218,67.07064714054174,1
2018-07-31,0.015497417350089915,0.028820917890383768,0.01312017176278113,0.005169038518943049,0.00957060738160517,0.008065341853444215,0.010733249573524804,0.009050794689967456,0.006256941239466396,0.014684210012706277,67.1052906322127,0
2018-08-01,-0.00020862856750591963,0.01523378650579632,0.015445637474522655,-0.011720352719698185,0.010633916307442658,0.008636127297770076,0.005169038518943049,0.010733249573524804,0.009050794689967456,-0.007102358529350019,55.72320123594691,0
2018-08-02,-0.02443364557410843,-0.012077640621840469,0.012665468521143586,-0.027285976825004304,0.012714408890133531,0.010737958519448098,-0.011720352719698185,0.005169038518943049,0.010733249573524804,0.006256941239466396,43.512397137148184,1
2018-08-03,-0.010861149290788519,-0.0012200376341009456,0.009746975007376202,0.011512778894818726,0.01305620853216613,0.011040968730952536,-0.027285976825004304,-0.011720352719698185,0.005169038518943049,0.009050794689967456,48.12143104906962,0
2018-08-06,-0.007014517433117762,-0.0020085865844895467,0.005041293086871512,-0.0007421905217275245,0.013050756686457181,0.01081650249250544,0.011512778894818726,-0.027285976825004304,-0.011720352719698185,0.010733249573524804,50.39745039829934,1
2018-08-07,0.002053232997768939,0.0014623246665803613,-0.0005896975447311492,0.004233722748723078,0.012230838603457427,0.010579024906932221,-0.0007421905217275245,0.011512778894818726,-0.027285976825004304,0.005169038518943049,50.90481264162551,1
2018-08-08,0.02041678192700669,0.019821333656924178,-0.0005835343759811318,0.019661763636432437,0.013376118168685093,0.011362480101391232,0.004233722748723078,-0.0007421905217275245,0.011512778894818726,-0.011720352719698185,64.72866268558201,0
2018-08-09,0.006580894232676826,0.010732775713492737,0.00412473702273175,-0.008423923444694245,0.013741419619174716,0.011345200914866236,0.019661763636432437,0.004233722748723078,-0.0007421905217275245,-0.027285976825004304,59.02140779808001,0
2018-08-10,-0.012608133006255406,-0.009106773031501425,0.0035460692879862865,-0.020362578413223045,0.01497162479564203,0.012266677927091987,-0.008423923444694245,0.019661763636432437,0.004233722748723078,0.011512778894818726,51.7773261204615,0
2018-08-13,-0.024965115671466087,-0.024351544427819838,0.0006292813247075202,-0.016875766726895856,0.014965140578081109,0.012796198426580824,-0.020362578413223045,-0.008423923444694245,0.019661763636432437,-0.0007421905217275245,41.986764268983016,0
2018-08-14,-0.02223825115254363,-0.02607402596541264,-0.003923015824039422,-0.0029310843125168536,0.014599385995044114,0.012733587315157151,-0.016875766726895856,-0.020362578413223045,-0.008423923444694245,0.004233722748723078,43.129265258395066,0
2018-08-15,-0.03062324090588775,-0.0457994826272029,-0.01565566904605542,-0.022873240157476226,0.015540577305391094,0.013575873571163683,-0.0029310843125168536,-0.016875766726895856,-0.020362578413223045,0.019661763636432437,35.51577549519172,1
2018-08-16,-0.007820711090349652,-0.03231121526878433,-0.024683547068744316,0.013150030102875345,0.014745085711638338,0.013483130884285965,-0.022873240157476226,-0.0029310843125168536,-0.016875766726895856,-0.008423923444694245,36.80387565752706,1
2018-08-17,-4.378562491214044e-05,-0.029002271924922773,-0.02895975432095088,0.002302832473008884,0.01405335340043576,0.013385927825476743,0.013150030102875345,-0.022873240157476226,-0.0029310843125168536,-0.020362578413223045,33.503188551440786,1
2018-08-20,0.006949769002281947,-0.022303101431247918,-0.02905097288270353,0.0061148645154864645,0.01435531120763621,0.01348372272601431,0.002302832473008884,0.013150030102875345,-0.022873240157476226,-0.016875766726895856,33.75633866567914,1
2018-08-21,0.010189517437576123,-0.017392815318186816,-0.027304116979680937,0.0036944119212077263,0.014327770406896683,0.013037218896398365,0.0061148645154864645,0.002302832473008884,0.013150030102875345,-0.0029310843125168536,37.80894092032869,1
2018-08-22,0.008604720591725235,-0.012393091483212548,-0.020818673208884975,0.004329027710737439,0.012359507736841828,0.01302102917452754,0.0036944119212077263,0.0061148645154864645,0.002302832473008884,-0.022873240157476226,47.38077200684798,0
2018-08-23,-0.0036559099724469135,-0.021802993149604655,-0.018213670717568964,-0.011185421387023648,0.012494788607248444,0.013110815022427105,0.004329027710737439,0.0036944119212077263,0.0061148645154864645,0.013150030102875345,39.08947837418319,1
2018-08-24,-0.001977977672802389,-0.017125100010252803,-0.01517714238622736,0.002835357778107893,0.011312553572696777,0.01291673509536604,-0.011185421387023648,0.004329027710737439,0.0036944119212077263,0.002302832473008884,40.52591517382993,1
2018-08-28,-0.0017389480702489912,-0.014469129976134254,-0.012752357593513564,0.00021773348336447766,0.010061452373515719,0.012583736794285882,0.002835357778107893,-0.011185421387023648,0.004329027710737439,0.0061148645154864645,38.725081339759384,0
2018-08-29,-0.010838026025723702,-0.023313631966361048,-0.012612298358490981,-0.012378941613244186,0.010742465289042208,0.012635542382581067,0.00021773348336447766,0.002835357778107893,-0.011185421387023648,0.0036944119212077263,25.25422720619042,0
2018-08-30,-0.020587965944456332,-0.03674208361439868,-0.01649368918110128,-0.01745749201015505,0.009615908001692777,0.012898288612488467,-0.012378941613244186,0.00021773348336447766,0.002835357778107893,0.004329027710737439,23.726099657223656,0
2018-08-31,-0.026916280713784713,-0.04800092492441621,-0.021667862479600064,-0.014689564161042558,0.009134191580782972,0.011955080790933428,-0.01745749201015505,-0.012378941613244186,0.00021773348336447766,-0.011185421387023648,24.97902394851147,1
2018-09-03,-0.010104144561820738,-0.03521736808445142,-0.025369561236837646,0.010305324867917,0.010018645710559677,0.011880787622439687,-0.014689564161042558,-0.01745749201015505,-0.012378941613244186,0.002835357778107893,34.51642012725591,1
2018-09-04,0.012438768472806894,-0.014175762614017429,-0.02628754638364017,0.01952424330934398,0.01204090730554258,0.012908168577100346,0.010305324867917,-0.014689564161042558,-0.01745749201015505,0.00021773348336447766,44.23528933057592,0
2018-09-05,-0.0006063832503204747,-0.027614652955387453,-0.02702465700442014,-0.016823995709087776,0.012786244201782601,0.013224404755102524,0.01952424330934398,0.010305324867917,-0.014689564161042558,-0.012378941613244186,46.30541254791077,0
2018-09-06,-0.008374248885406388,-0.032978631326678554,-0.02481216569216438,-0.010163854109857585,0.012616404364927456,0.01216235117270259,-0.016823995709087776,0.01952424330934398,0.010305324867917,-0.01745749201015505,37.42642515273214,0
2018-09-07,-0.016613323792777912,-0.03782001655128353,-0.021564958394897804,-0.009694954539745757,0.012543565307760721,0.012186764765105867,-0.010163854109857585,-0.016823995709087776,0.01952424330934398,-0.014689564161042558,33.838773159142036,1
2018-09-10,-0.0028425630572656013,-0.02221581773392256,-0.019428481360029726,0.013094425822134693,0.013614230296522645,0.012212407145106673,-0.009694954539745757,-0.010163854109857585,-0.016823995709087776,0.010305324867917,36.81403063968852,0
2018-09-11,-0.00742976686645791,-0.030993325171462027,-0.02373994052855488,-0.011719981158454343,0.013744891057285104,0.011955250501952274,0.013094425822134693,-0.009694954539745757,-0.010163854109857585,0.01952424330934398,32.512699539529365,0
2018-09-12,-0.015278000717902529,-0.041848868571983555,-0.02698311591845437,-0.014526449950097995,0.013889002462743348,0.012243827684060163,-0.011719981158454343,0.013094425822134693,-0.009694954539745757,-0.016823995709087776,27.880043290425988,0
2018-09-13,-0.01086784217504655,-0.03993043852905742,-0.029381914362098915,-0.00011616208460469885,0.013258937608790733,0.011353928541521658,-0.014526449950097995,-0.011719981158454343,0.013094425822134693,-0.010163854109857585,29.963378930812297,0
2018-09-14,-0.01342498532355263,-0.043214185516876724,-0.030194561741555548,-0.006525280209836693,0.012733013071722931,0.010796313771957446,-0.00011616208460469885,-0.014526449950097995,-0.011719981158454343,-0.009694954539745757,27.455201249142064,1
2018-09-17,-0.006594079154812804,-0.03980161468232568,-0.03342796215595334,0.00035063736189847565,0.011972785624856567,0.010753223583034014,-0.006525280209836693,-0.00011616208460469885,-0.014526449950097995,0.013094425822134693,27.507178513536644,0
2018-09-18,-0.010279140838033829,-0.04540867799884385,-0.035494388984137926,-0.00986498103401841,0.008848981746329039,0.010614260421577239,0.00035063736189847565,-0.006525280209836693,-0.00011616208460469885,-0.011719981158454343,28.09072668975385,1
2018-09-19,0.01003497734648473,-0.02168326542240817,-0.03140311323893119,0.021368017063827734,0.011721231321724587,0.011944408801319214,-0.00986498103401841,0.00035063736189847565,-0.006525280209836693,-0.014526449950097995,40.70350355152961,1
2018-09-20,0.014248102589308642,-0.012187552270715662,-0.02606428820772322,0.006563437827004278,0.011743929550480094,0.012028260252504863,0.021368017063827734,-0.00986498103401841,0.00035063736189847565,-0.00011616208460469885,47.272722018322106,1
2018-09-21,0.02084490602618927,0.002396661465912331,-0.018071544904984416,0.012772471093016529,0.012063226790618126,0.012363145065263807,0.006563437827004278,0.021368017063827734,-0.00986498103401841,-0.006525280209836693,48.09842547683729,0
2018-09-24,0.012170416726674516,0.0016278044953215165,-0.010415847032407277,-0.002950548434042142,0.011341961086819893,0.012315426895463185,0.012772471093016529,0.006563437827004278,0.021368017063827734,0.00035063736189847565,39.42951065619208,0
2018-09-25,0.0007085820601921977,-0.0008273473612766535,-0.0015348418600616975,-0.0048989026073683745,0.01078111171710908,0.012317107731584691,-0.002950548434042142,0.012772471093016529,0.006563437827004278,-0.00986498103401841,43.357920074323275,1
2018-09-26,0.0006154571920760077,0.0035834429690255742,0.0029661602323016734,0.002737290627136409,0.009459049003534626,0.012134435664618717,-0.0048989026073683745,-0.002950548434042142,0.012772471093016529,0.021368017063827734,48.526545120972365,1
2018-09-27,0.004000515748047606,0.010223411366778956,0.006198100021985287,0.006131429314534198,0.009514051319795195,0.01165248754103733,0.002737290627136409,-0.0048989026073683745,-0.002950548434042142,0.006563437827004278,55.52176736132583,0
2018-09-28,-0.018579453725371287,-0.01669185974881271,0.0019233283669510826,-0.028125564041733362,0.0134470975059916,0.012842780143883984,0.006131429314534198,0.002737290627136409,-0.0048989026073683745,0.012772471093016529,38.76452881789365,1
2018-10-01,-0.010991552396148796,-0.011694596997832485,-0.0007108580350217997,0.0036027415944909894,0.013484819486148552,0.01261413894559392,-0.028125564041733362,0.006131429314534198,0.002737290627136409,-0.002950548434042142,44.40188041039614,0
2018-10-02,-0.01769849840866644,-0.02083345516829016,-0.0031914404635898785,-0.012373189035216843,0.013725045201341289,0.011811880693318491,0.0036027415944909894,-0.028125564041733362,0.006131429314534198,-0.0048989026073683745,45.26827968434357,1
2018-10-03,-0.0012272966853253964,-0.006387153415849833,-0.00516619718720801,0.013069062753507815,0.012519872606114084,0.011869465364784426,-0.012373189035216843,0.0036027415944909894,-0.028125564041733362,0.002737290627136409,50.70424237865486,1
2018-10-04,0.01186607896848546,0.004414140281358447,-0.007364550351093513,0.0102647734899655,0.01279848862031012,0.011968986672110089,0.013069062753507815,-0.012373189035216843,0.0036027415944909894,0.006131429314534198,56.886237705827455,0
2018-10-05,0.0026204834646206265,-0.002974802342838534,-0.005580661775554607,-0.007833242385270747,0.012160601197847115,0.011901103130319777,0.0102647734899655,0.013069062753507815,-0.012373189035216843,-0.028125564041733362,53.64668699112851,0
2018-10-08,-0.01634383545034579,-0.023493924933795096,-0.007268891042555348,-0.023046012726281585,0.01386866394920849,0.012466761796891716,-0.007833242385270747,0.0102647734899655,0.013069062753507815,0.0036027415944909894,49.146238061011395,0
2018-10-09,-0.020688403831657043,-0.02870015443917373,-0.00818100249079412,-0.007364361073591983,0.013907348417912998,0.012330029418141942,-0.023046012726281585,-0.007833242385270747,0.0102647734899655,-0.012373189035216843,39.07014747878426,1
2018-10-10,0.0029919096353838714,-0.006068745825134392,-0.009033627662871302,0.022864902717844127,0.01629032481583504,0.013144677673578633,-0.007364361073591983,-0.023046012726281585,-0.007833242385270747,0.013069062753507815,45.19443474211201,0
2018-10-11,-0.010996769701370424,-0.025962726480870058,-0.01513236390034911,-0.02143527716406664,0.017024492683270557,0.013978195221584278,0.022864902717844127,-0.007364361073591983,-0.023046012726281585,0.0102647734899655,35.170971887841006,0
2018-10-12,-0.019491316871226405,-0.041667145237539116,-0.02261665679038183,-0.018018505502678365,0.01575413545793531,0.014435904950695464,-0.02143527716406664,0.022864902717844127,-0.007364361073591983,-0.007833242385270747,32.3699487110635,0
2018-10-15,-0.02268592847192452,-0.04904385434713199,-0.02696975991964956,-0.009989115747988882,0.015608393367529257,0.014539257927669766,-0.018018505502678365,-0.02143527716406664,0.022864902717844127,-0.023046012726281585,31.57895491629894,0
2018-10-16,-0.0200279412664075,-0.05024089434976753,-0.0308304229841041,-0.003188257006817614,0.015420665174246584,0.01443331752670261,-0.009989115747988882,-0.018018505502678365,-0.02143527716406664,-0.007364361073591983,30.037526318553574,1
2018-10-17,0.0007765845277405425,-0.03558102768871729,-0.03632939936700719,0.012934959822845803,0.01540376930194642,0.013825325519527273,-0.003188257006817614,-0.009989115747988882,-0.018018505502678365,0.022864902717844127,32.242453723119695,1
2018-10-18,0.004676307078724573,-0.032728932186345316,-0.03723113504471143,0.00024241293196071635,0.014645108130562724,0.013680789557748083,0.012934959822845803,-0.003188257006817614,-0.009989115747988882,-0.02143527716406664,37.95310012449951,0
2018-10-19,-0.0030259535137355797,-0.03830423992011334,-0.03538536086341715,-0.009621911148612949,0.014687859117438777,0.013255000848521622,0.00024241293196071635,0.012934959822845803,-0.003188257006817614,-0.018018505502678365,34.5704654032119,1
2018-10-22,0.006159198606935812,-0.024061917556680523,-0.03003611774901882,0.011559471194845945,0.014205742701679852,0.013696556924922047,-0.009621911148612949,0.00024241293196071635,0.012934959822845803,-0.009989115747988882,41.41276770212851,1
2018-10-23,0.005264010121741158,-0.01875358361777213,-0.023891826920775405,0.0026578919850421827,0.014154479058282437,0.013749158846444955,0.011559471194845945,-0.009621911148612949,0.00024241293196071635,-0.003188257006817614,37.51845365681044,1
2018-10-24,0.028065511778629038,0.011957325486323,-0.015668443409251,0.02936668599063728,0.015470798233049103,0.015487648492196136,0.0026578919850421827,0.011559471194845945,-0.009621911148612949,0.012934959822845803,44.047613040604304,1
2018-10-25,0.02751832577370905,0.021418551881112524,-0.0059364137257632565,0.007935627081436322,0.013758259595875882,0.015539086430279847,0.02936668599063728,0.0026578919850421827,0.011559471194845945,0.00024241293196071635,48.54496647004506,0
2018-10-26,-0.0019004705013839773,-0.0012242642314159724,0.0006774938270011077,-0.023522195030849107,0.014740308412443356,0.015150447612769511,0.007935627081436322,0.02936668599063728,0.0026578919850421827,-0.009621911148612949,48.44884179314332,1
2018-10-29,0.018150160869429444,0.027950753993628563,0.009625881820644278,0.0289705505246987,0.016330046669308092,0.016560671651915222,-0.023522195030849107,0.007935627081436322,0.02936668599063728,0.011559471194845945,57.70588697281468,0
2018-10-30,-0.004661581690425298,0.009983399130287118,0.014713569326083586,-0.017728439748537744,0.017794373900369996,0.016815546470265133,0.0289705505246987,-0.023522195030849107,0.007935627081436322,0.0026578919850421827,47.46683882652747,1
2018-10-31,0.008088078442852309,0.025083343175029693,0.016858908557304764,0.014834081722173233,0.017906793268297496,0.01689271918816715,-0.017728439748537744,0.0289705505246987,-0.023522195030849107,0.02936668599063728,57.018091613662286,1
2018-11-01,0.02169809899779329,0.0427643515235574,0.02061886240801325,0.017469662445620024,0.018279740434264787,0.017197348063154948,0.014834081722173233,-0.017728439748537744,0.0289705505246987,0.007935627081436322,66.41743970756356,1
2018-11-02,0.013706854423666703,0.04297246971829316,0.028869899781100994,0.0010249271374093243,0.017551892896700255,0.01708910820458026,0.017469662445620024,0.014834081722173233,-0.017728439748537744,-0.023522195030849107,70.16971419152071,0
2018-11-05,0.006769328818456488,0.03629088838460426,0.029323062116715537,-0.0046774789270614126,0.017857993953946726,0.01621128950122881,0.0010249271374093243,0.017469662445620024,0.014834081722173233,0.0289705505246987,69.48932871196892,0
2018-11-06,-0.00782446660936753,0.023220083828782156,0.031289373093144945,-0.01115395441902897,0.018631064324817447,0.016344603651516746,-0.0046774789270614126,0.0010249271374093243,0.017469662445620024,-0.017728439748537744,63.00390994332021,1
2018-11-07,0.0028358190777857395,0.03650209687410011,0.03357107629768752,0.014008652432034075,0.016881631298936085,0.01584850455210536,-0.01115395441902897,-0.0046774789270614126,0.0010249271374093243,0.014834081722173233,65.68154752592065,1
2018-11-08,0.01893194975946133,0.053791024623627504,0.03421138661163314,0.0197579112573731,0.017682720633929533,0.015439392675176114,0.014008652432034075,-0.01115395441902897,-0.0046774789270614126,0.017469662445620024,72.06386600092823,0
2018-11-09,0.005734076468449256,0.037814506236971246,0.0318975269100652,-0.011807788933144013,0.015969348248047133,0.015048882373309896,0.0197579112573731,0.014008652432034075,-0.01115395441902897,0.0010249271374093243,66.26985688811115,0
2018-11-12,-0.02411977081884975,7.617909810986312e-05,0.02479397490946411,-0.03487720370977274,0.017987792112690304,0.017107224740660586,-0.011807788933144013,0.0197579112573731,0.014008652432034075,-0.0046774789270614126,56.08803844173675,1
2018-11-13,3.478579513327418e-08,0.023938225973566984,0.02393819035506284,0.027269171209768066,0.019024014072400623,0.017936976812375053,-0.03487720370977274,-0.011807788933144013,0.0197579112573731,-0.01115395441902897,55.85055825164422,0
2018-11-14,-0.008658109535265024,0.010425591235330378,0.019250372605206012,-0.01077253619974773,0.019005114757550248,0.01807958958415254,0.027269171209768066,-0.03487720370977274,-0.011807788933144013,0.014008652432034075,51.84466688221576,0
2018-11-15,-0.03571181041774518,-0.03154291908986728,0.004323283612634565,-0.04200369998173709,0.022187088500654657,0.02064838189724229,-0.01077253619974773,0.027269171209768066,-0.03487720370977274,0.0197579112573731,48.17321113445089,0
2018-11-16,-0.030897595385535825,-0.040473680862957884,-0.009881396880066173,-0.008810670247383332,0.022092210537607102,0.020628374343801235,-0.04200369998173709,-0.01077253619974773,0.027269171209768066,-0.011807788933144013,40.1859885674765,1
2018-11-19,-0.019065843582975694,-0.034289456408488905,-0.015519505285777058,0.006645382466916821,0.0224718950666444,0.0205183714409427,-0.008810670247383332,-0.04200369998173709,-0.01077253619974773,-0.03487720370977274,45.01540777681071,0
2018-11-20,-0.02992965438334938,-0.05953451987446712,-0.030518266664773308,-0.027716862550150136,0.023546282383382876,0.021432916365365484,0.006645382466916821,-0.008810670247383332,-0.04200369998173709,0.027269171209768066,36.60800683736971,1
2018-11-21,0.00910764986334578,-0.02869500034141792,-0.03746146430450992,0.031083044837510895,0.025742029784798795,0.021565152795948964,-0.027716862550150136,0.006645382466916821,-0.008810670247383332,-0.01077253619974773,39.64635688516291,0
2018-11-22,0.003443458550832057,-0.03338080652746389,-0.03669789738973184,-0.006743734040379204,0.024214745174009168,0.021487394327553637,0.031083044837510895,-0.027716862550150136,0.006645382466916821,-0.04200369998173709,38.387981132186916,0
2018-11-23,-0.0019652873281726935,-0.038115319578482576,-0.036221217349778456,-0.005938398312718881,0.02417719763704197,0.020909711784877917,-0.006743734040379204,0.031083044837510895,-0.027716862550150136,-0.008810670247383332,38.248638634296896,1
2018-11-26,0.020025634042699414,-0.012555256228824918,-0.031941246557104175,0.024968310525148762,0.023967214280876194,0.020624405616219664,-0.005938398312718881,-0.006743734040379204,0.031083044837510895,0.006645382466916821,45.399559307890605,0
2018-11-27,0.009643073064062646,-0.014083675155288633,-0.023500134703391184,-0.002017423934425331,0.021792284947852365,0.020260060126810725,0.024968310525148762,-0.005938398312718881,-0.006743734040379204,-0.027716862550150136,42.03621163858234,0
2018-11-28,9.595295714159846e-05,-0.021586089279445386,-0.02167996198012423,-0.009309039307090055,0.021747592602498388,0.020017832021836716,-0.002017423934425331,0.024968310525148762,-0.005938398312718881,0.031083044837510895,35.68388111727778,1
2018-11-29,0.0006701786374287977,-0.01661126426301207,-0.01726986900316363,0.0026344311138014782,0.01717781973036147,0.019540048421472014,-0.009309039307090055,-0.002017423934425331,0.024968310525148762,-0.006743734040379204,38.22661461144242,0
2018-11-30,-0.023477764831688064,-0.03861928687319094,-0.015505557883065513,-0.02641617599422585,0.01903730927440742,0.02023630552548368,0.0026344311138014782,-0.009309039307090055,-0.002017423934425331,-0.005938398312718881,39.89718175552777,1
2018-12-03,-0.014094751098509217,-0.032265744506168814,-0.01843077053084563,0.0031873817325529367,0.018908302401454573,0.02029456499146976,-0.02641617599422585,0.0026344311138014782,-0.009309039307090055,0.024968310525148762,32.62247367201368,0
2018-12-04,-0.029093071834961348,-0.05373584440514145,-0.025381189334752863,-0.026542541213321818,0.01873107963920524,0.02088705297051892,0.0031873817325529367,-0.02641617599422585,0.0026344311138014782,-0.002017423934425331,30.512131552895525,0
2018-12-05,-0.023178365667254508,-0.05289012343554922,-0.030416768756959867,-0.0041563659527921945,0.014825789999416023,0.020445235954696418,-0.026542541213321818,0.0031873817325529367,-0.02641617599422585,-0.009309039307090055,36.969312502585076,0
2018-12-06,-0.038360183407894155,-0.07655239211064091,-0.03971571064735413,-0.032974949623419854,0.017279519219969088,0.020473975103972322,-0.0041563659527921945,-0.026542541213321818,0.0031873817325529367,0.0026344311138014782,33.00293386894792,1
2018-12-07,-0.021378034301299587,-0.06396293857897462,-0.04351517314172593,0.006760252340345302,0.017876119328964435,0.020698375552311542,-0.032974949623419854,-0.0041563659527921945,-0.026542541213321818,-0.02641617599422585,32.88550735488103,0
2018-12-10,-0.015180713527399692,-0.06510037275195835,-0.05068915679277519,-0.006499437906246016,0.014117996483569395,0.019615738533842107,0.006760252340345302,-0.032974949623419854,-0.0041563659527921945,0.0031873817325529367,36.67752841267742,1
2018-12-11,-0.004317866015153604,-0.05478380260365767,-0.050684786706509444,0.004424162644237223,0.014636463250225655,0.01823153366337321,-0.006499437906246016,0.006760252340345302,-0.032974949623419854,-0.026542541213321818,26.027356696108185,1
2018-12-12,0.027025627996408508,-0.019964373178972816,-0.04575348452312,0.031691936858743615,0.019455308390552786,0.020087230777396402,0.004424162644237223,-0.006499437906246016,0.006760252340345302,-0.0041563659527921945,39.176612495902866,1
2018-12-13,0.019646595971928527,-0.017594557031159308,-0.03652358881028728,0.00012580512054951646,0.019364914508588786,0.018039460972275767,0.031691936858743615,0.004424162644237223,-0.006499437906246016,-0.032974949623419854,40.53498954489417,0
2018-12-14,0.010639669826481457,-0.019196352119739135,-0.02952191848093899,-0.0036540191780382006,0.017851758021551502,0.017977957462418575,0.00012580512054951646,0.031691936858743615,0.004424162644237223,0.006760252340345302,29.945257988951383,0
2018-12-17,-0.024433853419864815,-0.049969254838029165,-0.026174956467769128,-0.035984389544455916,0.020501808539870988,0.019369472072557806,-0.0036540191780382006,0.00012580512054951646,0.031691936858743615,-0.006499437906246016,24.837850528095927,0
2018-12-18,-0.026231625411118564,-0.051193198216812785,-0.025633994137705396,-0.0041961732416727635,0.019277715638438154,0.018560682822286824,-0.035984389544455916,-0.0036540191780382006,0.00012580512054951646,0.004424162644237223,25.601580142347444,0
2018-12-19,-0.02152562535532976,-0.051317506680827574,-0.03044727802536129,-0.004873817363279713,0.01927785169050322,0.01673993675116312,-0.0041961732416727635,-0.035984389544455916,-0.0036540191780382006,0.031691936858743615,23.891439316211702,0
2018-12-20,-0.03091326087152213,-0.06883588036357446,-0.039132327335483885,-0.02419102489072206,0.0179945528545182,0.01729335912651785,-0.004873817363279713,-0.0041961732416727635,-0.035984389544455916,0.00012580512054951646,24.491149068322983,1
2018-12-21,-0.011070693682046273,-0.05691427760160739,-0.04635678569406443,0.007815722822846807,0.018065287866336287,0.0175527413762944,-0.02419102489072206,-0.004873817363279713,-0.0041961732416727635,-0.0036540191780382006,26.09562378669304,0
2018-12-24,-0.02016441842686234,-0.06702788909290636,-0.04782789229883255,-0.0178769616242456,0.01862247967529226,0.01627591474252368,0.007815722822846807,-0.02419102489072206,-0.004873817363279713,-0.035984389544455916,27.598320890024723,0
2018-12-27,-0.013959008911644477,-0.062152906964564214,-0.04887616081733592,-0.001914914939953041,0.018384822454498555,0.01627761646055307,-0.0178769616242456,0.007815722822846807,-0.02419102489072206,-0.0041961732416727635,27.971526345569686,1
2018-12-28,0.015255198408522741,-0.030904686250483038,-0.045466287423461926,0.027413758698379663,0.01745445539556771,0.01799556007396684,-0.001914914939953041,-0.0178769616242456,0.007815722822846807,-0.004873817363279713,44.115456269909984,1
2018-12-31,0.014149056963253193,-0.02318093277997524,-0.03680917463455369,0.0025278060302687303,0.017560256153500965,0.017993113427594166,0.027413758698379663,-0.001914914939953041,-0.0178769616242456,-0.02419102489072206,42.71624805357939,1
2019-01-02,0.012933884502672743,-0.01825625998005176,-0.030791885788318818,0.0010623401061605837,0.017678088697942757,0.017330067127930743,0.0025278060302687303,0.027413758698379663,-0.001914914939953041,0.007815722822846807,44.749201634220825,0
2019-01-03,0.0048416165924720644,-0.016783939101351564,-0.021521357532103713,-0.002791243832782513,0.0139393369046989,0.017252903496695563,0.0010623401061605837,0.0025278060302687303,0.027413758698379663,-0.0178769616242456,42.51782003576089,1
2019-01-04,0.024844764959899734,0.016222910848147754,-0.008412839101626712,0.031703019151337275,0.017415119840012996,0.018172904520773102,-0.002791243832782513,0.0010623401061605837,0.0025278060302687303,-0.001914914939953041,42.24345341277125,1
2019-01-07,0.01984303420295297,0.019334684693024462,-0.0004984585792910945,0.0020610084651396963,0.01725328806412596,0.018174278573142556,0.031703019151337275,-0.002791243832782513,0.0010623401061605837,0.027413758698379663,42.92451698499792,1
2019-01-08,0.023179632495762714,0.03044439843869262,0.007100186235343253,0.012150876120027259,0.014612988659689985,0.01673583751608688,0.0020610084651396963,0.031703019151337275,-0.002791243832782513,0.0025278060302687303,47.907334251749404,0
2019-01-09,0.01184641386761065,0.02634252988904362,0.01432639956297721,-0.003183296612394606,0.01489043639699438,0.016712388825888425,0.012150876120027259,0.0020610084651396963,0.031703019151337275,0.0010623401061605837,59.187466097456166,1
2019-01-10,0.016198936458530433,0.040798438108544,0.024207368033412058,0.015941563461834944,0.012778995796834006,0.01694884543676885,-0.003183296612394606,0.012150876120027259,0.0020610084651396963,-0.002791243832782513,65.16567847505408,0
2019-01-11,-2.5446842971565964e-05,0.02588530445240811,0.02591141065897795,-0.013394154839321685,0.014249226486918998,0.01727504791375251,0.015941563461834944,-0.003183296612394606,0.012150876120027259,0.031703019151337275,61.55697217107725,1
2019-01-14,0.0073180828646013385,0.03824241777179238,0.030699672162390668,0.012012497729453581,0.012573353877649575,0.015945446807959406,-0.013394154839321685,0.015941563461834944,-0.003183296612394606,0.0020610084651396963,74.31036138365756,0
2019-01-15,0.004926761475482433,0.03808489718091268,0.03299557438070999,-0.0001256301528596088,0.012677858209706835,0.015945472823185747,0.012012497729453581,-0.013394154839321685,0.015941563461834944,0.012150876120027259,72.89216045685131,1
2019-01-16,0.013589862727242163,0.05207575618613247,0.03796988789463329,0.014352744313262061,0.012851312272461462,0.01623257855526123,-0.0001256301528596088,0.012012497729453581,-0.013394154839321685,-0.003183296612394606,84.6225233396022,0
2019-01-17,0.005870428722552612,0.04286423110776805,0.036777900342688685,-0.006339688195612997,0.013192264409236482,0.013865783183914564,0.014352744313262061,-0.0001256301528596088,0.012012497729453581,0.015941563461834944,81.83445600519045,1
2019-01-18,0.029086941185383353,0.07372904875001862,0.04338030712275187,0.03359803287882505,0.013601498477520676,0.015408034328575727,-0.006339688195612997,0.014352744313262061,-0.0001256301528596088,-0.013394154839321685,82.914652817004,0
2019-01-21,0.016138993674135182,0.06325658412083346,0.04636923761416889,-0.0054410017343580796,0.014084559993681314,0.015426313997088551,0.03359803287882505,-0.006339688195612997,0.014352744313262061,0.012012497729453581,79.59025035739434,0
2019-01-22,0.0005392738012637288,0.0470955309536123,0.04653116411459912,-0.010359072592133785,0.0147669396645399,0.014356167651714437,-0.0054410017343580796,0.03359803287882505,-0.006339688195612997,-0.0001256301528596088,74.24830926570043,0
2019-01-23,-0.003695008375419584,0.03990805169300837,0.04376477126479994,-0.002453048589793663,0.014730846010801395,0.014432111422330605,-0.010359072592133785,-0.0054410017343580796,0.03359803287882505,0.014352744313262061,74.3056119715781,0
2019-01-24,-0.0076866614763946295,0.03325394869810494,0.041257744489671344,-0.0012287845341731232,0.01414471235651052,0.013528567094505587,-0.002453048589793663,-0.010359072592133785,-0.0054410017343580796,-0.006339688195612997,67.7632041256215,1
2019-01-25,0.0032524930098556393,0.03646908967155604,0.033108910162831684,0.008813880037405034,0.013157266921058232,0.013440696827618172,-0.0012287845341731232,-0.002453048589793663,-0.010359072592133785,0.03359803287882505,69.37506258502196,0
2019-01-28,-0.015449711492406148,0.007914475382827302,0.02373082121650638,-0.024802333576073456,0.015665605806535154,0.014080774190019409,0.008813880037405034,-0.0012287845341731232,-0.002453048589793663,-0.0054410017343580796,55.62806055488105,1
2019-01-29,-0.005548705197698567,0.012161004515141238,0.017808523962312695,0.007592302337075734,0.01581520592970158,0.014113450873509202,-0.024802333576073456,0.008813880037405034,-0.0012287845341731232,-0.010359072592133785,58.87481296758105,1
2019-01-30,-0.0009630228972257182,0.012005972377012064,0.012981496752851207,0.0033421661806014233,0.015181764977492065,0.014102281421118436,0.007592302337075734,-0.024802333576073456,0.008813880037405034,-0.002453048589793663,55.374044519550445,0
2019-01-31,-0.018125433421593673,-0.013323738356275316,0.004890334497665183,-0.0228745914433222,0.01679646779008427,0.015247772093812416,0.0033421661806014233,0.007592302337075734,-0.024802333576073456,-0.0012287845341731232,51.93546997766553,1
2019-02-01,-0.008649800658438456,-0.011664166786401808,-0.0030406672939244928,0.002777795083885324,0.011727702215722969,0.013624236403884068,-0.0228745914433222,0.0033421661806014233,0.007592302337075734,0.008813880037405034,48.92887589500055,0
2019-02-04,-0.00794149328223559,-0.013950401607421337,-0.006057010029646648,-0.0013879330240617364,0.011760149214219596,0.013633550406934293,0.002777795083885324,-0.0228745914433222,0.0033421661806014233,-0.024802333576073456,48.51314175778303,1
2019-02-05,0.0063193229027951325,-0.0017474763265701299,-0.008016142635616008,0.013295131167064114,0.012693759178164957,0.013685332692967884,-0.0013879330240617364,0.002777795083885324,-0.0228745914433222,0.007592302337075734,48.11646061423156,1
2019-02-06,0.013294897183739884,0.0033594464216424313,-0.009805093058014247,0.006581815368655769,0.01295250913058375,0.01370215837635825,0.013295131167064114,-0.0013879330240617364,0.002777795083885324,0.0033421661806014233,52.56409504004778,0
2019-02-07,-0.016894188293274603,-0.02780109675824216,-0.011094338305286389,-0.032455701916297465,0.016380810412500703,0.015207467206213476,0.006581815368655769,0.013295131167064114,-0.0013879330240617364,-0.0228745914433222,29.549403268075835,0
2019-02-08,-0.01659812374591929,-0.030398731866537743,-0.014033538529727885,-0.0030733519299360234,0.015774836652992816,0.014934733793671537,-0.032455701916297465,0.006581815368655769,0.013295131167064114,0.002777795083885324,30.09709457007085,1
2019-02-11,-0.00897260373426323,-0.024111027663990425,-0.0152754848017016,0.0057548205372822785,0.014437255783773976,0.014724886951568055,-0.0030733519299360234,-0.032455701916297465,0.006581815368655769,-0.0013879330240617364,35.31564961186416,1
2019-02-12,0.0018508081003194565,-0.016201628073656993,-0.01801908630308635,0.007748538255958705,0.014448923330646663,0.014846427726934142,0.0057548205372822785,-0.0030733519299360234,-0.032455701916297465,0.013295131167064114,39.41798639223282,0
2019-02-13,0.006137966827756358,-0.015414881353298604,-0.02142136455600485,-0.00025305799870005104,0.01434477646203173,0.014439946983086234,0.007748538255958705,0.0057548205372822785,-0.0030733519299360234,0.006581815368655769,39.698049490775276,0
2019-02-14,-0.0012979737667355717,-0.020976364057462393,-0.019703965521073896,-0.006730595740621162,0.01258336405247247,0.014447734516968848,-0.00025305799870005104,0.007748538255958705,0.0057548205372822785,-0.032455701916297465,33.87533968725684,1
2019-02-15,0.010286547755149922,-0.003156153271538953,-0.013305829971267502,0.01605288363346395,0.013654393550377146,0.01265256519339318,-0.006730595740621162,-0.00025305799870005104,0.007748538255958705,-0.0030733519299360234,48.59631617469477,0
2019-02-18,-7.592147812451877e-05,-0.009664133899579874,-0.009588940427986414,-0.008689714676838038,0.013961513936626114,0.012720346599771956,0.01605288363346395,-0.006730595740621162,-0.00025305799870005104,0.0057548205372822785,42.36309042631548,1
2019-02-19,0.004295090791143652,-0.002822201317027262,-0.007086853429268514,0.005549994672170247,0.013331739346898434,0.012675187832808726,-0.008689714676838038,0.01605288363346395,-0.006730595740621162,0.007748538255958705,43.28923476753427,1
2019-02-20,0.012511665302461727,0.009595199698399615,-0.0028804266696431657,0.011754573594814213,0.013750291056028908,0.013002371688885395,0.005549994672170247,-0.008689714676838038,0.01605288363346395,-0.00025305799870005104,56.96597401124962,0
2019-02-21,0.007040130187129234,0.009563151447699703,0.002505383037815667,-0.0006218125076125912,0.007992712139213114,0.013001563666949932,0.011754573594814213,0.005549994672170247,-0.008689714676838038,-0.006730595740621162,55.672275978797984,0
2019-02-22,-0.017888594139609193,-0.017115808675672306,0.0007868613064929697,-0.0292839265242901,0.01290336796869454,0.014280599269930201,-0.0006218125076125912,0.011754573594814213,0.005549994672170247,0.01605288363346395,45.18330379355761,1
2019-02-25,0.00010050228716029785,0.0025438344904848975,0.002443086667526906,0.01953386454405915,0.014237695329145017,0.0140737883576267,-0.0292839265242901,-0.0006218125076125912,0.011754573594814213,-0.008689714676838038,47.33824089018357,1
2019-02-26,0.028157386478743884,0.037132976821469654,0.008729782483463566,0.03505229122491432,0.01775211571885851,0.016077883664899126,0.01953386454405915,-0.0292839265242901,-0.0006218125076125912,0.005549994672170247,55.71624110363526,1
2019-02-27,0.032873706860855556,0.04804422583479373,0.014687680471647369,0.012055601545776415,0.017832777719581448,0.016258773252141277,0.03505229122491432,0.01953386454405915,-0.0292839265242901,0.011754573594814213,70.24729507196338,0
2019-02-28,0.011684694495180947,0.02890668702651089,0.017023083007026596,-0.01655320980731723,0.01882237965116231,0.015814565028360737,0.012055601545776415,0.03505229122491432,0.01953386454405915,-0.0006218125076125912,64.60555411559163,0
2019-03-01,-0.006334987675105208,0.017265341527380684,0.023750790165458113,-0.01016358252078341,0.018857875959108695,0.016038014128015993,-0.01655320980731723,0.012055601545776415,0.03505229122491432,-0.0292839265242901,59.79239594718029,1
2019-03-04,-0.0042568347061697764,0.0233174701872072,0.02769218595162548,0.00760183572659816,0.018546024029638248,0.016087320207698395,-0.01016358252078341,-0.01655320980731723,0.012055601545776415,0.01953386454405915,59.82020797751913,1
2019-03-05,0.0011437315137847737,0.027145436305258563,0.02597199979683018,0.004995393012347213,0.018540016122568195,0.01587700033778663,0.00760183572659816,-0.01016358252078341,-0.01655320980731723,0.03505229122491432,61.01009083861183,1
2019-03-06,0.007704713603706503,0.030686211662391383,0.02280578600897809,0.0046078034380760535,0.018320214603401754,0.015848172917537658,0.004995393012347213,0.00760183572659816,-0.01016358252078341,0.012055601545776415,64.21768368540123,0
2019-03-07,-0.008553293231282177,0.009888533953143819,0.018600926361973524,-0.01855980313077039,0.019522763226975583,0.014548952797947698,0.0046078034380760535,0.004995393012347213,0.00760183572659816,-0.01655320980731723,54.648823594253315,0
2019-03-08,-0.02550696449612022,-0.01276480200873753,0.013075683481713174,-0.021803642207091637,0.018344259675486717,0.015456335676882012,-0.01855980313077039,0.0046078034380760535,0.004995393012347213,-0.01016358252078341,51.03061096116016,1
2019-03-11,-0.008547432594204651,-0.00025459582415476856,0.00836433031965278,0.013884776375511353,0.017812523199339902,0.015695723576803242,-0.021803642207091637,-0.01855980313077039,0.0046078034380760535,0.00760183572659816,52.99760049252566,1
2019-03-12,0.0050108579323018265,0.009790366419314633,0.004755678457888823,0.011486574802229258,0.01396708839952004,0.015798361727525963,0.013884776375511353,-0.021803642207091637,-0.01855980313077039,0.004995393012347213,52.96939867851793,1
2019-03-13,0.013204393464260722,0.014389564576725355,0.0011697255954570274,0.006365508723825527,0.013472169418426687,0.015829089736609823,0.011486574802229258,0.013884776375511353,-0.021803642207091637,0.0046078034380760535,54.550751499839315,1
2019-03-14,0.016487566301707002,0.0185459345029082,0.002024981189578501,0.006567780025225971,0.01261849789784439,0.015729704823226442,0.006365508723825527,0.011486574802229258,0.013884776375511353,-0.01855980313077039,64.38801430114054,1
2019-03-15,0.01346071680001848,0.022440220324587257,0.008860238365154594,0.005802063412979858,0.012119788782528415,0.015428692803623582,0.006567780025225971,0.006365508723825527,0.011486574802229258,-0.021803642207091637,61.748251375158056,1
2019-03-18,0.00873893950767024,0.02161608172813101,0.012765584549304432,0.0016859275200570671,0.011964502133637298,0.015224160046444366,0.005802063412979858,0.006567780025225971,0.006365508723825527,0.013884776375511353,52.844841874304485,1
2019-03-19,0.016103407668095038,0.03319589610640694,0.016821603302697552,0.014216862300133979,0.01260194581424618,0.015437461252836631,0.0016859275200570671,0.005802063412979858,0.006567780025225971,0.011486574802229258,53.6047730596503,0
2019-03-20,-0.00961236798196663,0.006605018211004898,0.016374786668051033,-0.024983304892446535,0.015232243995927968,0.016482648445863494,0.014216862300133979,0.0016859275200570671,0.005802063412979858,0.006365508723825527,50.559996875003804,0
2019-03-21,-0.027707142936202467,-0.016963461374246758,0.01104984108841478,-0.02375350471717355,0.01598510602175129,0.017395693976464382,-0.024983304892446535,0.014216862300133979,0.0016859275200570671,0.006567780025225971,46.47059516510049,0
2019-03-22,-0.04670788094319178,-0.04822551315942092,-0.0015919907296944036,-0.03253245138368811,0.017790654370786516,0.01769548450160362,-0.02375350471717355,-0.024983304892446535,0.014216862300133979,0.005802063412979858,36.65595281259522,1
2019-03-25,-0.033432810674613234,-0.04653904007043297,-0.013559563722587265,0.000643069326298426,0.016938960894121283,0.017078739919886603,-0.03253245138368811,-0.02375350471717355,-0.024983304892446535,0.0016859275200570671,35.15470985466992,0
2019-03-26,-0.028886339420771123,-0.0569171548253522,-0.028864608276503834,-0.014506084317040802,0.016377226054368862,0.015017635526891285,0.000643069326298426,-0.03253245138368811,-0.02375350471717355,0.014216862300133979,31.13621462305379,1
2019-03-27,-0.0034597994450760172,-0.03978175063471168,-0.036448054147148135,0.014506084317040929,0.01724236738412358,0.015161796303887863,-0.014506084317040802,0.000643069326298426,-0.03253245138368811,-0.024983304892446535,39.15001716983199,0
2019-03-28,-0.009703693621992082,-0.05172519642158102,-0.042433262175118,-0.015942217582980235,0.016997862512488603,0.01513475463180915,0.014506084317040929,-0.014506084317040802,0.000643069326298426,-0.02375350471717355,40.5063258969121,1
2019-03-29,0.001631801582539616,-0.039487374273273645,-0.04105218683237355,0.01039774686938981,0.017453089445025695,0.015354608289965262,-0.015942217582980235,0.014506084317040929,-0.014506084317040802,-0.03253245138368811,39.25167483583806,1
2019-04-01,0.021524852231922686,-0.01522686545726848,-0.03597731137807636,0.023259928168113998,0.019822330176407044,0.016267045369580842,0.01039774686938981,-0.015942217582980235,0.014506084317040929,0.000643069326298426,42.719697603663676,1
2019-04-02,0.023515269565304253,-0.0033636486363188833,-0.02626137489188496,0.010555467677398242,0.01946113965378113,0.01643384313067826,0.023259928168113998,0.01039774686938981,-0.015942217582980235,-0.014506084317040802,43.87178387937971,1
2019-04-03,0.037869580421734605,0.021972408105467744,-0.01531711943017633,0.024692612590371414,0.020186829328567992,0.017405560580309558,0.010555467677398242,0.023259928168113998,0.01039774686938981,0.014506084317040929,48.58952729783517,1
2019-04-04,0.026994005625305517,0.02532491223664146,-0.0016252221332567762,0.0040163362865122485,0.018430769226070925,0.016890352597194316,0.024692612590371414,0.010555467677398242,0.023259928168113998,-0.015942217582980235,48.141695959962036,0
2019-04-05,0.005013914359514704,0.012239381885805978,0.007189420388170387,-0.01160607472730854,0.014850282170591473,0.016318622977774973,0.0040163362865122485,0.024692612590371414,0.010555467677398242,0.01039774686938981,45.202428712942094,0
2019-04-08,-0.003613857615431648,0.007908059458695771,0.011563706663515916,-0.003939917741802751,0.015055327238303384,0.016076511777276963,-0.01160607472730854,0.0040163362865122485,0.024692612590371414,0.023259928168113998,40.55941817379915,0
2019-04-09,-0.009546226362970534,0.004123741446126816,0.013801722173161224,-0.004203199913615799,0.013949168316472619,0.01588598225967157,-0.003939917741802751,-0.01160607472730854,0.0040163362865122485,0.010555467677398242,45.13618137990271,0
2019-04-10,-0.007905233472325524,0.003118790896817991,0.011111866266291903,-0.0018600231666435283,0.013690255340118604,0.015806856989487927,-0.004203199913615799,-0.003939917741802751,-0.01160607472730854,0.024692612590371414,51.02638968128783,1
2019-04-11,0.008950340742758467,0.019343062348427642,0.010300528366954387,0.015639708894793398,0.012266021266343852,0.016157179210971484,-0.0018600231666435283,-0.004203199913615799,-0.003939917741802751,0.0040163362865122485,66.69368490428619,1
2019-04-12,0.0189847450708176,0.03353577277824815,0.014279926934940734,0.013833578463264204,0.01242830191895841,0.016417043071363786,0.015639708894793398,-0.0018600231666435283,-0.004203199913615799,-0.01160607472730854,69.39690824724933,1
2019-04-15,0.022563690230686495,0.04377267766625814,0.020740994070293173,0.010310521533539162,0.011160325192359996,0.016575994243814243,0.013833578463264204,0.015639708894793398,-0.0018600231666435283,-0.003939917741802751,77.29688677611216,0
2019-04-16,0.013488950098626162,0.04241907849961368,0.028545085171547635,-0.0016712358582292384,0.011244058075961532,0.016258527724821076,0.010310521533539162,0.013833578463264204,0.015639708894793398,-0.004203199913615799,74.32322735417617,1
2019-04-17,0.013147170148387177,0.05041911973765312,0.036788287711258194,0.009039097631260876,0.008986921344829295,0.015297781723241291,-0.0016712358582292384,0.010310521533539162,0.013833578463264204,-0.0018600231666435283,83.7883845735221,1
2019-04-18,0.009102154336865897,0.05052306392868999,0.041047290815709125,0.002837526961786486,0.008979193703345812,0.014111237779470666,0.009039097631260876,-0.0016712358582292384,0.010310521533539162,0.015639708894793398,82.97490230823291,0
2019-04-23,-0.008428738158170801,0.029479040597003126,0.038230009494991446,-0.01678706068851655,0.009997003485683933,0.012376274837904808,0.002837526961786486,0.009039097631260876,-0.0016712358582292384,0.013833578463264204,69.2093031838373,0
2019-04-24,-0.008084094435217737,0.024810325765637353,0.033162509055770784,-0.001201327296144672,0.009842788934658024,0.012405213480172305,-0.01678706068851655,0.002837526961786486,0.009039097631260876,0.010310521533539162,65.93408687301357,0
2019-04-25,-0.03568683081802804,-0.014178889471178957,0.022303896736258766,-0.036603700822523295,0.015836622058375088,0.014828424329406918,-0.001201327296144672,-0.01678706068851655,0.002837526961786486,-0.0016712358582292384,41.8181679465554,1
2019-04-26,-0.02257832196882603,-0.011915458001594548,0.010909174828933388,0.00398208226028426,0.015894524084099446,0.014555339353918931,-0.036603700822523295,-0.001201327296144672,-0.01678706068851655,0.009039097631260876,41.76521592440303,1
2019-04-29,0.005371742089688825,0.0069514423267831305,0.0015712598345074547,0.022472879013548455,0.016767468691187778,0.014633951682627764,0.00398208226028426,-0.036603700822523295,-0.001201327296144672,0.002837526961786486,54.08593774102983,0
2019-04-30,0.005631741151153724,0.0014447448340899616,-0.004163548290819552,-0.0025533369966706417,0.016121038294492216,0.014606549885652789,0.022472879013548455,0.00398208226028426,-0.036603700822523295,-0.01678706068851655,54.59184666466849,0
2019-05-01,0.0045948085209943645,-0.004649944778086557,-0.00920246971283023,-0.004514713977266338,0.015637987494171914,0.01388240724223732,-0.0025533369966706417,0.022472879013548455,0.00398208226028426,-0.001201327296144672,54.4529064496528,1
2019-05-02,0.005622773477571563,5.4675527592307205e-05,-0.005536964850869519,0.006096093256456919,0.015874831156908048,0.013766701632417822,-0.004514713977266338,-0.0025533369966706417,0.022472879013548455,-0.036603700822523295,57.00163522945374,0
2019-05-03,-0.002851099822144376,-0.005075552015097129,-0.002230812461966325,-0.005240403480789634,0.015435328587982498,0.012685692229606586,0.006096093256456919,-0.004514713977266338,-0.0025533369966706417,0.00398208226028426,50.0,0
2019-05-07,-0.022514882259706437,-0.02942411250092014,-0.007068373846126796,-0.02637103994208385,0.016872813830919948,0.0139261302026804,-0.005240403480789634,0.006096093256456919,-0.004514713977266338,0.022472879013548455,36.69647657110364,1
2019-05-08,-0.0159607119200047,-0.027624575720027633,-0.011853046866432404,0.0008777942222898809,0.01654794680522299,0.01373327818320487,-0.02637103994208385,-0.005240403480789634,0.006096093256456919,-0.0025533369966706417,32.3478367017663,0
2019-05-09,-0.024575255183734712,-0.04254408081497407,-0.018421539669494558,-0.017066320060759588,0.01697233564190497,0.014187674777498665,0.0008777942222898809,-0.02637103994208385,-0.005240403480789634,-0.004514713977266338,29.268304395455985,1
2019-05-10,-0.01184378701614186,-0.03736383130469123,-0.025825920996325524,0.004198769778581885,0.013269337838557297,0.01423239004871529,-0.017066320060759588,0.0008777942222898809,-0.02637103994208385,0.006096093256456919,26.79154106329416,0
2019-05-13,-0.016437074913036476,-0.05040036057872199,-0.03453087219883022,-0.015482351919537608,0.013744112580743048,0.014585749262997985,0.004198769778581885,-0.017066320060759588,0.0008777942222898809,-0.005240403480789634,23.018890956662744,1
2019-05-14,0.0019321566562529036,-0.03306139172110012,-0.03492606574694346,0.01624383892037256,0.012508827333823531,0.01462458113491093,-0.015482351919537608,0.004198769778581885,-0.017066320060759588,-0.02637103994208385,32.95194121816576,1
2019-05-15,0.01636343817237118,-0.016788325096488865,-0.03261802031020866,0.01485986677883042,0.013923566368991768,0.014684296932097857,0.01624383892037256,-0.015482351919537608,0.004198769778581885,0.0008777942222898809,38.75968325383136,1
2019-05-16,0.015753357902040133,-0.01048148827575035,-0.025827968939208357,0.004240948674612437,0.01406712225845635,0.014481533605306436,0.01485986677883042,0.01624383892037256,-0.015482351919537608,-0.017066320060759588,50.60658349696212,0
2019-05-17,0.0019440817468585614,-0.019814835545770237,-0.021716698255947464,-0.012147085640922468,0.014117330451000212,0.01465243152819373,0.004240948674612437,0.01485986677883042,0.01624383892037256,0.004198769778581885,45.28303894312434,0
2019-05-20,-0.014645452779113333,-0.03075233740155703,-0.016346283343261492,-0.015106633439260945,0.014582689875220045,0.014632834654994282,-0.012147085640922468,0.004240948674612437,0.01485986677883042,-0.015482351919537608,31.948040795835865,1
2019-05-21,-0.00981356592153726,-0.023030340308808572,-0.013347763544722557,0.004084760520051994,0.012565718754572014,0.014665515813695941,-0.015106633439260945,-0.012147085640922468,0.004240948674612437,0.01624383892037256,34.39106771061665,0
2019-05-22,-0.027367578049113384,-0.044952545635831176,-0.01807976702179659,-0.02698499920179295,0.01485343794620199,0.015304166953297298,0.004084760520051994,-0.015106633439260945,-0.012147085640922468,0.01485986677883042,29.970103909300178,0
2019-05-23,-0.03476151566458252,-0.0607467458872214,-0.026921046605938193,-0.021964413315774017,0.015391624875500682,0.015779002167966353,-0.02698499920179295,0.004084760520051994,-0.015106633439260945,0.004240948674612437,24.140288647460224,0
2019-05-24,-0.024367963301349715,-0.058961518143124225,-0.0354575839461283,-0.0016066779301539319,0.015121366941765428,0.013966997244875023,-0.021964413315774017,-0.02698499920179295,0.004084760520051994,-0.012147085640922468,24.666180200766377,1
2019-05-28,-0.007823596148307299,-0.04701660187297829,-0.03950205384095118,0.009335951804072404,0.015315641966138022,0.014169780125512395,-0.0016066779301539319,-0.021964413315774017,-0.02698499920179295,-0.015106633439260945,32.89062961004839,1
2019-05-29,0.0010623805234790673,-0.04216120279230906,-0.04317771215534594,0.0006634652577922705,0.013876112263817582,0.012857904257026072,0.009335951804072404,-0.0016066779301539319,-0.021964413315774017,0.004084760520051994,32.78558461320793,1
2019-05-30,0.004553420369732164,-0.03717933123028727,-0.04154358618843723,0.0009281933639310123,0.012334304015541118,0.012908001858362125,0.0006634652577922705,0.009335951804072404,-0.0016066779301539319,-0.02698499920179295,37.04345506980238,0
2019-05-31,-0.005619774831865265,-0.04279663598551442,-0.03738696749260395,-0.010391764240786572,0.011862353749709722,0.01298108828548232,0.0009281933639310123,0.0006634652577922705,0.009335951804072404,-0.021964413315774017,32.886997393234665,1
2019-06-03,-0.004979105855337451,-0.037252701715668746,-0.03243509362491759,0.0009370149495287513,0.01199151943548581,0.01280869011037711,-0.010391764240786572,0.0009281933639310123,0.0006634652577922705,-0.0016066779301539319,37.00273910340063,1
2019-06-04,0.021097887869555576,-0.00442545301270636,-0.024995978530045315,0.030439205898443487,0.016098891766679373,0.01503524359045475,0.0009370149495287513,-0.010391764240786572,0.0009281933639310123,0.009335951804072404,42.53165877222745,0
2019-06-05,0.008171155065851643,-0.01255511845926971,-0.02055828856139763,-0.01043718588610214,0.016198230239120134,0.01412727967237752,0.030439205898443487,0.0009370149495287513,-0.010391764240786572,0.0006634652577922705,33.65300958629663,0
2019-06-06,-0.0006079034098047664,-0.01806869647042164,-0.0174714139927572,-0.008296580703893391,0.014046975549300945,0.014170319546667,-0.01043718588610214,0.030439205898443487,0.0009370149495287513,0.0009281933639310123,29.932003682349958,0
2019-06-07,-0.004061311044612381,-0.017387305401755038,-0.013380336063779086,-0.0011909226201025703,0.011994747277065024,0.013760612539460189,-0.008296580703893391,-0.01043718588610214,0.030439205898443487,-0.010391764240786572,32.35294323891267,1
2019-06-10,0.004488304311970559,-0.002807604860948776,-0.007263309230779669,0.013283579795454437,0.012541714846013328,0.014117291193118182,-0.0011909226201025703,-0.008296580703893391,-0.01043718588610214,0.0009370149495287513,42.336460193144674,0
2019-06-11,0.0013156163557033196,-0.0074787835555288895,-0.008782845056626076,-0.00563382166034463,0.01253210163415223,0.013768778679107597,0.013283579795454437,-0.0011909226201025703,-0.008296580703893391,0.030439205898443487,38.94543683701628,0
2019-06-12,-0.007492643493615336,-0.016528465072661813,-0.009104034866655897,-0.011496694258023405,0.01314653226600648,0.013337414880098687,-0.00563382166034463,0.013283579795454437,-0.0011909226201025703,-0.01043718588610214,43.89987772308775,0
2019-06-13,-0.011581759004942072,-0.019444506527974248,-0.007954879014693828,-0.006399964878738417,0.013281085295643352,0.012729094743290563,-0.011496694258023405,-0.00563382166034463,0.013283579795454437,-0.008296580703893391,50.05946565280224,0
2019-06-14,-0.012329315940781793,-0.01909796650149287,-0.00685314515248403,-0.003483885776359213,0.012908027552760602,0.012602014333750557,-0.006399964878738417,-0.011496694258023405,-0.00563382166034463,-0.0011909226201025703,49.23978309346131,1
2019-06-17,0.0023139804463234714,-0.005023034299350915,-0.007320076232407047,0.011610228911180635,0.013445146344435029,0.012887616568705823,-0.003483885776359213,-0.006399964878738417,-0.011496694258023405,0.013283579795454437,50.22936281496374,1
2019-06-18,0.008864187742038565,0.0022279447991016,-0.006577934893089665,0.005688978612287961,0.008901060901773283,0.012661151259456797,0.011610228911180635,-0.003483885776359213,-0.006399964878738417,-0.00563382166034463,52.30772068409575,1
2019-06-19,0.015939938390171937,0.014204963551529115,-0.0017077533553725432,0.010629291586743283,0.009077696121858832,0.012896711260525983,0.005688978612287961,0.011610228911180635,-0.003483885776359213,-0.011496694258023405,55.89432060476836,0
2019-06-20,-0.0034965430670546027,-0.003159868320381176,0.00033785607499003945,-0.018044648455114148,0.010530895251794301,0.012086071271576132,0.010629291586743283,0.005688978612287961,0.011610228911180635,-0.006399964878738417,52.73249685644544,0
2019-06-21,-0.014892573164461576,-0.014690212973635819,0.00020541941448537493,-0.011899323657364867,0.011135613201788826,0.0113439376196982,-0.018044648455114148,0.010629291586743283,0.005688978612287961,-0.003483885776359213,48.26667173031721,0
2019-06-24,-0.013502343053289678,-0.016019629940511648,-0.002551741374645644,-0.001615226030383647,0.00984916725454599,0.011343990861482547,-0.011899323657364867,-0.018044648455114148,0.010629291586743283,0.011610228911180635,34.437096688625715,0
2019-06-25,-0.0177329960439504,-0.025144543025802712,-0.007545348619064307,-0.010563565281756256,0.010111924340853794,0.01132991291282484,-0.001615226030383647,-0.011899323657364867,-0.018044648455114148,0.005688978612287961,34.51327209568467,1
2019-06-26,0.0035760633119950036,-0.008737433680707007,-0.012269620054572772,0.016205683354533512,0.011406959406946667,0.011983230353951454,-0.010563565281756256,-0.001615226030383647,-0.011899323657364867,0.010629291586743283,44.95317576000076,1
2019-06-27,0.008932414152223123,-0.0037922353497065187,-0.0126119939486945,0.0046775691106705096,0.011339012588658248,0.01203574123331535,0.016205683354533512,-0.010563565281756256,-0.001615226030383647,-0.018044648455114148,47.3151052577063,0
2019-06-28,0.006098391456865526,-0.0052724408011772805,-0.011301908794007165,-0.001334202640921777,0.011279092705303435,0.011804169416937129,0.0046775691106705096,0.016205683354533512,-0.010563565281756256,-0.011899323657364867,40.8482245492615,1
2019-07-01,0.018810475350660827,0.011768158500095494,-0.006912293327315355,0.017994671546492286,0.012124624182174743,0.012461658644740702,-0.001334202640921777,0.0046775691106705096,0.016205683354533512,-0.001615226030383647,50.7583489353955,1
2019-07-02,0.017871306033352186,0.020234841700845996,0.002322037819009193,0.008227238664225001,0.012255510611967406,0.010542543341884703,0.017994671546492286,-0.001334202640921777,0.0046775691106705096,-0.010563565281756256,58.54922935221312,1
2019-07-03,0.018158375957050055,0.0273509144581896,0.009028593898762205,0.007773047101931531,0.012048773432186846,0.010388377798109786,0.008227238664225001,0.017994671546492286,-0.001334202640921777,0.016205683354533512,63.97131286438738,1
2019-07-04,0.016635409994609995,0.03223248241994914,0.015341854387525,0.006303558395061555,0.010032065827979459,0.010226746976918864,0.007773047101931531,0.008227238664225001,0.017994671546492286,0.0046775691106705096,67.40000350951881,1
2019-07-05,0.015029826316065753,0.03845493388170551,0.0230782455434424,0.008046498966865682,0.008475189528135942,0.010305374185496574,0.006303558395061555,0.007773047101931531,0.008227238664225001,-0.001334202640921777,66.59834607895328,0
2019-07-08,0.007369732981378885,0.03516061231761625,0.027587566338714842,-0.0019099964572724534,0.008503428218403242,0.009984708272811352,0.008046498966865682,0.006303558395061555,0.007773047101931531,0.017994671546492286,64.02950997253257,0
2019-07-09,0.0008701094416685429,0.03055975543639522,0.02966383521163296,-0.00306354417930087,0.007147765734605633,0.009907840201926647,-0.0019099964572724534,0.008046498966865682,0.006303558395061555,0.008227238664225001,59.03479207981833,1
2019-07-10,-0.0007918388181432645,0.028790045580642465,0.029605327045964636,0.00025561348961130085,0.006433704977853295,0.009442314192808502,-0.00306354417930087,-0.0019099964572724534,0.008046498966865682,0.007773047101931531,69.8412762487587,1
2019-07-11,0.0059872766968551705,0.03552275425813001,0.029359692955813754,0.009287050544295539,0.006595251437132963,0.009362976235390797,0.00025561348961130085,-0.00306354417930087,-0.0019099964572724534,0.006303558395061555,81.21622833742124,0
2019-07-12,0.00129938217435277,0.0279078034379987,0.026573891622568624,-0.004696368945354824,0.007034087686301486,0.009409202283786281,0.009287050544295539,0.00025561348961130085,-0.00306354417930087,0.008046498966865682,78.56202540734934,0
2019-07-15,-0.0011976994620462866,0.023141067735539478,0.02436795268140335,-0.0026753196074018387,0.005629899900174723,0.009236130633171524,-0.004696368945354824,0.009287050544295539,0.00025561348961130085,-0.0019099964572724534,84.88701386868394,1
2019-07-16,0.004984250647224853,0.02944816709358755,0.024342586891891616,0.008257704608160006,0.005633197618702214,0.009308229542433922,-0.0026753196074018387,-0.004696368945354824,0.009287050544295539,-0.00306354417930087,83.61409043112513,0
2019-07-17,-0.008755637574767161,0.013625175470961093,0.022578502228219444,-0.014656497926914933,0.007552732784772817,0.009792364545840667,0.008257704608160006,-0.0026753196074018387,-0.004696368945354824,0.00025561348961130085,69.7134970512866,1
2019-07-18,-0.0032645978232253015,0.015210008401213004,0.018535115923535406,0.003460487492749307,0.00736171323579045,0.008734462505560689,-0.014656497926914933,0.008257704608160006,-0.0026753196074018387,0.009287050544295539,71.73332546658786,0
2019-07-19,-0.005724687871699996,0.00839788084327786,0.014203881503149995,-0.004488128336207403,0.006937970368993697,0.008262504995511774,0.003460487492749307,-0.014656497926914933,0.008257704608160006,-0.004696368945354824,61.9413889701984,1
2019-07-22,0.0007668984602293705,0.012079063526056144,0.011303496431817939,0.006277715719624026,0.007295562434672625,0.008255443401215132,-0.004488128336207403,0.003460487492749307,-0.014656497926914933,-0.0026753196074018387,61.102353690331725,1
2019-07-23,0.020499243791062716,0.030304232163685052,0.009608031002745099,0.02210383559391645,0.010028605726967668,0.00871825437699921,0.006277715719624026,-0.004488128336207403,0.003460487492749307,0.008257704608160006,67.06664916997528,0
2019-07-24,0.014000174809650545,0.025641008076108696,0.011480109723495113,-0.0011249793834861032,0.010069489537243953,0.008325292880449538,0.02210383559391645,0.006277715719624026,-0.004488128336207403,-0.014656497926914933,63.94358993094882,0
2019-07-25,0.007476783526350728,0.020083202103494013,0.012512862612097608,-0.0023790463420028884,0.009826773909985908,0.00841890151948974,-0.0011249793834861032,0.02210383559391645,0.006277715719624026,0.003460487492749307,58.708644207010074,1
2019-07-26,0.005224559973638687,0.020183167315126038,0.014880861388702815,0.0033790693135254206,0.009635877449705257,0.008354468379632699,-0.0023790463420028884,-0.0011249793834861032,0.02210383559391645,-0.004488128336207403,61.65188055885636,1
2019-07-29,0.004547422577887428,0.02219571003969456,0.017568396538729658,0.004612070949111046,0.009533532525851431,0.007620877847020509,0.0033790693135254206,-0.0023790463420028884,-0.0011249793834861032,0.006277715719624026,65.84653841397707,0
2019-07-30,-0.011878503039530863,0.0012379016462100711,0.013274080896011231,-0.019464455913849998,0.011512700466104538,0.008953247605143985,0.004612070949111046,0.0033790693135254206,-0.0023790463420028884,0.02210383559391645,53.67298438964686,0
2019-07-31,-0.02756739900340599,-0.021590038188975647,0.006146812445720462,-0.02334935681550399,0.01296036513942657,0.01035711972284803,-0.019464455913849998,0.004612070949111046,0.0033790693135254206,-0.0011249793834861032,39.87411948081891,1
2019-08-01,-0.011641168273143543,-0.010134852827431984,0.0015240572526475926,0.011614551861076138,0.013523264353930068,0.01060033379266676,-0.02334935681550399,-0.019464455913849998,0.004612070949111046,-0.0023790463420028884,46.7197132692598,0
2019-08-02,-0.02029015201806872,-0.02615196128891828,-0.005983209501184472,-0.017603361275239038,0.014571847153257711,0.011111622145528556,0.011614551861076138,-0.02334935681550399,-0.019464455913849998,0.0033790693135254206,41.92688872827059,0
2019-08-05,-0.04119040641845684,-0.060538791582005036,-0.02017959070609021,-0.039011806332884535,0.018391174060955303,0.013951553807062889,-0.017603361275239038,0.011614551861076138,-0.02334935681550399,0.004612070949111046,30.022294286848634,0
2019-08-06,-0.02832403838022579,-0.05815825240660688,-0.030703871665866633,-0.00040739836818765696,0.01573878860607311,0.013965188257240363,-0.039011806332884535,-0.017603361275239038,0.011614551861076138,-0.019464455913849998,32.74056119380893,1
2019-08-07,-0.017866710725220836,-0.05353310461969829,-0.03631522756021632,0.002035334132379506,0.01593106342951014,0.013992871673586413,-0.00040739836818765696,-0.039011806332884535,-0.017603361275239038,-0.02334935681550399,32.08163748298959,0
2019-08-08,-0.015597189217259722,-0.060302432451455834,-0.045413567235397356,-0.01104076617307701,0.015823128576463518,0.013794756042798256,0.002035334132379506,-0.00040739836818765696,-0.039011806332884535,0.011614551861076138,30.92056254565776,0
2019-08-09,-0.017710754987898092,-0.07018864291215521,-0.05342406851213222,-0.014913309513029176,0.015291253792960901,0.01401102624237114,-0.01104076617307701,0.002035334132379506,-0.00040739836818765696,-0.017603361275239038,25.864659238816486,0
2019-08-12,-0.02553931299042478,-0.08038509094313906,-0.056283212533719595,-0.01598687012570496,0.014349930418410031,0.014235723946560676,-0.014913309513029176,-0.01104076617307701,0.002035334132379506,-0.039011806332884535,13.317581562010574,0
2019-08-13,-0.019866570600031275,-0.07776568915725202,-0.05907269033019946,-0.0026894320235070776,0.014465977531602139,0.013900210826941074,-0.01598687012570496,-0.014913309513029176,-0.01104076617307701,-0.00040739836818765696,13.213466148814348,0
2019-08-14,-0.02421875157599962,-0.08798731687318306,-0.06535129200338397,-0.01672311960140401,0.013988207810675798,0.013977903812249498,-0.0026894320235070776,-0.01598687012570496,-0.014913309513029176,0.002035334132379506,12.273071292985279,0
2019-08-15,-0.023209459397802168,-0.09253859941451614,-0.07097646540881952,-0.011306089465377882,0.011649252021533506,0.013853284681733826,-0.01672311960140401,-0.0026894320235070776,-0.01598687012570496,-0.01104076617307701,9.943965618568711,1
2019-08-16,0.0010596769718991261,-0.07035188318987728,-0.07133596708019341,0.01891624041838388,0.015159322552134502,0.014977167588420529,-0.011306089465377882,-0.01672311960140401,-0.0026894320235070776,-0.014913309513029176,15.50591603857005,1
2019-08-19,0.007914233303179419,-0.060166675451971185,-0.06754633133022936,0.005563089320023013,0.011503514330597632,0.01494878497079483,0.01891624041838388,-0.011306089465377882,-0.01672311960140401,-0.01598687012570496,19.559036113197223,0
2019-08-20,-0.003540313114145932,-0.06760035482951532,-0.0642876400906599,-0.015193142771654084,0.011842105774458522,0.013604536612494802,0.005563089320023013,0.01891624041838388,-0.011306089465377882,-0.0026894320235070776,20.676686984944283,1
2019-08-21,0.0008916761602488776,-0.05629806484147826,-0.05713879170333991,0.005042126777222991,0.012107765041899005,0.013818958447006124,-0.015193142771654084,0.005563089320023013,0.01891624041838388,-0.01672311960140401,17.254878025428923,1
2019-08-22,-0.001147078468135776,-0.04882840076995887,-0.04773607933057644,0.0010054912763652949,0.012131308158444355,0.013898315275256898,0.005042126777222991,-0.015193142771654084,0.005563089320023013,-0.011306089465377882,19.808053600126755,0
2019-08-23,-0.007791651655456477,-0.05042310757755375,-0.042966233849197066,-0.009230048476305429,0.01172217628936659,0.013697956398898316,0.0010054912763652949,0.005042126777222991,-0.015193142771654084,0.01891624041838388,24.754645021515373,0
2019-08-27,-0.011999448504067312,-0.05190657147684985,-0.040391802324765025,-0.00990107593221464,0.011179600153351189,0.013409131029798788,-0.009230048476305429,0.0010054912763652949,0.005042126777222991,0.005563089320023013,23.116097920255086,0
2019-08-28,-0.012445924515673834,-0.04839777889148167,-0.03640494760570556,-0.003811681939776519,0.01117673158178485,0.013167516948799819,-0.00990107593221464,-0.009230048476305429,0.0010054912763652949,-0.015193142771654084,21.349517151512785,1
2019-08-29,-5.819612684909714e-05,-0.033165137660191135,-0.033108868341243824,0.010084043357067777,0.01088070986765907,0.013151609952548252,-0.003811681939776519,-0.00990107593221464,-0.009230048476305429,0.005042126777222991,28.64425603001358,0
2019-08-30,-0.00294875847200049,-0.03322146301273099,-0.030362235439712282,-0.006857743259409198,0.010491200235886356,0.012506072901221658,0.010084043357067777,-0.003811681939776519,-0.00990107593221464,0.0010054912763652949,30.543519454531733,1
2019-09-02,0.004645558154662721,-0.02115822520495092,-0.025684464685246988,0.00685774325940915,0.008528915126470886,0.012569443211835138,-0.006857743259409198,0.010084043357067777,-0.003811681939776519,-0.009230048476305429,38.45251170794709,0
2019-09-03,0.0021017469660919996,-0.019240874967222044,-0.021297859222309312,-0.0016007131514061042,0.008148671008245562,0.009773525212181016,0.00685774325940915,-0.006857743259409198,0.010084043357067777,-0.00990107593221464,38.81656761993503,1
2019-09-04,0.0006410665554736905,-0.01548163946437342,-0.016112376913878457,0.00029119910630652425,0.006798577128726743,0.009786429112678085,-0.0016007131514061042,0.00685774325940915,-0.006857743259409198,-0.003811681939776519,45.20549233714873,1
2019-09-05,0.015189390320276663,0.004930553942496418,-0.010105342387930039,0.017750712434370926,0.008882818692921126,0.010827507040546722,0.00029119910630652425,-0.0016007131514061042,0.00685774325940915,0.010084043357067777,58.45165469424802,1
2019-09-06,0.012078503904137117,0.00905343497851363,-0.002988966679910887,0.0020005634413466835,0.008895188288998967,0.010689767999168792,0.017750712434370926,0.00029119910630652425,-0.0016007131514061042,-0.006857743259409198,51.06382732024507,1
2019-09-09,0.012252255612906326,0.01504029396718165,0.00275429206387634,0.004841882600605014,0.00826542171483363,0.010344291381763845,0.0020005634413466835,0.017750712434370926,0.00029119910630652425,0.00685774325940915,50.68910080406778,1
2019-09-10,0.04627760596187214,0.062415416667967794,0.015424023809875731,0.0478493416503561,0.015796820361258325,0.014504129896434232,0.004841882600605014,0.0020005634413466835,0.017750712434370926,-0.0016007131514061042,75.78481626536681,1
2019-09-11,0.036843842866476795,0.06683692058578838,0.028927285362849053,0.006883111783848394,0.015281431739756192,0.014494159162737292,0.0478493416503561,0.004841882600605014,0.0020005634413466835,0.00029119910630652425,76.21152629416426,0
2019-09-12,0.02416110184113096,0.06304642666105487,0.037967976668924264,0.0,0.015518891030868705,0.013784342312589277,0.006883111783848394,0.0478493416503561,0.004841882600605014,0.017750712434370926,76.02669026338853,1
2019-09-13,0.019826870245733152,0.06821735476880364,0.04744970537147197,0.009457554785500533,0.01463918044357555,0.013390023046943506,0.0,0.006883111783848394,0.0478493416503561,0.0020005634413466835,83.25360540855414,1
2019-09-16,0.025013577388198316,0.08689452951010224,0.06037086092028243,0.022181849812810083,0.015133350067626448,0.013593467850474224,0.009457554785500533,0.0,0.006883111783848394,0.004841882600605014,91.6668243514802,0
2019-09-17,-0.005589239650408917,0.05337734024675389,0.05929801068970009,-0.02828257022598303,0.01935767546180011,0.0154545757798847,0.022181849812810083,0.009457554785500533,0.0,0.0478493416503561,77.25758268760801,0
2019-09-18,-0.012665890493640752,0.041405366757274686,0.0547649035218174,-0.008075393551404355,0.01991494393899337,0.015092041300824198,-0.02828257022598303,0.022181849812810083,0.009457554785500533,0.006883111783848394,72.03039424201113,1
2019-09-19,0.0015000986992557142,0.05466295664182086,0.053083227861497884,0.01661788283644168,0.01985303293957068,0.01538059706505099,-0.008075393551404355,-0.02828257022598303,0.022181849812810083,0.0,77.45256215946068,1
2019-09-20,0.006642732646264138,0.057563329661816987,0.05058457719323384,0.007019415598412166,0.019766093451518776,0.01537975324503367,0.01661788283644168,-0.008075393551404355,-0.02828257022598303,0.009457554785500533,77.55909485213371,0
2019-09-23,-0.0029125801510483385,0.03758947521254585,0.040620365433684524,-0.01515985729838158,0.021073037418740982,0.015706056892491677,0.007019415598412166,0.01661788283644168,-0.008075393551404355,0.022181849812810083,71.74070927313979,0
2019-09-24,-0.01489978926137936,0.01848952227569467,0.033894329909887055,-0.014985101953352687,0.015888106352935985,0.015980059306966634,-0.01515985729838158,0.007019415598412166,0.01661788283644168,-0.02828257022598303,66.32928113767616,1
2019-09-25,-0.00782379904286068,0.021738124898799782,0.02979503430251862,0.007318110132929189,0.01591094572946083,0.015900015000977756,-0.014985101953352687,-0.01515985729838158,0.007019415598412166,-0.008075393551404355,64.68505641868506,1
2019-09-26,0.0008052897355590449,0.02467457158953268,0.023850075632874113,0.006862734943011133,0.016076812938323044,0.0158536236478279,0.007318110132929189,-0.014985101953352687,-0.01515985729838158,0.01661788283644168,65.5862035218356,1
2019-09-27,0.013593394908489875,0.03182826322817567,0.017990318811550665,0.011864424940316861,0.016246342777339145,0.015727992946865138,0.006862734943011133,0.007318110132929189,-0.014985101953352687,0.007019415598412166,66.84385792998495,0
2019-09-30,0.008556623744491398,0.023772386699301595,0.015086671979128496,-0.003451512029638904,0.014364891856580679,0.01583196580302687,0.011864424940316861,0.006862734943011133,0.007318110132929189,-0.01515985729838158,55.73356045683731,0
2019-10-01,-2.671542333387844e-05,0.014345844520714746,0.014372943923330217,-0.005065965532706945,0.011171088676623014,0.015920603489219778,-0.003451512029638904,0.011864424940316861,0.006862734943011133,-0.014985101953352687,52.00341599272573,0
2019-10-02,-0.030654686338333237,-0.024018404616607758,0.006846148248921935,-0.03619929833698084,0.016006194369463347,0.018314638568494725,-0.005065965532706945,-0.003451512029638904,0.011864424940316861,0.007318110132929189,42.39056266154152,0
2019-10-03,-0.03667237458868389,-0.040029087290521015,-0.0034844974993880617,-0.015783620680241382,0.014946566535719177,0.018377122743850446,-0.03619929833698084,-0.005065965532706945,-0.003451512029638904,0.006862734943011133,36.4093335819212,1
2019-10-04,-0.020099797618531867,-0.03500842273747096,-0.015214432125543409,0.006175492487846562,0.014868584408070113,0.018415213494187083,-0.015783620680241382,-0.03619929833698084,-0.005065965532706945,0.011864424940316861,30.582178476111338,1
2019-10-07,-0.0022121130313201842,-0.026726593306483637,-0.024568829302628048,0.009746623400946442,0.015216385679198764,0.018501477350614245,0.006175492487846562,-0.015783620680241382,-0.03619929833698084,-0.003451512029638904,39.98350842787265,0
2019-10-08,0.0029264298852480497,-0.02819835389151948,-0.03103396505397593,-0.0027750392317811767,0.014658847115351368,0.014903574213547306,0.009746623400946442,0.006175492487846562,-0.015783620680241382,-0.005065965532706945,41.346975623652824,1
2019-10-09,0.009355684735929737,-0.019817586628609996,-0.028902865269116895,0.007337179379638962,0.014660214048085008,0.014917007889188467,-0.0027750392317811767,0.009746623400946442,0.006175492487846562,-0.03619929833698084,37.568063981700526,1
2019-10-10,0.02836975355547433,0.00840346620795196,-0.01941547510366881,0.028553924894944946,0.017473256619283794,0.016342281683045932,0.007337179379638962,-0.0027750392317811767,0.009746623400946442,-0.015783620680241382,45.35346104341544,1
2019-10-11,0.0800042907643046,0.08085535074201489,0.0007880153671500079,0.07288163027509387,0.028947426391571073,0.02302652800957369,0.028553924894944946,0.007337179379638962,-0.0027750392317811767,0.006175492487846562,66.41311238292516,0
2019-10-14,0.04202484626904224,0.05998754366539294,0.017238262082392763,-0.018109081438944234,0.029844364403847443,0.02305371504317134,0.07288163027509387,0.028553924894944946,0.007337179379638962,0.009746623400946442,65.15502088449344,1
2019-10-15,0.056523050821466025,0.09782292840003359,0.03909037057587739,0.04005004344395649,0.031568320549405664,0.02349425878113146,-0.018109081438944234,0.07288163027509387,0.028553924894944946,-0.0027750392317811767,69.80100928243776,1
2019-10-16,0.032328598501739414,0.09334644787251256,0.059107002808340914,0.0013402452745349144,0.027547342162069326,0.02331759416286408,0.04005004344395649,-0.018109081438944234,0.07288163027509387,0.007337179379638962,69.1878288969202,0
2019-10-17,0.011870987066746164,0.08672605352019946,0.07397688777543299,-0.0015840770459621028,0.026236943543786372,0.0232039214770636,0.0013402452745349144,0.04005004344395649,-0.018109081438944234,0.028553924894944946,67.2650685739905,1
2019-10-18,0.012394166375216287,0.08849821438142369,0.07517234940091666,0.0060790460763821925,0.026240304643269423,0.02319907716653647,-0.0015840770459621028,0.0013402452745349144,0.04005004344395649,0.07288163027509387,69.03027019544479,1
2019-10-21,0.006294649277397202,0.08672399433117106,0.07992623742114557,0.0037505042229509043,0.02642509278479797,0.02274711310735698,0.0060790460763821925,-0.0015840770459621028,0.0013402452745349144,-0.018109081438944234,70.90530397243992,0
2019-10-22,0.002814946496669579,0.07816538588321942,0.07513892732630922,-0.001933954834618432,0.026367919129720255,0.02232077403168099,0.0037505042229509043,0.0060790460763821925,-0.0015840770459621028,0.04005004344395649,81.57739895631948,1
2019-10-23,0.003875495894476444,0.07510424729864251,0.07095377035844419,0.0028995775110750724,0.02652631966668153,0.022327373988252866,-0.001933954834618432,0.0037505042229509043,0.0060790460763821925,0.0013402452745349144,87.72271855441147,1
2019-10-24,0.004709550393446005,0.07311910873839644,0.06808889028491971,0.0037328909073379673,0.026108014468260037,0.02232926179563279,0.0028995775110750724,-0.001933954834618432,0.0037505042229509043,-0.0015840770459621028,87.62033818013828,1
2019-10-25,0.02200466943189583,0.09181333454998919,0.06830562247518701,0.02351935693040306,0.01566869727635471,0.02265449226940018,0.0037328909073379673,0.0028995775110750724,-0.001933954834618432,0.0060790460763821925,88.5596430142987,1
2019-10-28,0.01689052618742326,0.08571756630266192,0.06768382470165046,0.0008214480858423063,0.013417537955644467,0.02258011518394652,0.02351935693040306,0.0037328909073379673,0.0028995775110750724,0.0037505042229509043,89.66552757296473,1
2019-10-29,0.016383365318760612,0.0858526903878476,0.06834952975376551,0.007129953741471799,0.00727803464745995,0.02242193918772431,0.0008214480858423063,0.02351935693040306,0.0037328909073379673,-0.001933954834618432,89.71468202345248,0
2019-10-30,-0.006254428947287893,0.05693199429481699,0.06358410551220794,-0.019404401735152385,0.010531765881358762,0.02099249116463953,0.007129953741471799,0.0008214480858423063,0.02351935693040306,0.0028995775110750724,79.3525120173598,0
2019-10-31,-0.011545697169809244,0.04460425192592865,0.05680581179622224,-0.003688036509909105,0.010642872585382136,0.020446828887573244,-0.019404401735152385,0.007129953741471799,0.0008214480858423063,0.0037328909073379673,66.57613653326257,0
2019-11-01,-0.011494562326348823,0.032950837061215266,0.044962220432658295,-0.003701779759349147,0.010705280212552746,0.020620061109004394,-0.003688036509909105,-0.019404401735152385,0.007129953741471799,0.02351935693040306,74.16750197471441,1
2019-11-04,-0.0030358342329412924,0.031299647810202114,0.03444003628427894,0.005725929616498294,0.010773275912722539,0.02062001501782666,-0.003701779759349147,-0.003688036509909105,-0.019404401735152385,0.0008214480858423063,64.29570136179939,1
2019-11-05,0.006066398692539332,0.029592599347013415,0.023384341913265327,0.0060480721759471005,0.010785441282310258,0.02047956398797608,0.005725929616498294,-0.003701779759349147,-0.003688036509909105,0.007129953741471799,66.18232943464875,0
2019-11-06,0.0011896627531726711,0.017260601474735626,0.01605184244248936,-0.004978061190076832,0.011022539742164552,0.020686926449129547,0.0060480721759471005,0.005725929616498294,-0.003701779759349147,-0.019404401735152385,63.740480244140606,1
2019-11-07,0.008732345551649479,0.02122442623441545,0.012383939840785452,0.010166690943541404,0.01134895750625941,0.02010024196203337,-0.004978061190076832,0.0060480721759471005,0.005725929616498294,-0.003688036509909105,65.32845868475448,0
2019-11-08,-0.011756316143842094,-0.002182183213065181,0.009688028456117603,-0.02139876522341567,0.010834979147410126,0.013785554438317934,0.010166690943541404,-0.004978061190076832,0.0060480721759471005,-0.003701779759349147,52.11124625601474,1
2019-11-11,0.014900651317147906,0.024679715482328834,0.009635489101804895,0.030764357784198636,0.015100007378928117,0.014385015969001085,-0.02139876522341567,0.010166690943541404,-0.004978061190076832,0.005725929616498294,63.045266507757496,1
2019-11-12,0.017192623219977943,0.028688448869380156,0.01130152282564878,0.006504059728670033,0.015071509436954057,0.01169784814234535,0.030764357784198636,-0.02139876522341567,0.010166690943541404,0.0060480721759471005,63.99358322927291,0
2019-11-13,0.003099499770184755,0.015492713130911051,0.012354919291222233,-0.010941731949654683,0.014024434836260837,0.012082933546683878,0.006504059728670033,0.030764357784198636,-0.02139876522341567,-0.004978061190076832,58.5496452620262,0
2019-11-14,-0.0015495959184933517,0.009028498538884211,0.010594511669419049,-0.004575049062599434,0.0140632942272177,0.01214764545139134,-0.010941731949654683,0.006504059728670033,0.030764357784198636,0.010166690943541404,49.43528496251915,1
2019-11-15,-0.0028266865402356567,0.011103575867597693,0.013969750513580514,0.003755428471102249,0.013962335053483587,0.012115898360526239,-0.004575049062599434,-0.010941731949654683,0.006504059728670033,-0.02139876522341567,50.51021632860928,0
2019-11-18,-0.003743544245328523,0.007214704646806069,0.010999425729024459,-0.002462900166927224,0.013966644268867895,0.01214045391977973,0.003755428471102249,-0.004575049062599434,-0.010941731949654683,0.030764357784198636,46.91902354369715,1
2019-11-19,-0.0004223437095578486,0.006282609691342866,0.006707786392288639,0.000586904067528351,0.013866255912242102,0.01211709146049773,-0.002462900166927224,0.003755428471102249,-0.004575049062599434,0.006504059728670033,55.122961712239885,0
2019-11-20,-0.005618408070245384,-0.001928916798974667,0.0037103374612059703,-0.007184538519715796,0.01398444353076354,0.012265785338451766,0.000586904067528351,-0.002462900166927224,0.003755428471102249,-0.010941731949654683,53.479116202101956,0
2019-11-21,-0.009377326326746371,-0.008466227757577438,0.0009197231129292049,-0.006046638280857692,0.013678465279802491,0.012346649536038914,-0.007184538519715796,0.000586904067528351,-0.002462900166927224,-0.004575049062599434,52.43665210188013,1
2019-11-22,-0.0012745369292033182,-0.0017752051125604629,-0.0005013071177916162,0.006401170933087906,0.01178907920811096,0.011210269790734605,-0.006046638280857692,-0.007184538519715796,0.000586904067528351,0.003755428471102249,52.71317256368931,1
2019-11-25,0.012884858464961013,0.013935720826441678,0.0010374943930677727,0.01605851502549388,0.008097052064020395,0.011794726617870895,0.006401170933087906,-0.006046638280857692,-0.007184538519715796,-0.002462900166927224,56.350630757031276,0
2019-11-26,0.009783905951826766,0.012397090346450979,0.00258786496716934,-0.0015127395837645837,0.007795856037133652,0.011694541164336202,0.01605851502549388,0.006401170933087906,-0.006046638280857692,0.000586904067528351,57.85125240739793,1
2019-11-27,0.019284712688822925,0.02638035205424094,0.0069613909412022945,0.015484436071188143,0.008356549644137713,0.011240089348372556,-0.0015127395837645837,0.01605851502549388,0.006401170933087906,-0.007184538519715796,59.63063465670348,0
2019-11-28,0.010979070981579575,0.023270571916366167,0.012158017200942117,-0.0011472979034544506,0.008121580597644226,0.011189634621331712,0.015484436071188143,-0.0015127395837645837,0.01605851502549388,-0.006046638280857692,70.11378626927471,0
2019-11-29,-0.0071997774695161665,0.0062413071117135566,0.01353855919468927,-0.015502438973932517,0.009859871729129102,0.011794104300384594,-0.0011472979034544506,0.015484436071188143,-0.0015127395837645837,0.006401170933087906,49.70271628592216,0
2019-12-02,-0.017651872752790676,-0.007904902438974237,0.009922114211313282,-0.013853242840084221,0.010844736936870197,0.012211477057611773,-0.015502438973932517,-0.0011472979034544506,0.015484436071188143,0.01605851502549388,40.088578793642,0
2019-12-03,-0.02804721340839067,-0.02375183074662801,0.004419332627076944,-0.016929329158671375,0.011974618577738022,0.012713599482774647,-0.013853242840084221,-0.015502438973932517,-0.0011472979034544506,-0.0015127395837645837,38.06516517528363,1
2019-12-04,-0.014897893855808642,-0.01860514462596019,-0.0037633162562834555,0.004917595062789662,0.012051253620971529,0.012736639702879604,-0.016929329158671375,-0.013853242840084221,-0.015502438973932517,0.015484436071188143,42.287505724048046,0
2019-12-05,-0.006631927764255585,-0.01777475211102597,-0.011217216113752815,0.0,0.011932893447886082,0.012495593651987207,0.004917595062789662,-0.016929329158671375,-0.013853242840084221,-0.0011472979034544506,40.28229590953409,1
2019-12-06,0.009246436464353636,-0.005477538274190508,-0.01458907775798135,0.0133112867002314,0.01256712295129501,0.011887617594704001,0.0,0.004917595062789662,-0.016929329158671375,-0.015502438973932517,47.72723845940437,1
2019-12-09,0.019792303250190546,0.007896166956513628,-0.011665254048067064,0.01336949003259409,0.012211024780027571,0.010086012929763995,0.0133112867002314,0.0,0.004917595062789662,-0.013853242840084221,52.80997905829715,0
2019-12-10,0.006102613363154319,-0.0003760190078806458,-0.00643933559557941,-0.009010612259959853,0.012527616204114486,0.010156771212652396,0.01336949003259409,0.0133112867002314,0.0,-0.016929329158671375,52.0668488238515,0
2019-12-11,-0.004320849759613554,-0.008313086017941118,-0.004009560968876058,-0.008618238502820402,0.011273184206010978,0.010046924967635054,-0.009010612259959853,0.01336949003259409,0.0133112867002314,0.004917595062789662,51.078516302816624,1
2019-12-12,0.008852287014432747,0.009860045022941355,0.0009989153233631587,0.018676809978954406,0.013269193794950762,0.010879394468008785,-0.008618238502820402,-0.009010612259959853,0.01336949003259409,0.0,55.142417383431415,1
2019-12-13,0.05499282942406403,0.06857800837644246,0.01287703439633292,0.0599603591262981,0.02254856927923158,0.01718965344001419,0.018676809978954406,-0.008618238502820402,-0.009010612259959853,0.0133112867002314,65.80217037483897,1
2019-12-16,0.08658345438779524,0.11976081033762465,0.030533647292211308,0.05324782024991363,0.02568919300646908,0.02041389019886243,0.0599603591262981,0.018676809978954406,-0.008618238502820402,0.01336949003259409,74.16044643340081,0
2019-12-17,0.03761464584158469,0.08474263838046792,0.04541955216973537,-0.026856471705687026,0.027121530063987716,0.021687327885521517,0.05324782024991363,0.0599603591262981,0.018676809978954406,-0.009010612259959853,64.28255762801045,0
2019-12-18,0.0068749203888183175,0.06685721620437346,0.059572737984567414,-0.012027666038153965,0.028117323497655673,0.02185386192394231,-0.026856471705687026,0.05324782024991363,0.0599603591262981,-0.008618238502820402,61.51245005601977,0
2019-12-19,-0.014933367632275818,0.05222090092346465,0.0681723107342771,-0.009443707820394685,0.028651685047308206,0.021953091762620325,-0.012027666038153965,-0.026856471705687026,0.05324782024991363,0.018676809978954406,62.758630668647235,0
2019-12-20,-0.037378352550998195,0.02107738742532206,0.06072556141993157,-0.027420218025470972,0.030824711068665404,0.023059611120827148,-0.009443707820394685,-0.012027666038153965,-0.026856471705687026,0.0599603591262981,59.42857409774653,1
2019-12-23,-0.01799195813359966,0.024841571881318414,0.04361830880071893,0.005812068058379232,0.030694195706983726,0.022858633765054294,-0.027420218025470972,-0.009443707820394685,-0.012027666038153965,0.05324782024991363,63.89830798877962,1
2019-12-24,-0.00703899561822019,0.025506635714653836,0.0327763438737827,0.0030044716088028158,0.030342673096936803,0.022843131746787246,0.005812068058379232,-0.027420218025470972,-0.009443707820394685,-0.026856471705687026,63.68285663181515,1
2019-12-27,0.005250554059883061,0.03197121359676047,0.026581094065515565,0.008298802814695064,0.029928568084430108,0.022681594656837844,0.0030044716088028158,0.005812068058379232,-0.027420218025470972,-0.012027666038153965,64.80792271907637,0
2019-12-30,0.001756316079700504,0.023056263543568933,0.021262603611249542,-0.006966327103974626,0.029946444259162083,0.022761132577497265,0.008298802814695064,0.0030044716088028158,0.005812068058379232,-0.009443707820394685,61.42496580121965,0
2019-12-31,-0.0029306143315706024,0.017311972157685096,0.020302084067785442,-0.003334481779030866,0.02282551838062755,0.022437479293482308,-0.006966327103974626,0.008298802814695064,0.0030044716088028158,-0.027420218025470972,58.697555027144695,1
2020-01-02,0.021421146364284382,0.04406258360725501,0.02216660319160413,0.030481460912004852,0.017190358051424555,0.02294128044581176,-0.003334481779030866,-0.006966327103974626,0.008298802814695064,0.005812068058379232,65.12654549556399,0
2020-01-03,0.00727569607030687,0.028434866259387626,0.021006334483825162,-0.010312134239266978,0.01543627409246754,0.022661612990094723,0.030481460912004852,-0.003334481779030866,-0.006966327103974626,0.0030044716088028158,64.55595935730804,0
2020-01-06,-0.004904572413194863,0.01149654409828238,0.01648195344566261,-0.012737667179016301,0.015488092639574522,0.023000367109095293,-0.010312134239266978,0.030481460912004852,-0.003334481779030866,0.008298802814695064,59.238241678614614,1
2020-01-07,0.003770857499090452,0.019018261774884637,0.015190124480982892,0.011864380031259596,0.015851721550918067,0.023045494408138908,-0.012737667179016301,-0.010312134239266978,0.030481460912004852,-0.006966327103974626,50.80684996105097,0
2020-01-08,-0.00487615291933996,0.009348248243985946,0.014294101387535951,-0.0060244780797151665,0.012934647958460634,0.023064835676270795,0.011864380031259596,-0.012737667179016301,-0.010312134239266978,-0.003334481779030866,33.72890838251219,1
2020-01-09,0.0021703031869835243,0.010762083918600007,0.008573174344015166,0.004494429806922558,0.012898257629240083,0.022952046959829112,-0.0060244780797151665,0.011864380031259596,-0.012737667179016301,0.030481460912004852,41.888975065595176,0
2020-01-10,-0.005516350271726256,-0.002513004565695809,0.0030200051120508054,-0.010223804808262854,0.0134368519838376,0.02298746575493344,0.004494429806922558,-0.0060244780797151665,0.011864380031259596,-0.010312134239266978,42.47077352423171,1
2020-01-13,-0.0025474598326261644,-0.0023393357750390864,0.00020865559934524214,0.0037498262176347383,0.013220787928240918,0.022821572044610033,-0.010223804808262854,0.004494429806922558,-0.0060244780797151665,-0.012737667179016301,46.76803987936864,0
2020-01-14,-0.003940199679910994,-0.008561426618171608,-0.00463950752432285,-0.003749826217634795,0.0130680371516534,0.022597452418110522,0.0037498262176347383,-0.010223804808262854,0.004494429806922558,0.011864380031259596,55.858313647743756,0
2020-01-15,-0.013855733867186304,-0.021188392118280386,-0.007435685125310454,-0.013908430046132,0.013812255366082342,0.01836814578390333,-0.003749826217634795,0.0037498262176347383,-0.010223804808262854,-0.0060244780797151665,47.955692315690634,0
2020-01-16,-0.01666330790445092,-0.026329829170065988,-0.009830327031746466,-0.00956943375507724,0.008615606130691006,0.013240300972050135,-0.013908430046132,-0.003749826217634795,0.0037498262176347383,0.004494429806922558,43.50649953833495,0
2020-01-17,-0.01905462677909442,-0.031689429516982615,-0.012880230727224107,-0.008862673172399848,0.008521285488559587,0.012192762807348004,-0.00956943375507724,-0.013908430046132,-0.003749826217634795,-0.010223804808262854,37.32794477676765,0
2020-01-20,-0.013016906663763983,-0.030304374916146792,-0.01751546543107141,-0.0013705203687025865,0.00804467079190032,0.012024997577541666,-0.008862673172399848,-0.00956943375507724,-0.013908430046132,0.0037498262176347383,38.93580291940231,0
2020-01-21,-0.00902337993153468,-0.0312187857341798,-0.022397507017987706,-0.0034344974458580114,0.006030175672740027,0.011925205790816821,-0.0013705203687025865,-0.008862673172399848,-0.00956943375507724,-0.003749826217634795,38.935802919402356,1
2020-01-22,-0.0027391285350623074,-0.02823114831023399,-0.02556203748145136,0.0020620961729621765,0.006392456861240704,0.010409893013228196,-0.0034344974458580114,-0.0013705203687025865,-0.008862673172399848,-0.013908430046132,21.753256940350568,0
2020-01-23,-0.015386375003324626,-0.04424344324523022,-0.02930801230990787,-0.018830306044623515,0.007128643520676791,0.01099835857215922,0.0020620961729621765,-0.0034344974458580114,-0.0013705203687025865,-0.00956943375507724,20.262106465369897,1
2020-01-24,-0.002186145043965082,-0.031661912885937116,-0.029540347325875405,0.011248465721660328,0.008873742982761649,0.011355080392379827,-0.018830306044623515,0.0020620961729621765,-0.0034344974458580114,-0.008862673172399848,30.626950964102818,0
2020-01-27,-0.013159439809503404,-0.04418438877357633,-0.03143866417294794,-0.01604131691984839,0.009091537825246273,0.01151266540418312,0.011248465721660328,-0.018830306044623515,0.0020620961729621765,-0.0013705203687025865,18.943173597900056,1
2020-01-28,-0.0026669440520146193,-0.03445795405955854,-0.031876021573681745,0.00782035855252773,0.010122257921681912,0.011722381956955262,-0.01604131691984839,0.011248465721660328,-0.018830306044623515,-0.0034344974458580114,25.320246365329723,0
2020-01-29,0.0005118508460564275,-0.03238868066461309,-0.03288369996102303,0.0,0.009723406295710071,0.011731111822625635,0.00782035855252773,-0.01604131691984839,0.011248465721660328,0.0020620961729621765,22.1766164672633,0
2020-01-30,-0.0025126255181209256,-0.03158227197410224,-0.029142871578781482,-0.0030275073543397273,0.009502017172308287,0.008865732348819867,0.0,0.00782035855252773,-0.01604131691984839,-0.018830306044623515,23.81479512526664,0
2020-01-31,-0.016646766875491603,-0.04723015718881507,-0.031101123465214875,-0.020619287202735703,0.01092304687304067,0.009535839351478875,-0.0030275073543397273,0.0,0.00782035855252773,0.011248465721660328,17.366463895821028,1
2020-02-03,-0.005649232126416104,-0.0346091402771429,-0.029124438866434788,0.009950287688275918,0.01180235889278892,0.009831431753523126,-0.020619287202735703,-0.0030275073543397273,0.0,-0.01604131691984839,24.225874322179692,1
2020-02-04,0.007969998917112475,-0.01829845445560041,-0.02606074922957402,0.013580209721918327,0.012920233858375521,0.009976439806478448,0.009950287688275918,-0.020619287202735703,-0.0030275073543397273,0.00782035855252773,35.07807333176403,1
2020-02-05,0.012480429657087733,-0.010254491816298672,-0.022454677450986726,0.005565915894900354,0.013070756061598217,0.010135303188671656,0.013580209721918327,0.009950287688275918,-0.020619287202735703,0.0,40.87455035971223,1
2020-02-06,0.02820704416769204,0.01304136851075599,-0.014749632131933477,0.02150617331106327,0.013192405433378724,0.011394021918307245,0.005565915894900354,0.013580209721918327,0.009950287688275918,-0.0030275073543397273,53.184151106424636,1
2020-02-07,0.01989593095505149,0.01668266133849139,-0.0031505857794246195,0.002486733706778028,0.012870622214050269,0.011247555666208229,0.02150617331106327,0.005565915894900354,0.013580209721918327,-0.020619287202735703,54.60750986547026,0
2020-02-10,0.010002927734612976,0.01658483776323627,0.006516723712262973,-0.0014687330630879674,0.011316767008662547,0.011190189393299837,0.002486733706778028,0.02150617331106327,0.005565915894900354,0.009950287688275918,55.41124683265032,1
2020-02-11,0.013978897390193312,0.029353443437277305,0.015162589760650214,0.01191298864551608,0.011558598646843887,0.011554308834754924,-0.0014687330630879674,0.002486733706778028,0.02150617331106327,0.013580209721918327,58.56798434596017,1
2020-02-12,0.00850257811480093,0.030944407924674344,0.022252625126476078,0.0017858697953532937,0.011503790207936774,0.011124253398740161,0.01191298864551608,-0.0014687330630879674,0.002486733706778028,0.005565915894900354,67.88316747322756,0
2020-02-13,-0.008033810594706314,0.013723716250512608,0.021933738344714016,-0.016982857600074203,0.013195632536079959,0.011582216811396566,0.0017858697953532937,0.01191298864551608,-0.0014687330630879674,0.02150617331106327,56.260871872781664,0
2020-02-14,-0.008901418766505298,0.011226257589694422,0.020308450377508613,-0.002271231665847167,0.010602668015050372,0.01141337694107521,-0.016982857600074203,0.0017858697953532937,0.01191298864551608,0.002486733706778028,62.693793363471364,1
2020-02-17,0.0002251285475245446,0.020666030780077227,0.02043630143769315,0.010067382148899495,0.010609287906068023,0.011615645413172114,-0.002271231665847167,-0.016982857600074203,0.0017858697953532937,-0.0014687330630879674,63.4724574737604,0
2020-02-18,-0.010131610937733848,0.005421060376307407,0.015711857743810453,-0.014853695205871181,0.011695221544224716,0.012103373551132713,0.010067382148899495,-0.002271231665847167,-0.016982857600074203,0.01191298864551608,56.455687726789265,1
2020-02-19,0.00220016521356059,0.014377162303999658,0.012150264501147978,0.009436734389254894,0.011896954770599532,0.012274389150421438,-0.014853695205871181,0.010067382148899495,-0.002271231665847167,0.0017858697953532937,60.54751015869993,1
2020-02-20,0.022373614773982142,0.03773912474847263,0.01502925129566024,0.025583709296191966,0.012677868331619454,0.01259454731594448,0.009436734389254894,-0.014853695205871181,0.010067382148899495,-0.016982857600074203,75.69444526206604,0
2020-02-21,0.008579800119563608,0.026194729573216335,0.017465082536418652,-0.009419985407851602,0.01323347417473848,0.012710876132658026,0.025583709296191966,0.009436734389254894,-0.014853695205871181,-0.002271231665847167,69.15957943677846,0
2020-02-24,-0.037019407050567055,-0.028468228270774887,0.008879907697414202,-0.054927378740299244,0.02224270544805966,0.017606809042104418,-0.009419985407851602,0.025583709296191966,0.009436734389254894,0.010067382148899495,47.01987545857875,0
2020-02-25,-0.05066624973237821,-0.05056842447824239,0.00010304621963386218,-0.024772039615401406,0.022357572125493934,0.018319891649119034,-0.054927378740299244,-0.009419985407851602,0.025583709296191966,-0.014853695205871181,40.2526036713253,1
2020-02-26,-0.038318880319423654,-0.04845460421904679,-0.010539589155072249,0.00048222924574570995,0.022300261698908457,0.0183227348279519,-0.024772039615401406,-0.054927378740299244,-0.009419985407851602,0.009436734389254894,33.53697014890592,0
2020-02-27,-0.07618317498180738,-0.11004568755947297,-0.03665500742205985,-0.07182060474456671,0.03017186062578102,0.024108952448421643,0.00048222924574570995,-0.024772039615401406,-0.054927378740299244,0.025583709296191966,24.063936389688422,0
2020-02-28,-0.07614905171556074,-0.13810884396176515,-0.06706687086403029,-0.03760583499768654,0.03080571135384408,0.024963368868293086,-0.07182060474456671,0.00048222924574570995,-0.024772039615401406,-0.009419985407851602,21.405376460376587,0
2020-03-02,-0.07938016866031672,-0.1632361010212996,-0.09108638496191845,-0.03725949607605818,0.029842721214778902,0.025591120732869826,-0.03760583499768654,-0.07182060474456671,0.00048222924574570995,-0.054927378740299244,16.01978417057329,0
2020-03-03,-0.07204981834862156,-0.1772827447926829,-0.11340363795908637,-0.026445757305434865,0.029780267762009264,0.025341583684990062,-0.03725949607605818,-0.03760583499768654,-0.07182060474456671,-0.024772039615401406,14.46946143953754,0
2020-03-04,-0.043997950978260425,-0.17492500577661552,-0.1369526926561826,-0.007335554692098701,0.02820123824572772,0.025075244006237424,-0.026445757305434865,-0.03725949607605818,-0.03760583499768654,0.00048222924574570995,15.005561625210063,0
2020-03-05,-0.04457879889934602,-0.187745056510342,-0.14984622221703603,-0.028257504222384947,0.02208461289921161,0.02412083237665362,-0.007335554692098701,-0.026445757305434865,-0.03725949607605818,-0.07182060474456671,14.101677589643373,0
2020-03-06,-0.04704372117766353,-0.1991388204118676,-0.1596034389134443,-0.028162318252319803,0.02093421559136204,0.024019523957505628,-0.028257504222384947,-0.007335554692098701,-0.026445757305434865,-0.03760583499768654,10.639741330170594,0
2020-03-09,-0.10776343075557704,-0.2644448588885496,-0.1756052526132793,-0.10320751137508517,0.030356287424903164,0.030794908047691368,-0.028162318252319803,-0.028257504222384947,-0.007335554692098701,-0.03725949607605818,9.077859364717725,0
2020-03-10,-0.08590205440105825,-0.25792317526318964,-0.18818674923223733,-0.010726264106491254,0.03126734250143111,0.029956953373069844,-0.10320751137508517,-0.028162318252319803,-0.028257504222384947,-0.026445757305434865,6.732162023523912,1
2020-03-11,-0.04656423689382572,-0.23604092552897282,-0.19873041894071164,0.009370595096169432,0.032491508507132484,0.03031096606731501,-0.010726264106491254,-0.10320751137508517,-0.028162318252319803,-0.007335554692098701,1.794961305264323,0
2020-03-12,-0.16124817441267936,-0.3517681697410656,-0.2271470410153541,-0.19011859052277835,0.05869899260777605,0.04842680538537164,0.009370595096169432,-0.010726264106491254,-0.10320751137508517,-0.028257504222384947,1.3971202156970008,1
2020-03-13,-0.07395348156103354,-0.30241275267671275,-0.24670388211252314,0.048633903452118446,0.06595216079498728,0.051197916866322205,-0.19011859052277835,0.009370595096169432,-0.010726264106491254,-0.028162318252319803,7.576526239721176,0
2020-03-16,-0.14976897678999868,-0.37427547426306595,-0.2640535235064173,-0.13938108172160113,0.07341999854464301,0.05615865015126438,0.048633903452118446,-0.19011859052277835,0.009370595096169432,-0.10320751137508517,6.795687641945904,0
2020-03-17,-0.112926021508859,-0.36389662567195447,-0.28291958759739666,-0.014704432171798409,0.07388762303675958,0.056161413794132024,-0.13938108172160113,0.048633903452118446,-0.19011859052277835,-0.010726264106491254,6.614878807382681,0
2020-03-18,-0.0954948832443997,-0.3757877894507593,-0.3098853737961722,-0.0533585291613264,0.07260703233309292,0.05532298828399399,-0.014704432171798409,-0.13938108172160113,0.048633903452118446,0.009370595096169432,7.166913609695428,1
2020-03-19,-0.06150536367103332,-0.3478650378761752,-0.30512659648783047,0.006469423933340713,0.07461779268649064,0.054328898393651764,-0.0533585291613264,-0.014704432171798409,-0.13938108172160113,-0.19011859052277835,8.333340669287438,1
2020-03-20,0.028467101800837114,-0.2813955785441611,-0.301285942741806,0.06114429079710518,0.0821554790710977,0.05845974648573055,0.006469423933340713,-0.0533585291613264,-0.014704432171798409,0.048633903452118446,15.13361189503074,0
2020-03-23,-0.011484071488222614,-0.291883008678131,-0.2836564683505428,-0.04974546025001717,0.0791683676722405,0.058378668633518566,0.06114429079710518,0.006469423933340713,-0.0533585291613264,-0.13938108172160113,15.021683743457785,1
2020-03-24,0.09943207762163175,-0.1731039375730622,-0.2478879966684826,0.1254409025142093,0.093824732835968,0.06852342113010858,-0.04974546025001717,0.06114429079710518,0.006469423933340713,-0.014704432171798409,26.036974525719046,1
2020-03-25,0.15163525891409124,-0.06482897539303545,-0.1879624930129673,0.09680498595579679,0.10065255219972691,0.07376551651262694,0.1254409025142093,-0.04974546025001717,0.06114429079710518,-0.0533585291613264,34.72839213309686,1
2020-03-26,0.11664948356572391,-0.025363257555794938,-0.12717754605325093,0.020584601780800404,0.07860096578405437,0.07340763945951315,0.09680498595579679,0.1254409025142093,-0.04974546025001717,0.006469423933340713,37.66652718790739,0
2020-03-27,-0.010165669933358656,-0.10027116510369449,-0.09103088510202462,-0.10342787268026904,0.08480138151292062,0.0757752712977065,0.020584601780800404,0.09680498595579679,0.1254409025142093,0.06114429079710518,38.59108923878563,0
2020-03-30,-0.062157041666237256,-0.11116572997105356,-0.05225681748668087,-0.035223400928343,0.07187595237530221,0.07575390187087057,-0.10342787268026904,0.020584601780800404,0.09680498595579679,-0.04974546025001717,37.71515117293705,1
2020-03-31,-0.05746735463049557,-0.09058403246749624,-0.03513584171296036,0.0011695350862049251,0.07155722830458838,0.07590252246675683,-0.035223400928343,-0.10342787268026904,0.020584601780800404,0.1254409025142093,37.04468981128845,0
2020-04-01,-0.13020659077678742,-0.17715986542187323,-0.05398209982646163,-0.1273118733408951,0.08160300692368276,0.07952822141854267,0.0011695350862049251,-0.035223400928343,-0.10342787268026904,0.09680498595579679,41.14734653285988,0
2020-04-02,-0.09303047461188274,-0.1675420637033399,-0.0821544572399735,-0.015078080386808839,0.08168562731276191,0.07956051328996876,-0.1273118733408951,0.0011695350862049251,-0.035223400928343,0.020584601780800404,36.89063372916636,0
2020-04-03,-0.07307721825751146,-0.15989615342102903,-0.09366361133158241,-0.01705224659783689,0.078593561670562,0.07957635990731869,-0.015078080386808839,-0.1273118733408951,0.0011695350862049251,-0.10342787268026904,43.441405433139956,1
2020-04-06,0.017419282103369182,-0.07851175384849696,-0.09428859629389208,0.07581566986271734,0.0815795472837621,0.08032053413963543,-0.01705224659783689,-0.015078080386808839,-0.1273118733408951,-0.035223400928343,49.169662130665756,1
2020-04-07,0.11237591221420629,0.021086382642412138,-0.08206715784602037,0.09082614123004518,0.07633372230849286,0.08377609194406668,0.07581566986271734,-0.01705224659783689,-0.015078080386808839,0.0011695350862049251,57.632030548921406,0
2020-04-08,0.06284129532576443,0.011816379815605238,-0.0480080287946657,-0.022834958922780556,0.06819245665341041,0.08368438627314072,0.09082614123004518,0.07581566986271734,-0.01705224659783689,-0.1273118733408951,55.74616409699888,1
2020-04-09,0.07985483042985919,0.06562123745637205,-0.013181024497358584,0.051843603951692414,0.07059020066161369,0.07345372190124917,-0.022834958922780556,0.09082614123004518,0.07581566986271734,-0.015078080386808839,55.54548034581177,0
2020-04-14,0.005632856079961002,0.02656113815753125,0.020811056392041838,-0.042176487810568014,0.06393901099273154,0.07309704980487787,0.051843603951692414,-0.022834958922780556,0.09082614123004518,-0.01705224659783689,55.75497751169661,0
2020-04-15,-0.06566146195695566,-0.04423437066859315,0.022932898961056658,-0.07258796668719045,0.0669854099674044,0.06795575122452881,-0.042176487810568014,0.051843603951692414,-0.022834958922780556,0.07581566986271734,43.74653744374089,1
2020-04-16,-0.04905429319066468,-0.04299802836422617,0.006368675712053795,0.0009191387390330044,0.0669817567225949,0.06788173949420137,-0.07258796668719045,-0.042176487810568014,0.051843603951692414,0.09082614123004518,35.025631288230954,1
2020-04-17,-0.005198303092286083,-0.007201656442355597,-0.0020138218061920288,0.04084033714033183,0.053356321824331025,0.06727832337640689,0.0009191387390330044,-0.07258796668719045,-0.042176487810568014,-0.022834958922780556,36.48034956406026,1
2020-04-20,0.012684999444116274,-0.007865325498764175,-0.02029290939844186,0.003301819527796416,0.05274584055016685,0.06727672802364672,0.04084033714033183,0.0009191387390330044,-0.07258796668719045,0.051843603951692414,44.062734234179054,0
2020-04-21,-0.02206595915163123,-0.055629525944892455,-0.034320890153434536,-0.05070937517601104,0.05571705662160828,0.06693888437124733,0.003301819527796416,0.04084033714033183,0.0009191387390330044,-0.042176487810568014,43.15231625110957,1
2020-04-22,-0.010180396318981266,-0.04420423239486826,-0.03437377472557279,0.013661825694708208,0.050472322945214664,0.06602544650711366,-0.05070937517601104,0.003301819527796416,0.04084033714033183,-0.07258796668719045,44.25317987175176,1
2020-04-23,0.014489493671188791,-0.009673740288857036,-0.023818121440178808,0.032532331626560766,0.04156492972124907,0.0598430160997705,0.013661825694708208,-0.05070937517601104,0.003301819527796416,0.0009191387390330044,58.16111020387149,0
2020-04-24,-0.0031050947336372925,-0.02225066703375822,-0.019205206285014986,-0.02220947125972556,0.041534767513566204,0.055138522765808606,0.032532331626560766,0.013661825694708208,-0.05070937517601104,0.04084033714033183,57.255550158155096,1
2020-04-27,0.024343034938432373,0.014251392459777579,-0.009851819297293618,0.02727387814839593,0.038446045449452244,0.05534640040405844,-0.02220947125972556,0.032532331626560766,0.013661825694708208,0.003301819527796416,60.98700260381765,1
2020-04-28,0.07256492937406844,0.08864144455397249,0.014988850315370783,0.07099691417939649,0.043267960322160626,0.05330940994795806,0.02727387814839593,-0.02220947125972556,0.032532331626560766,-0.05070937517601104,61.28577585418233,1
2020-04-29,0.15200435494985554,0.21599399422525667,0.05554635188700008,0.1195998775392937,0.04772438070290784,0.058848160062004426,0.07099691417939649,0.02727387814839593,-0.02220947125972556,0.013661825694708208,64.30031600808962,0
2020-04-30,0.07292659791569789,0.16120332036207574,0.08227657196481775,-0.03962012779832561,0.05144387347622548,0.05979439936807521,0.1195998775392937,0.07099691417939649,0.02727387814839593,0.032532331626560766,61.84093004710725,0
2020-05-01,0.011937573746129582,0.11440732731707448,0.10126094358924553,-0.030293762769504178,0.05306783449434197,0.051822415911771016,-0.03962012779832561,0.1195998775392937,0.07099691417939649,-0.02220947125972556,54.76190107387459,0
2020-05-04,-0.03459497256508093,0.07072844669312195,0.10909764944776312,-0.030236446145835875,0.054743792066142674,0.05232845538850365,-0.030293762769504178,-0.03962012779832561,0.1195998775392937,0.02727387814839593,55.760192970203214,1
2020-05-05,-0.009388760073114177,0.09704150110213727,0.10743897998079133,0.036639918730680204,0.05097964395085314,0.052245061867750554,-0.030236446145835875,-0.030293762769504178,-0.03962012779832561,0.07099691417939649,66.27630252080479,0
2020-05-06,-0.01615357358796432,0.06203636004957791,0.07947371819267679,-0.024871554131325885,0.05275544217371423,0.05066833396901159,0.036639918730680204,-0.030236446145835875,-0.030293762769504178,0.1195998775392937,63.03936386669985,1
2020-05-07,0.029291139260496646,0.10387432196702284,0.07246072550484728,0.044218931357869216,0.053338280390384525,0.047621445597135104,-0.024871554131325885,0.036639918730680204,-0.030236446145835875,-0.03962012779832561,63.678631209631575,0
2020-05-11,0.002031395593391272,0.06877781431284435,0.0666111052138505,-0.027114436193366304,0.05374103976347129,0.04776398501708934,0.044218931357869216,-0.024871554131325885,0.036639918730680204,-0.030293762769504178,60.29489937845296,0
2020-05-12,-0.008322312338523652,0.06008719585546629,0.0689836113539164,-0.005865104580283816,0.05389825791477814,0.046518458660694505,-0.027114436193366304,0.044218931357869216,-0.024871554131325885,-0.030236446145835875,64.78335588852023,0
2020-05-13,-0.03702173108351969,0.016263766565106863,0.05533406035068911,-0.03990327720713664,0.05162196242863672,0.04640692982684471,-0.005865104580283816,-0.027114436193366304,0.044218931357869216,0.036639918730680204,59.34046580644395,0
2020-05-14,-0.03854148364169441,0.00197526860645314,0.042140926060556305,-0.008916305442751203,0.030134547285466797,0.04306036293023397,-0.03990327720713664,-0.005865104580283816,-0.027114436193366304,-0.024871554131325885,56.15124285515616,1
2020-05-15,-0.0200120922528223,-0.00017444744051087202,0.020242744482342312,0.003186164003046546,0.028883621549984688,0.04305061847311225,-0.008916305442751203,-0.03990327720713664,-0.005865104580283816,0.044218931357869216,58.585855741594116,1
2020-05-18,0.05242094749662218,0.07137580400393362,0.018010717624348915,0.0765238766570747,0.03812561980494122,0.04526912561742378,0.003186164003046546,-0.008916305442751203,-0.03990327720713664,-0.027114436193366304,62.45156718355211,0
2020-05-19,0.04194859826726871,0.05909363730932182,0.016454783921745042,-0.004573138036031207,0.03651701050137246,0.04534092797740357,0.0765238766570747,0.003186164003046546,-0.008916305442751203,-0.005865104580283816,56.882911857991814,1
2020-05-20,0.04375723365789885,0.06840196849722058,0.023611558363004548,0.01891846034721273,0.03521406039503195,0.04330263033745421,-0.004573138036031207,0.0765238766570747,0.003186164003046546,-0.03990327720713664,45.690084959236714,0
2020-05-21,0.003069431776899334,0.031991524199775245,0.028833589686450223,-0.026587238863190855,0.03536964725446865,0.04407618870901693,0.01891846034721273,-0.004573138036031207,0.0765238766570747,-0.008916305442751203,47.439209053128124,0
2020-05-22,-0.015275921418022476,0.017907631042779038,0.033698325432020004,-0.007534072037382287,0.03232143524527994,0.043835557811258904,-0.026587238863190855,0.01891846034721273,-0.004573138036031207,0.003186164003046546,50.551270153603646,1
2020-05-26,0.046516012647312976,0.08147684533792998,0.03340687793412611,0.07145895888067952,0.03834443054266893,0.04557801127484759,-0.007534072037382287,-0.026587238863190855,0.01891846034721273,0.0765238766570747,63.58296669225357,1
2020-05-27,0.10066125717736285,0.15371652720929885,0.048203086722608646,0.0786112476247937,0.04392968333551564,0.04791849627826766,0.07145895888067952,-0.007534072037382287,-0.026587238863190855,-0.004573138036031207,67.79220629094915,1
2020-05-28,0.0942352645759803,0.1665208266046474,0.06606034768645297,0.022932675523091268,0.03927328119923232,0.04606478935852476,0.0786112476247937,0.07145895888067952,-0.007534072037382287,0.01891846034721273,73.42808415926245,0
2020-05-29,0.008012305798926977,0.09368028956495333,0.08498704159978265,-0.06207327305458081,0.04684986826751655,0.04125165923110775,0.022932675523091268,0.0786112476247937,0.07145895888067952,-0.026587238863190855,59.96751854340828,1
2020-06-01,0.024844719692707073,0.13822057171237434,0.11062734660296858,0.04695380709382661,0.04744760755562434,0.04116955417868994,-0.06207327305458081,0.022932675523091268,0.0786112476247937,-0.007534072037382287,67.48749435464467,0
2020-06-02,-0.000802695292432154,0.11733411201176192,0.11823171134230481,-0.010654327401358047,0.0440975188998277,0.04047222476313858,0.04695380709382661,-0.06207327305458081,0.022932675523091268,0.07145895888067952,66.61602618971312,1
2020-06-03,0.03834553976196409,0.1578723713303518,0.1151127702593,0.04755409227725338,0.0448965705501949,0.040386988853185306,-0.010654327401358047,0.04695380709382661,-0.06207327305458081,0.0786112476247937,75.05963920486282,0
2020-06-04,0.02190745646327419,0.13073167618488446,0.10649126692767341,-0.01446740454960042,0.04604387208501015,0.040325757072073164,0.04755409227725338,-0.010654327401358047,0.04695380709382661,0.022932675523091268,73.80006720804798,1
2020-06-05,0.058789372001916806,0.18628455728455107,0.12041600402691177,0.061843000501400076,0.04574133289001027,0.04115784163967296,-0.01446740454960042,0.04755409227725338,-0.010654327401358047,-0.06207327305458081,76.9487172468389,1
2020-06-08,0.04348104991700019,0.1758933320990348,0.1268947645887455,0.003039585622248009,0.045062369328052805,0.04055131553287618,0.061843000501400076,-0.01446740454960042,0.04755409227725338,0.04695380709382661,73.90366561869926,0
2020-06-09,-0.01713424701076094,0.10652805426182255,0.12581809967076696,-0.05073442272417248,0.047425209160395464,0.0420414465806602,0.003039585622248009,0.061843000501400076,-0.01446740454960042,-0.010654327401358047,66.66665842045862,0
2020-06-10,-0.025157221010282727,0.08468409430197066,0.11267592854930708,-0.010269656893657188,0.04158614759843985,0.04214026862003853,-0.05073442272417248,0.003039585622248009,0.061843000501400076,0.04755409227725338,64.1732222365732,0
2020-06-11,-0.08363612558945488,-0.0014630649387058492,0.0896729595583492,-0.07534943724178685,0.047634160280442664,0.04498829188322126,-0.010269656893657188,-0.05073442272417248,0.003039585622248009,-0.01446740454960042,58.24895675215992,1
2020-06-12,-0.0454056359467544,0.007708884088476475,0.055640931934381355,0.01775447464380001,0.0438055305368774,0.04485577476297202,-0.07534943724178685,-0.010269656893657188,-0.05073442272417248,0.061843000501400076,60.169487557646846,0
2020-06-15,-0.028354316062714435,-0.008514313024625353,0.020418968937003568,-0.008234727446002808,0.04082734858532171,0.04501049296311712,0.01775447464380001,-0.07534943724178685,-0.010269656893657188,0.003039585622248009,54.30699335850028,1
2020-06-16,0.03120167658908657,0.03991659978957873,0.008451230635425855,0.05512746617257917,0.04473946026642746,0.04354541876928413,-0.008234727446002808,0.01775447464380001,-0.07534943724178685,-0.05073442272417248,52.395414076613875,0
2020-06-17,0.01131780141017491,0.005694823361219736,-0.005560050501548175,-0.02726768200017643,0.04259614895371687,0.04417285353900592,0.05512746617257917,-0.008234727446002808,0.01775447464380001,-0.010269656893657188,47.29096613621551,0
2020-06-18,-0.001111366383517276,-0.005532267160717086,-0.004425819484194071,-0.00621796704834153,0.042469015781045207,0.04416004569966575,-0.02726768200017643,0.05512746617257917,-0.008234727446002808,-0.07534943724178685,53.19789390867033,0
2020-06-19,-0.017796961899868236,-0.028115943197092097,-0.010505955384931154,-0.01768755174364866,0.03566381979294266,0.043865738133096494,-0.00621796704834153,-0.02726768200017643,0.05512746617257917,0.01775447464380001,45.75452697765526,0
2020-06-22,-0.02710271089167937,-0.043471013767516054,-0.016824286652950438,-0.010868687198469378,0.03528198217958379,0.04392514152578148,-0.01768755174364866,-0.00621796704834153,-0.02726768200017643,-0.008234727446002808,45.772950606435394,1
2020-06-23,-0.0038855979321815726,-0.032653109308795836,-0.02887972638172509,0.013781427787888599,0.033547407037119135,0.04117930640349545,-0.010868687198469378,-0.01768755174364866,-0.00621796704834153,0.05512746617257917,40.73911468827736,0
2020-06-24,-0.034457754740294444,-0.07129275776456556,-0.03814955089237282,-0.044070786681049044,0.035564256635314206,0.03831217055214827,0.013781427787888599,-0.010868687198469378,-0.01768755174364866,-0.02726768200017643,38.028752631710056,1
2020-06-25,-0.017688911560752474,-0.0610852847649086,-0.04417783094875438,0.00677124936469098,0.027425686319799924,0.0378946885971335,-0.044070786681049044,0.013781427787888599,-0.010868687198469378,-0.00621796704834153,27.41704319744592,0
2020-06-26,-0.022478233895329658,-0.0731120342060726,-0.051798130810440934,-0.014669309068671064,0.02672646877087975,0.03549436654751645,0.00677124936469098,-0.044070786681049044,0.013781427787888599,-0.01768755174364866,25.688930589435813,1
2020-06-29,0.00994953194487569,-0.041199126673900466,-0.050644766892736115,0.03122478784844459,0.029061497103450802,0.034516100040188874,-0.014669309068671064,0.00677124936469098,-0.044070786681049044,-0.010868687198469378,36.46408723338789,0
2020-06-30,0.013678702106955543,-0.03982680840278763,-0.05278350072713456,-0.000698950156836724,0.021333297997199695,0.03446664142289374,0.03122478784844459,-0.014669309068671064,0.00677124936469098,0.013781427787888599,37.597096009482456,0
2020-07-01,0.0028972182712392325,-0.04247871647148371,-0.04524485053507321,-0.007720667031399059,0.020128363126145517,0.03242511518033759,-0.000698950156836724,0.03122478784844459,-0.014669309068671064,-0.044070786681049044,47.6065582792084,1
2020-07-02,0.03178493285260875,-0.003347521326797498,-0.03405017175650593,0.037681614679411564,0.024210310319641246,0.03369037537305321,-0.007720667031399059,-0.000698950156836724,0.03122478784844459,0.00677124936469098,51.280494031277236,0
2020-07-03,0.004374399848026567,-0.015249498347119306,-0.019538429293015858,-0.018663329828770638,0.024288557542667597,0.030253837052930346,0.037681614679411564,-0.007720667031399059,-0.000698950156836724,-0.014669309068671064,49.441508978667976,1
2020-07-06,0.013163367730276043,0.004392635960279279,-0.008656779399402681,0.013561291019420428,0.02438315177521087,0.030516117143382426,-0.018663329828770638,0.037681614679411564,-0.007720667031399059,0.03122478784844459,40.730534328467286,0
2020-07-07,-0.007973508559841691,-0.011275392850972454,-0.003328423504434075,-0.02015054786922784,0.024874193694030548,0.028869202919900052,0.013561291019420428,-0.018663329828770638,0.037681614679411564,-0.000698950156836724,42.124022534721114,0
2020-07-08,-0.014268971337718761,-0.012013013411515061,0.002288614095130148,-0.0048831415230923434,0.02007688436947927,0.02883566998756296,-0.02015054786922784,0.013561291019420428,-0.018663329828770638,-0.007720667031399059,42.395985865368544,0
2020-07-09,-0.025316029607002744,-0.031814536841095475,-0.006667296715131665,-0.021559435813818778,0.021327212706813658,0.023923636356428444,-0.0048831415230923434,-0.02015054786922784,0.013561291019420428,0.037681614679411564,41.85552616485381,1
2020-07-10,0.021548293995495404,0.018033452435361585,-0.0034407003377066037,0.050507016651129194,0.025994106156269018,0.026302204900679187,-0.021559435813818778,-0.0048831415230923434,-0.02015054786922784,-0.018663329828770638,53.75228585040855,1
2020-07-13,0.03311210497637629,0.03205086915427091,-0.0010272223285290316,0.015169643874701828,0.02472292139808167,0.026422955479498297,0.050507016651129194,-0.021559435813818778,-0.0048831415230923434,0.013561291019420428,54.03274069430261,0
2020-07-14,0.023600442704829083,0.03180297607259086,0.008013413267081937,-0.0016741754268259361,0.02474684993944667,0.023209037678902655,0.015169643874701828,0.050507016651129194,-0.021559435813818778,-0.02015054786922784,63.32622630183663,1
2020-07-15,0.021326472586878253,0.039515430375670624,0.01780915140946271,0.007844506779542204,0.02439894526649947,0.022463100359290018,-0.0016741754268259361,0.015169643874701828,0.050507016651129194,-0.0048831415230923434,63.55932271881231,0
2020-07-16,-0.004466377878875938,0.02467941721075384,0.029276555248360703,-0.01440079462779309,0.022302014959856488,0.022663302661529477,0.007844506779542204,-0.0016741754268259361,0.015169643874701828,-0.021559435813818778,63.38027828483696,0
2020-07-17,-0.020531802178147207,0.005911026911179729,0.026997128797168424,-0.018555305314472394,0.02229168479500524,0.02269969717800912,-0.01440079462779309,0.007844506779542204,-0.0016741754268259361,0.050507016651129194,53.51071907170643,0
2020-07-20,-0.016518298751182825,0.0039563948359593315,0.02081858112982027,-0.0015475912559205752,0.021821590363613898,0.022561555169979288,-0.018555305314472394,-0.01440079462779309,0.007844506779542204,0.015169643874701828,53.31370178397465,1
2020-07-21,-0.008399377719327417,0.007697677316412355,0.016233405540545753,0.003607305877225125,0.020763514914460185,0.022357674786023192,-0.0015475912559205752,-0.018555305314472394,-0.01440079462779309,-0.0016741754268259361,55.80523959295044,1
2020-07-22,0.0031438825509688684,0.012005803395073622,0.008834147322484887,0.006664972014411403,0.02069311420333067,0.019844428471128817,0.003607305877225125,-0.0015475912559205752,-0.018555305314472394,0.007844506779542204,48.96193057977785,0
2020-07-23,-0.0014404842201947154,0.002073657986775057,0.003519211575712111,-0.0082093764943076,0.01934780133942463,0.019954182123944446,0.006664972014411403,0.003607305877225125,-0.0015475912559205752,-0.01440079462779309,51.68949272194134,0
2020-07-24,-0.02126340428913065,-0.023635598610505903,-0.002423731095548054,-0.02486436569265259,0.01274645988932098,0.020516042380815884,-0.0082093764943076,0.006664972014411403,0.003607305877225125,-0.018555305314472394,42.018972111897384,0
2020-07-27,-0.034983995145374536,-0.04454487079386449,-0.009907478840136208,-0.023153291542684157,0.01222785516462283,0.01991742628057661,-0.02486436569265259,-0.0082093764943076,0.006664972014411403,-0.0015475912559205752,41.55290110720637,1
2020-07-28,-0.019356863199179064,-0.03608020780391252,-0.01705344582259616,0.007717893537495824,0.013051903734457712,0.020025034966093633,-0.023153291542684157,-0.02486436569265259,-0.0082093764943076,0.003607305877225125,44.65037669737172,0
2020-07-29,-0.05885939689221331,-0.09168752752760145,-0.034881218095345945,-0.06309731860482484,0.021157772374243287,0.024346260561733765,0.007717893537495824,-0.023153291542684157,-0.02486436569265259,0.006664972014411403,37.66879425740289,0
2020-07-30,-0.07074097480718355,-0.12185772103600401,-0.05500807077791259,-0.04121086510510646,0.02289971356090979,0.023635278632595524,-0.06309731860482484,0.007717893537495824,-0.023153291542684157,-0.0082093764943076,18.058677462252703,0
2020-07-31,-0.04992253905422683,-0.11794891905311233,-0.07160087760756617,-0.002185371136011925,0.023299399540654877,0.023525255649889512,-0.04121086510510646,-0.06309731860482484,0.007717893537495824,-0.02486436569265259,11.999999999999986,1
2020-08-03,-0.005631742490656788,-0.08393848326137943,-0.07875024185392088,0.03190408745572616,0.027422580791407174,0.024698201842108337,-0.002185371136011925,-0.04121086510510646,-0.06309731860482484,-0.023153291542684157,22.309340623038082,1
2020-08-04,0.021378171068882068,-0.06690294149970932,-0.08643332613639498,0.014154820661872042,0.028249307163417555,0.02486201976530679,0.03190408745572616,-0.002185371136011925,-0.04121086510510646,0.007717893537495824,23.776229372629132,1
2020-08-05,0.03650055317531131,-0.04584125278541784,-0.07944212447207633,0.019187884510284872,0.029337966779996005,0.025413333551970466,0.014154820661872042,0.03190408745572616,-0.002185371136011925,-0.06309731860482484,30.567070876868655,0
2020-08-06,0.012125595367031616,-0.05660884819494605,-0.06791098246759808,-0.014072847425498945,0.029379515863230496,0.025182529054581314,0.019187884510284872,0.014154820661872042,0.03190408745572616,-0.04121086510510646,31.30310554744017,0
2020-08-07,-0.007401787001434457,-0.06216098358412292,-0.055167534925602,-0.011784948163201012,0.028909963523571384,0.021876188162205427,-0.014072847425498945,0.019187884510284872,0.014154820661872042,-0.002185371136011925,30.170640679156833,1
2020-08-10,0.006569514836207047,-0.038300252876997454,-0.04457691898259586,0.019315133103906403,0.0295893844431474,0.022105021762946802,-0.011784948163201012,-0.014072847425498945,0.019187884510284872,0.03190408745572616,33.829235782355966,1
2020-08-11,0.04218735930911377,0.011338671332034922,-0.02959994448361858,0.04689506391617584,0.033631762364099614,0.025045053579698547,0.019315133103906403,-0.011784948163201012,-0.014072847425498945,0.014154820661872042,41.97391422319418,0
2020-08-12,0.0317577891298253,0.013019347960111505,-0.01816166678568787,-0.0023291431629787825,0.025485518480933042,0.024909964264418105,0.04689506391617584,0.019315133103906403,-0.011784948163201012,0.019187884510284872,42.824076475838375,0
2020-08-13,-0.004017827174655264,-0.013346457175377524,-0.00936626202280244,-0.03115288030656958,0.0235400678029676,0.025558448886613478,-0.0023291431629787825,0.04689506391617584,0.019315133103906403,-0.014072847425498945,42.141235462170286,1
2020-08-14,-0.0021565400111602795,0.00016484165732477685,0.0023263986402346504,0.010309324770700349,0.02332941015467077,0.02554603489281004,-0.03115288030656958,-0.0023291431629787825,0.04689506391617584,-0.011784948163201012,47.32460897084367,0
2020-08-17,-0.016007860079064073,-0.00761250396943447,0.008531934117181228,-0.011605495555628847,0.022467579707595532,0.025610864524181046,0.010309324770700349,-0.03115288030656958,-0.0023291431629787825,0.019315133103906403,44.242069709011595,1
2020-08-18,-0.0077820831868093965,-0.0020490362924775463,0.005778011863306398,0.0016662070026606003,0.022178953107682076,0.02558539869370686,-0.011605495555628847,0.010309324770700349,-0.03115288030656958,0.04689506391617584,55.661079763148734,1
2020-08-19,0.013724811077599153,0.020549889209293903,0.0067326734604036265,0.019055122214575664,0.022167985907975148,0.02599860306817222,0.0016662070026606003,-0.011605495555628847,0.010309324770700349,-0.0023291431629787825,68.67566100784293,0
2020-08-20,-0.009465217574374574,0.0003998839425609635,0.009959369112488625,-0.024062095160415,0.023205056441873758,0.026398806853190654,0.019055122214575664,0.0016662070026606003,-0.011605495555628847,-0.03115288030656958,62.70819947815112,1
2020-08-21,-0.0033958437062838742,0.006927290664863417,0.010358309571513624,0.0038964532587230467,0.022722571788945486,0.02598049918530286,-0.024062095160415,0.019055122214575664,0.0016662070026606003,0.010309324770700349,58.43422996766274,1
2020-08-24,0.014146618656007082,0.029591444985926252,0.015229382069416486,0.021978920540141948,0.02294700353684857,0.02605464519522362,0.0038964532587230467,-0.024062095160415,0.019055122214575664,-0.011605495555628847,59.922186034512755,0
2020-08-25,0.0006968335172570228,0.019133258574181466,0.018423586884075416,-0.011478691498648627,0.01743398954548795,0.02609840746368288,0.021978920540141948,0.0038964532587230467,-0.024062095160415,0.0016662070026606003,53.61156558222237,1
2020-08-26,0.011878580631659474,0.028315962022983143,0.016244420729869313,0.011478691498648651,0.017976145929455966,0.021761145141409942,-0.011478691498648627,0.021978920540141948,0.0038964532587230467,0.019055122214575664,59.23826570279032,1
2020-08-27,0.007693992843631259,0.024961065225561185,0.017135234014051814,0.001267307023072427,0.01452415338796823,0.019191875954766666,0.011478691498648651,-0.011478691498648627,0.021978920540141948,-0.024062095160415,62.59543219671027,1
2020-08-28,0.013322701014464755,0.03266984313451715,0.01909277478998872,0.01276420178254696,0.014695235606505796,0.019203917205191743,0.001267307023072427,0.011478691498648651,-0.011478691498648627,0.0038964532587230467,61.58537335046617,0
2020-09-01,-0.03365331008842265,-0.024160986650099137,0.00982289641742562,-0.05564638945394322,0.023407691655044152,0.022527869491892616,0.01276420178254696,0.001267307023072427,0.011478691498648651,0.021978920540141948,37.74057353944853,0
2020-09-02,-0.04573115049271137,-0.04548472748700105,0.0002582322642488144,-0.022923654310614005,0.024266335983178972,0.022910051484047914,-0.05564638945394322,0.01276420178254696,0.001267307023072427,-0.011478691498648627,34.63900393541151,1
2020-09-03,-0.01797345162050945,-0.025686961512418005,-0.007854685705429354,0.019707875801561338,0.024337115694725103,0.022934285089246186,-0.022923654310614005,-0.05564638945394322,0.01276420178254696,0.011478691498648651,44.89463821242018,1
2020-09-04,0.0011239993440834706,-0.013976685472666173,-0.015083730713321586,0.01242719558353896,0.02377415841872707,0.02289476809784442,0.019707875801561338,-0.022923654310614005,-0.05564638945394322,0.001267307023072427,45.337617817960876,1
2020-09-07,0.011195607703394339,-0.014486857022937838,-0.02539811736787656,0.0005612682597435046,0.023726593910666113,0.02271212742209743,0.01242719558353896,0.019707875801561338,-0.022923654310614005,0.01276420178254696,47.88851286043102,0
2020-09-08,-0.010926478070375056,-0.03795414373099626,-0.027326245280423378,-0.025188374990980568,0.023339100330146374,0.023012338880779765,0.0005612682597435046,0.01242719558353896,0.019707875801561338,-0.05564638945394322,42.66054176292117,1
2020-09-09,-0.007832911551882926,-0.02933829473930627,-0.02167516282067028,0.0057372359083038196,0.023500132319612906,0.02015564450805851,-0.025188374990980568,0.0005612682597435046,0.01242719558353896,-0.022923654310614005,39.22204289092217,1
2020-09-10,-0.005340691798337294,-0.024942671095521396,-0.019707229536336857,0.001524425442937515,0.022977514696930143,0.02018257580844139,0.0057372359083038196,-0.025188374990980568,0.0005612682597435046,0.019707875801561338,44.284428659180826,0
2020-09-11,-0.020352811134569104,-0.0449866672329744,-0.025145640571821337,-0.023308366432121728,0.02354275602189987,0.019676209013720903,0.001524425442937515,0.0057372359083038196,-0.025188374990980568,0.01242719558353896,38.893486194171494,1
2020-09-14,-0.00449617380969769,-0.033170026799480556,-0.028803357893173454,0.009697515614527905,0.023268792775339595,0.019655560604186877,-0.023308366432121728,0.001524425442937515,0.0057372359083038196,0.0005612682597435046,35.14461743379613,0
2020-09-15,-0.010794152025008663,-0.03994014432786297,-0.02946403153855104,-0.009502673532080856,0.016221368161776085,0.01961055276125864,0.009697515614527905,-0.023308366432121728,0.001524425442937515,-0.025188374990980568,35.58119446351226,1
2020-09-16,-0.004024163134189629,-0.03461726887183603,-0.03071671480898408,0.0031128400349493693,0.014709862524058112,0.01962945448625437,-0.009502673532080856,0.009697515614527905,-0.023308366432121728,0.0057372359083038196,32.77777699286085,0
2020-09-17,-0.018892228839784142,-0.05301923645950446,-0.03478415789058853,-0.02378488702527333,0.014491669269601399,0.01949677609010712,0.0031128400349493693,-0.009502673532080856,0.009697515614527905,0.001524425442937515,29.061980830670905,0
2020-09-18,-0.039591485169696794,-0.07799473682181135,-0.03998637148578399,-0.03152415778760305,0.015304124047437214,0.019955090898788483,-0.02378488702527333,0.0031128400349493693,-0.009502673532080856,-0.023308366432121728,21.579367595605234,0
2020-09-21,-0.07044295736336303,-0.12118926043391298,-0.054591919315258974,-0.05550527289891643,0.02064225766163805,0.0227871704520144,-0.03152415778760305,-0.02378488702527333,0.0031128400349493693,0.009697515614527905,22.276040536151058,0
2020-09-22,-0.051953400246764314,-0.1152264266269557,-0.0667404180307809,-0.0020637864965636758,0.02065368873802713,0.021736220018927832,-0.05550527289891643,-0.03152415778760305,-0.02378488702527333,-0.009502673532080856,24.457255122543486,1
2020-09-23,-0.0220846707140252,-0.0992432167052002,-0.07890104969262757,0.010061212057307591,0.021119367767173457,0.022143660836541117,-0.0020637864965636758,-0.05550527289891643,-0.03152415778760305,0.0031128400349493693,20.47576938884798,0
2020-09-24,-0.006355374357528976,-0.09181585595126585,-0.08600708884072095,-0.00032296688235658694,0.020994372779230705,0.021749456940653084,0.010061212057307591,-0.0020637864965636758,-0.05550527289891643,-0.02378488702527333,15.235761435946074,0
2020-09-25,-0.008018196663482136,-0.09633348702021494,-0.08902914353840508,-0.014315390907549493,0.020661064520938677,0.021654563657334418,-0.00032296688235658694,0.010061212057307591,-0.0020637864965636758,-0.03152415778760305,14.05885857720547,1
2020-09-28,0.04859935166556206,-0.02595628268198158,-0.0711002102272158,0.0680821742157239,0.03227498763335839,0.027406718796611083,-0.014315390907549493,-0.00032296688235658694,0.010061212057307591,-0.05550527289891643,37.53968345274953,0
2020-09-29,0.028948076398754186,-0.029237669164120073,-0.05654876752043714,-0.007682496172016282,0.032255510737088766,0.0248761828696878,0.0680821742157239,-0.014315390907549493,-0.00032296688235658694,-0.0020637864965636758,34.950694846772606,1
2020-09-30,0.022565363095985447,-0.02277129966833913,-0.04433620030612062,0.0036949709412794126,0.03227309035921469,0.024534845676543144,-0.007682496172016282,0.0680821742157239,-0.014315390907549493,0.010061212057307591,35.4598793808932,1
2020-10-01,0.015733496984458917,-0.015139720682958324,-0.03039499805714252,0.003987525230736853,0.0316989494954062,0.024017811121615502,0.0036949709412794126,-0.007682496172016282,0.0680821742157239,-0.00032296688235658694,40.178564187967275,0
2020-10-02,-4.0944537064158126e-05,-0.013508618276013129,-0.013468225189194438,-0.002963580084162963,0.030042586264545704,0.023718060674669264,0.003987525230736853,0.0036949709412794126,-0.007682496172016282,-0.014315390907549493,37.04514621948575,1
2020-10-05,0.014754475628901753,0.00786935197651939,-0.006785014323898664,0.017651076027218934,0.023033943808269553,0.0242121374125595,-0.002963580084162963,0.003987525230736853,0.0036949709412794126,0.0680821742157239,43.23291575035141,1
2020-10-06,0.04819399280553993,0.055858756922396724,0.007312352646041909,0.04646520063273015,0.02572379441854579,0.026083339311290754,0.017651076027218934,-0.002963580084162963,0.003987525230736853,-0.007682496172016282,52.1801311776155,1
2020-10-07,0.037035574384204795,0.05930591949234221,0.021475005928665025,0.0030668961585077173,0.025890983659571442,0.02605899021595683,0.04646520063273015,0.017651076027218934,-0.002963580084162963,0.0036949709412794126,57.650694560930944,1
2020-10-08,0.043981747936933324,0.08452948426540963,0.03883950692491012,0.02457589180160189,0.025796264217501315,0.02664167453398805,0.0030668961585077173,0.04646520063273015,0.017651076027218934,0.003987525230736853,69.08517938558681,1
2020-10-09,0.02658322239894817,0.08379508529505908,0.055730370074056346,0.001679264388290831,0.024279129066356042,0.026021841259153244,0.02457589180160189,0.0030668961585077173,0.04646520063273015,-0.002963580084162963,87.27809671424374,0
2020-10-12,0.0005671919009844206,0.06804979309656223,0.06744434730801774,-0.013513742388487585,0.017557695040604945,0.026187893172587896,0.001679264388290831,0.02457589180160189,0.0030668961585077173,0.017651076027218934,82.21085904223271,0
2020-10-13,-0.030978322654082846,0.030589621483626983,0.06353618869119648,-0.035975774980596426,0.022023054624032583,0.027391260123402227,-0.013513742388487585,0.001679264388290831,0.02457589180160189,0.04646520063273015,68.89892837395446,0
2020-10-14,-0.030847914747915817,0.025672114758559905,0.05831905060780462,-0.005499891690005732,0.02226800015325357,0.02740308122359667,-0.035975774980596426,-0.013513742388487585,0.001679264388290831,0.0030668961585077173,67.43063906545262,0
2020-10-15,-0.03149664062648172,0.01154305364585717,0.04443938563122707,-0.014083324539194763,0.022986034967936036,0.02705650499432926,-0.005499891690005732,-0.035975774980596426,-0.013513742388487585,0.02457589180160189,67.16059650453263,1
2020-10-16,-0.00469297274135505,0.026245912351915424,0.0310847650483137,0.01664064009792221,0.023335718494343714,0.02625416598319092,-0.014083324539194763,-0.005499891690005732,-0.035975774980596426,0.001679264388290831,59.40594956893913,1
2020-10-19,0.015483763977909737,0.03612296298879625,0.02032449926135449,0.01520791184499951,0.02319042428014425,0.022578266303624462,0.01664064009792221,-0.014083324539194763,-0.005499891690005732,-0.013513742388487585,64.54070016144837,1
2020-10-20,0.020464043728606995,0.039312964715753074,0.018470931046502326,0.00924504931356555,0.0179973725712071,0.022514203968120525,0.01520791184499951,0.01664064009792221,-0.014083324539194763,-0.035975774980596426,65.52522273002492,0
2020-10-21,0.002498436057537967,0.018390929116234522,0.015852885637603675,-0.015456243427518439,0.01860496568416278,0.023007470477061188,0.00924504931356555,0.01520791184499951,0.01664064009792221,-0.005499891690005732,60.3418117043378,1
2020-10-22,0.009526003925752313,0.02804243905099235,0.01834171190562195,0.01507272553384398,0.017310340572447777,0.02307660105580688,-0.015456243427518439,0.00924504931356555,0.01520791184499951,-0.014083324539194763,63.636369394617255,1
2020-10-23,0.05982289400613361,0.08888564535244892,0.027422271693394062,0.06730370181018357,0.028172798392397405,0.02632193595286739,0.01507272553384398,-0.015456243427518439,0.00924504931356555,0.01664064009792221,70.41541174133435,0
2020-10-26,0.03603432086108449,0.07237458385511775,0.0350763119158346,-0.009186809488247207,0.027907713112011283,0.02275820146361386,0.06730370181018357,0.01507272553384398,-0.015456243427518439,0.01520791184499951,62.239378053967826,0
2020-10-27,-0.004965843411511628,0.029668148216382972,0.03480683692973763,-0.03611297226354027,0.02792975277013127,0.024481257179286075,-0.009186809488247207,0.06730370181018357,0.01507272553384398,0.00924504931356555,53.55932036818693,0
2020-10-28,-0.03305135200578646,-0.0003659226264421944,0.033802652754254536,-0.026617497285531054,0.02950790972176333,0.025458394469317667,-0.03611297226354027,-0.009186809488247207,0.06730370181018357,-0.015456243427518439,44.44445015293471,1
2020-10-29,-0.0257297891818703,0.004694240758866375,0.031227507115493713,0.00825103580244404,0.028978876896938358,0.025484280859272616,-0.026617497285531054,-0.03611297226354027,-0.009186809488247207,0.01507272553384398,45.687959163890405,1
2020-10-30,0.001240253324458429,0.018606563489066863,0.017344798220952695,0.017991147946388134,0.02904515168873957,0.025644010282985717,0.00825103580244404,-0.026617497285531054,-0.03611297226354027,0.06730370181018357,51.167317870358616,1
2020-11-02,0.012370901657442923,0.01949654628798858,0.007038571158929585,0.004494421052066976,0.028805759466808595,0.02545248235055431,0.017991147946388134,0.00825103580244404,-0.026617497285531054,-0.009186809488247207,58.95577383343237,1
2020-11-03,0.058608189670889654,0.07499147063253764,0.01547624618957566,0.05736599583356189,0.03350799569494617,0.02651164269967987,0.004494421052066976,0.017991147946388134,0.00825103580244404,-0.03611297226354027,67.7264602549372,0
2020-11-04,0.018265657319353812,0.04382196346890388,0.02509787693010157,-0.02663966763822647,0.03455948549191102,0.027397162810558786,0.05736599583356189,0.004494421052066976,0.017991147946388134,-0.026617497285531054,64.69913510195403,0
2020-11-05,0.0060274307041952024,0.040236484645833626,0.03400409660568893,-0.001995045464438562,0.034548507815617066,0.02692254518142015,-0.02663966763822647,0.05736599583356189,0.004494421052066976,0.00825103580244404,62.50000570379595,1
2020-11-06,0.005109819705856999,0.045794782096701736,0.04047812646258997,0.007055648969686505,0.02699872162744588,0.026952215559174736,-0.001995045464438562,-0.02663966763822647,0.05736599583356189,0.017991147946388134,61.60441598669408,1
2020-11-09,0.12089708310247982,0.19887697891489653,0.06956918435060944,0.14725055107776963,0.053624411771826766,0.04197150741594167,0.007055648969686505,-0.001995045464438562,-0.02663966763822647,0.004494421052066976,74.56389790720826,1
2020-11-10,0.1305137447891891,0.234930846939976,0.09236252335017658,0.04458029496458142,0.05107148892607358,0.041214410899287034,0.14725055107776963,0.007055648969686505,-0.001995045464438562,0.05736599583356189,79.57431212210908,1
2020-11-11,0.09367942415975938,0.22608140796775822,0.12106105398272371,0.008298879754182035,0.0484135601333485,0.04099020699648591,0.04458029496458142,0.14725055107776963,0.007055648969686505,-0.02663966763822647,79.40512835538273,0
2020-11-12,0.03122664035847511,0.18027875635868762,0.14453865926931364,-0.023593774765456803,0.050750300697484776,0.041391635852120925,0.008298879754182035,0.04458029496458142,0.14725055107776963,-0.001995045464438562,71.23623125315848,1
2020-11-13,0.008752176938255474,0.17931455938440877,0.1690825421203459,0.013507657146823903,0.05082393871959336,0.041386876300460014,-0.023593774765456803,0.008298879754182035,0.04458029496458142,0.007055648969686505,73.73494898799441,1
2020-11-16,0.027665046417479466,0.20122562420762535,0.16888827580074994,0.033856791863909594,0.050480958999405856,0.041629605990576746,0.013507657146823903,-0.023593774765456803,0.008298879754182035,0.14725055107776963,81.86139125429528,0
2020-11-17,0.018815653600822158,0.18052470465356474,0.15872258193247313,-0.00274193759242244,0.04990230805260765,0.041798730467664254,0.033856791863909594,0.013507657146823903,-0.023593774765456803,0.04458029496458142,85.98168628019744,1
2020-11-18,0.033124219122622645,0.18811886385435406,0.15002517786618164,0.02285822528052052,0.04714544120087413,0.04124551292451645,-0.00274193759242244,0.033856791863909594,0.013507657146823903,0.008298879754182035,86.63228143954319,0
2020-11-19,0.004075861860896479,0.14909068767353495,0.1444261647161562,-0.018964021527149058,0.04850705589452123,0.041983551846083704,0.02285822528052052,-0.00274193759242244,0.033856791863909594,-0.023593774765456803,81.63344100146267,0
2020-11-20,-0.009604910614821383,0.12711083541377133,0.13804162348327442,-0.008529202031857728,0.04932720828245586,0.04034150425772184,-0.018964021527149058,0.02285822528052052,-0.00274193759242244,0.013507657146823903,79.60676286345671,1
2020-11-23,0.005883183929738411,0.1333139099577325,0.12668541244536313,0.017556952028779802,0.02225703776398948,0.04009511698465294,-0.008529202031857728,-0.018964021527149058,0.02285822528052052,0.033856791863909594,77.95831174322018,1
2020-11-24,0.059686733420514004,0.19312402513300309,0.12592145159897683,0.0688977661787573,0.02735862765765271,0.04035253553723241,0.017556952028779802,-0.008529202031857728,-0.018964021527149058,-0.00274193759242244,86.18682300770222,0
2020-11-25,0.009148465701344755,0.12146897361241882,0.11130226297575851,-0.046329833409424044,0.032880203745804866,0.04169605165983942,0.0688977661787573,0.017556952028779802,-0.008529202031857728,0.02285822528052052,76.98049551401778,0
2020-11-26,-0.010046807737563168,0.0879790790929551,0.09902072905739123,-0.0161689834872149,0.03222369634633474,0.0422930750161908,-0.046329833409424044,0.0688977661787573,0.017556952028779802,-0.018964021527149058,73.89099446554857,0
2020-11-27,-0.023656206664152246,0.06215309104539801,0.08788840395693809,-0.011404300854013446,0.03257373055130563,0.04269028378537624,-0.0161689834872149,-0.046329833409424044,0.0688977661787573,-0.008529202031857728,61.62987818561757,0
2020-11-30,-0.05073650741093061,0.013917236622283946,0.06810937588769428,-0.036054423180408066,0.03293100512011995,0.04407915522212648,-0.011404300854013446,-0.0161689834872149,-0.046329833409424044,0.017556952028779802,50.17316397634427,1
2020-12-01,0.02051870098524433,0.06730651853391234,0.04584709472104498,0.06251140539859103,0.03892645356708912,0.044375331147312125,-0.036054423180408066,-0.011404300854013446,-0.0161689834872149,0.0688977661787573,57.18005527900914,1
2020-12-02,0.0416253156316615,0.08016321245433944,0.03699784965317199,0.025502773327515327,0.039081726601916,0.04352804308614561,0.06251140539859103,-0.036054423180408066,-0.011404300854013446,-0.046329833409424044,63.425407750841835,1
2020-12-03,0.042087520500519116,0.0768728792109532,0.033380458000040525,0.010964543803525432,0.038291089004990245,0.043368795301254454,0.025502773327515327,0.06251140539859103,-0.036054423180408066,-0.0161689834872149,63.30375746092968,1
2020-12-04,0.029338399643606516,0.06279361260379757,0.03250166609132088,0.0004037792643353071,0.037999556561434826,0.04345796014336728,0.010964543803525432,0.025502773327515327,0.06251140539859103,-0.011404300854013446,59.92735145626525,0
2020-12-07,-0.0031624309566933295,0.03933199715603708,0.04262924014141389,-0.016006857589702994,0.03850018600818433,0.030691877259693162,0.0004037792643353071,0.010964543803525432,0.025502773327515327,-0.036054423180408066,57.62514258849221,1
2020-12-08,-0.006705197556936882,0.0356417642763418,0.0426328233361577,0.0006835220359371915,0.03110186600603956,0.029362938986751054,-0.016006857589702994,0.0004037792643353071,0.010964543803525432,0.06251140539859103,54.91328733228017,0
2020-12-09,-0.008427364905995605,0.028609261499379146,0.03735140028532924,-0.003147930626029111,0.027093646593969685,0.02939166637296846,0.0006835220359371915,-0.016006857589702994,0.0004037792643353071,0.025502773327515327,57.52593893979183,0
2020-12-10,-0.027575808331181895,-0.003878831348000489,0.024368971058313704,-0.02878596558816089,0.02828718070246793,0.029666983368499707,-0.003147930626029111,0.0006835220359371915,-0.016006857589702994,0.010964543803525432,54.06503964182793,0
2020-12-11,-0.05031129664414635,-0.044569445001843344,0.006046035529340799,-0.04103950113370928,0.03108321840842884,0.03116148956528523,-0.02878596558816089,-0.003147930626029111,0.0006835220359371915,0.0004037792643353071,46.05413757166554,1
2020-12-14,-0.000898299003948777,-0.0015849938081330395,-0.0006873122160633294,0.04526311795605871,0.03195335190321789,0.03189592614965406,-0.04103950113370928,-0.02878596558816089,-0.003147930626029111,-0.016006857589702994,41.96062882721397,1
2020-12-15,0.017895834879452677,0.012589123078342368,-0.005213413415468771,0.016303547617824397,0.025504935902525772,0.03205365216174197,0.04526311795605871,-0.04103950113370928,-0.02878596558816089,0.0006835220359371915,51.46727196636867,0
2020-12-16,0.016810512769606323,0.008173044533899443,-0.008494668502374236,-0.0034614088597178824,0.024016102561372994,0.031700326485530575,0.016303547617824397,0.04526311795605871,-0.04103950113370928,-0.003147930626029111,53.64704674321908,1
2020-12-17,0.020817525718999086,0.015199360689287289,-0.005503593823739328,0.009249713100724703,0.023920109724662932,0.031395684243770136,-0.0034614088597178824,0.016303547617824397,0.04526311795605871,-0.02878596558816089,57.1496123350532,0
2020-12-18,0.004433378028746882,0.00888516083353963,0.00443213348159488,-0.0037171743676297836,0.023908561342134184,0.03132652408144618,0.009249713100724703,-0.0034614088597178824,0.016303547617824397,-0.04103950113370928,63.794930565244634,0
2020-12-21,-0.019980587652461468,-0.017499467604353836,0.002531705001806328,-0.026131617326702956,0.02474544053148476,0.03174622025300037,-0.0037171743676297836,0.009249713100724703,-0.0034614088597178824,0.04526311795605871,46.99086420417284,1
2020-12-22,0.01096983071996438,0.016821634100960825,0.005788306637033003,0.03286747166217414,0.027307202194568708,0.02851059410489876,-0.026131617326702956,-0.0037171743676297836,0.009249713100724703,0.016303547617824397,48.58489568736755,1
2020-12-23,0.040433177284188604,0.05440812904561487,0.01343185902424282,0.03922606007535476,0.029967391118604882,0.02782868981454417,0.03286747166217414,-0.026131617326702956,-0.0037171743676297836,-0.0034614088597178824,54.27373953009029,1
2020-12-24,0.04648962538274537,0.06870550921811835,0.021228957551536087,0.018145518801323108,0.027867622660944585,0.027651441600509374,0.03922606007535476,0.03286747166217414,-0.026131617326702956,0.009249713100724703,57.31768069483852,0
2020-12-29,0.0046571613369965625,0.028453326549032765,0.023685856357574142,-0.03501744671096137,0.026715298613080665,0.028847589860697007,0.018145518801323108,0.03922606007535476,0.03286747166217414,-0.0037171743676297836,53.44591820638633,0
2020-12-30,-0.008207189695861206,0.020662841693352085,0.029108933931836223,-0.002683083790799801,0.0236669457104952,0.027373593963586577,-0.03501744671096137,0.018145518801323108,0.03922606007535476,-0.026131617326702956,52.85585185835891,0
2020-12-31,-0.023773455467555937,0.004396078309985452,0.02885552942122982,-0.01488735186115383,0.02398845737749632,0.024098619298211273,-0.002683083790799801,-0.03501744671096137,0.018145518801323108,0.03286747166217414,50.850412679230814,0
2021-01-04,-0.034133715304179635,-0.016089958976685415,0.018681422691109617,-0.02177886519022483,0.02507231501816989,0.023906047304116416,-0.01488735186115383,-0.002683083790799801,-0.03501744671096137,0.03922606007535476,51.960794980103735,0
2021-01-05,-0.021269633207543603,-0.01647677072587872,0.004897020307413458,-0.0022321948641964204,0.024839431965341635,0.0237347828351905,-0.02177886519022483,-0.01488735186115383,-0.002683083790799801,0.018145518801323108,59.03797041959336,1
2021-01-06,0.051375216694073966,0.06249996732201457,0.010581142156765866,0.07944087162297106,0.03563403733586926,0.029905323704032327,-0.0022321948641964204,-0.02177886519022483,-0.01488735186115383,-0.03501744671096137,64.07636575283341,1
2021-01-07,0.0484044189090207,0.06629873738737646,0.017068144845265643,0.006941806198033842,0.03373286353907613,0.029612253492818236,0.07944087162297106,-0.0022321948641964204,-0.02177886519022483,-0.002683083790799801,63.042478879758484,0
2021-01-08,0.01838039860965357,0.04210820542663796,0.023299551768060978,-0.02071001418211874,0.03395180884973749,0.03009279366243937,0.006941806198033842,0.07944087162297106,-0.0022321948641964204,-0.01488735186115383,59.380377753426174,0
2021-01-11,-0.0032696917405867776,0.0285294394021971,0.03190344557527758,-0.011311453292424346,0.03193367270740065,0.030224118242529307,-0.02071001418211874,0.006941806198033842,0.07944087162297106,-0.02177886519022483,56.03926776072299,1
2021-01-12,0.0021832291248233826,0.04477414325356044,0.04249813097144961,0.019906422914779443,0.032051992509826155,0.02958644003474223,-0.011311453292424346,-0.02071001418211874,0.006941806198033842,-0.0022321948641964204,59.3598051723429,0
2021-01-13,-0.006572418379585887,0.026373415787912302,0.03316380053970236,-0.012263720860242197,0.030053628510280928,0.02792259337205823,0.019906422914779443,-0.011311453292424346,-0.02071001418211874,0.07944087162297106,61.68420944425277,1
2021-01-14,0.0009429283362274443,0.02611265158325926,0.02514601235943492,0.003276328191231389,0.03000856931208963,0.026320568808450517,-0.012263720860242197,0.019906422914779443,-0.011311453292424346,0.006941806198033842,57.9482442532788,0
2021-01-15,-0.02035655770996081,-0.0025138004841335215,0.018213521834145707,-0.026919330899501197,0.031013712898998694,0.026985080764118045,0.003276328191231389,-0.012263720860242197,0.019906422914779443,-0.02071001418211874,46.361441973420305,1
2021-01-18,-0.003923194925752549,0.011964124972616341,0.015949894443315404,0.01679370525889673,0.03019359133814757,0.027172583834489318,-0.026919330899501197,0.003276328191231389,-0.012263720860242197,-0.011311453292424346,46.02328185159614,0
2021-01-19,-0.023796874321701966,-0.01829581816136272,0.005635155241402234,-0.029917091987539154,0.032165045414047126,0.028050872154047876,0.01679370525889673,-0.026919330899501197,0.003276328191231389,0.019906422914779443,47.00347082485466,0
2021-01-20,-0.019513216911382414,-0.022336804374867958,-0.002879781259866654,-0.0036837020406952515,0.017456711818296236,0.028050611346420784,-0.029917091987539154,0.01679370525889673,-0.026919330899501197,-0.012263720860242197,46.84107067542327,0
2021-01-21,-0.01910311027696676,-0.03363586380789496,-0.01481578102977954,-0.010442553111487474,0.016904969279778585,0.027481629631429368,-0.0036837020406952515,-0.029917091987539154,0.01679370525889673,0.003276328191231389,47.64057595783918,0
2021-01-22,-0.023294592422451577,-0.04431709623535662,-0.021523894154579892,-0.012089395412664267,0.01636933579851612,0.026582206753349505,-0.010442553111487474,-0.0036837020406952515,-0.029917091987539154,-0.026919330899501197,49.40134517126409,0
2021-01-25,-0.04533812508374002,-0.0794782809230038,-0.03576151592128729,-0.04240768637493408,0.019918846461894596,0.02634511864730232,-0.012089395412664267,-0.010442553111487474,-0.0036837020406952515,0.01679370525889673,43.09718602996944,1
2021-01-26,-0.019050557421117387,-0.059115645370735215,-0.04084317316526331,0.01677799948072308,0.019419183164672355,0.026283336176047556,-0.04240768637493408,-0.012089395412664267,-0.010442553111487474,-0.029917091987539154,27.404439277639398,0
2021-01-27,-0.038841298134797864,-0.08906562267007778,-0.052253935211547975,-0.03740935142299961,0.021271935542539068,0.026431368243084407,0.01677799948072308,-0.04240768637493408,-0.012089395412664267,-0.0036837020406952515,21.732401555952137,1
2021-01-28,-0.01103515476747996,-0.06985929134907565,-0.05948051325096926,0.016685469641989626,0.02275500953840743,0.02688249828251662,-0.03740935142299961,0.01677799948072308,-0.04240768637493408,-0.010442553111487474,28.282847948420297,0
2021-01-29,-0.01953015208419362,-0.08647503565992076,-0.06827837053636321,-0.022509528785760364,0.022458646634538965,0.0270935224457608,0.016685469641989626,-0.03740935142299961,0.01677799948072308,-0.012089395412664267,27.32410283176867,1
2021-02-01,-0.006659623295498296,-0.07483518545866841,-0.0686326296222336,0.00968785505328959,0.021583224797909237,0.026962420645538065,-0.022509528785760364,0.016685469641989626,-0.03740935142299961,-0.04240768637493408,23.9247381294297,1
2021-02-02,0.031554428801486845,-0.037198873843180214,-0.0666501938482763,0.038838395616570806,0.025644554444082843,0.02855077676423918,0.00968785505328959,-0.022509528785760364,0.016685469641989626,0.01677799948072308,35.02213198883925,1
2021-02-03,0.03211347204673265,-0.02162361720777739,-0.05206509817951177,0.011490376796085075,0.026152332885194775,0.02168344882333505,0.038838395616570806,0.00968785505328959,-0.022509528785760364,-0.03740935142299961,36.76401411783955,1
2021-02-04,0.047059514626970333,0.009437934550575289,-0.035930698829281016,0.027680991960877723,0.027701989258994447,0.022728302980141404,0.011490376796085075,0.038838395616570806,0.00968785505328959,0.016685469641989626,46.37889414469055,1
2021-02-05,0.03702349092988566,0.02142480831868876,-0.015041783284204913,0.009829447341784578,0.02744581286285385,0.022531025816574363,0.027680991960877723,0.011490376796085075,0.038838395616570806,-0.022509528785760364,44.953220684323576,1
2021-02-08,0.02067932807258588,0.02455083878446951,0.0037930725208223937,0.0017644694739248875,0.022449467905202674,0.02243303722860083,0.009829447341784578,0.027680991960877723,0.011490376796085075,0.00968785505328959,50.85117365266451,1
2021-02-09,0.011671537663412668,0.028415437352747208,0.01655072725284601,0.0014906244792881047,0.022250723898695753,0.021890524053479354,0.0017644694739248875,0.009829447341784578,0.027680991960877723,0.038838395616570806,51.91134183851814,0
2021-02-10,0.003451713747052443,0.029954268807335538,0.026411390500613363,-0.00013544771612316274,0.016628167181145757,0.021763705145989836,0.0014906244792881047,0.0017644694739248875,0.009829447341784578,0.011490376796085075,54.16183214724987,0
2021-02-11,-0.008477745467250886,0.02041391609454979,0.02913869197561847,-0.011715063593103647,0.017654854761161038,0.02184637617635015,-0.00013544771612316274,0.0014906244792881047,0.0017644694739248875,0.027680991960877723,54.193188261588055,0
2021-02-12,-0.00710476995213094,0.021029386669077388,0.02833547364292599,-0.00041124387105530215,0.014743506654480659,0.02106486731773033,-0.011715063593103647,-0.00013544771612316274,0.0014906244792881047,0.009829447341784578,65.29615861477902,1
2021-02-15,0.0385861261992031,0.07644016217372251,0.03644766189304849,0.0537714583282268,0.020491347756094982,0.02411005049521893,-0.00041124387105530215,-0.011715063593103647,-0.00013544771612316274,0.0017644694739248875,71.08013474159537,1
2021-02-16,0.038368075091510745,0.0843289378933183,0.044262592335340356,0.010338621569828996,0.01841538385688156,0.02306261313060403,0.0537714583282268,-0.00041124387105530215,-0.011715063593103647,0.0014906244792881047,84.34667045668766,0
2021-02-17,0.02125069129840984,0.07295780385948913,0.05063116529726841,-0.0077439529697437975,0.0192744978438991,0.023141146628495653,0.010338621569828996,0.0537714583282268,-0.00041124387105530215,-0.00013544771612316274,79.77225272956392,0
2021-02-18,-0.02611979559896127,0.024312675784591065,0.05178508727833697,-0.04545936484362202,0.02438215373701422,0.025400216421379095,-0.0077439529697437975,0.010338621569828996,0.0537714583282268,-0.011715063593103647,70.72447064292132,1
2021-02-19,0.0041567444746826165,0.06304660917230631,0.058646087895800836,0.04078402372522111,0.02738346647325903,0.026693159143211215,-0.04545936484362202,-0.0077439529697437975,0.010338621569828996,-0.00041124387105530215,74.40290883508348,1
2021-02-22,0.007813699538426366,0.06104478094886989,0.05281837450197702,0.004027255390980691,0.02736982225225533,0.024405200512260472,0.04078402372522111,-0.04545936484362202,-0.0077439529697437975,0.0537714583282268,70.8284031949554,1
2021-02-23,0.03506122278159829,0.08750303475000232,0.05066542037723454,0.03139613646944622,0.0286107864586377,0.024961040375578315,0.004027255390980691,0.04078402372522111,-0.04545936484362202,0.010338621569828996,73.42317238939945,1
2021-02-24,0.05613740618481522,0.11289179902631519,0.053737697868802226,0.03336119393766511,0.029564395583721412,0.023355482912076803,0.03139613646944622,0.004027255390980691,0.04078402372522111,-0.0077439529697437975,74.40290883508348,0
2021-02-25,0.02329386195886962,0.08953430069363977,0.06473256724902798,-0.012472701284068006,0.029629503696815003,0.02383182089993545,0.03336119393766511,0.03139613646944622,0.004027255390980691,-0.04545936484362202,69.58076176129754,0
2021-02-26,-0.002699407514805019,0.060563824256581356,0.06343446724897595,-0.018253360760832976,0.0308873960438576,0.023555863630082958,-0.012472701284068006,0.03336119393766511,0.03139613646944622,0.04078402372522111,64.49761900850731,1
2021-03-01,-0.0006689566318005546,0.06276882369973791,0.06348024586299683,0.01084319355245425,0.02666408124593913,0.023559278985306673,-0.018253360760832976,-0.012472701284068006,0.03336119393766511,0.004027255390980691,65.74330781160675,1
2021-03-02,0.001012004893930607,0.060864689865831156,0.05979217499818357,0.005439529356443078,0.026593517285656024,0.022490238267117907,0.01084319355245425,-0.018253360760832976,-0.012472701284068006,0.03139613646944622,66.45542208622011,1
2021-03-03,0.043698824440846495,0.10366721429018333,0.05745756193743379,0.04884297204692838,0.029619716931138025,0.02433192202869362,0.005439529356443078,0.01084319355245425,-0.018253360760832976,0.03336119393766511,74.10042382506876,0
2021-03-04,0.01602128193250807,0.07256863559440263,0.055655678347937165,-0.0218405872865167,0.025353696995352556,0.02486286752587671,0.04884297204692838,0.005439529356443078,0.01084319355245425,-0.012472701284068006,69.15130699173717,1
2021-03-05,0.03095634122205304,0.0956437531753418,0.06274505463210112,0.029093809888949086,0.024129917611569872,0.0253589909693477,-0.0218405872865167,0.04884297204692838,0.005439529356443078,-0.018253360760832976,67.25421708853989,1
2021-03-08,0.04816663866201609,0.12519288196457512,0.07348663891924967,0.03628435995422319,0.025219220643692763,0.026100792840373817,0.029093809888949086,-0.0218405872865167,0.04884297204692838,0.01084319355245425,70.03585270284424,0
2021-03-09,0.01927447597151266,0.10187553128270577,0.08103906970932706,-0.012100794578762742,0.025683869379261676,0.026491089516993263,0.03628435995422319,0.029093809888949086,-0.0218405872865167,0.005439529356443078,68.87557949942867,0
2021-03-10,0.004688543717979332,0.08179354257064753,0.07674517574106221,-0.010177906977476253,0.024948392305715276,0.02676122154007848,-0.012100794578762742,0.03628435995422319,0.029093809888949086,0.04884297204692838,75.64848410379527,1
2021-03-11,-0.0025643024580094265,0.07396197264558824,0.07672301612242638,0.0014931060658059058,0.024206275591567895,0.02640448173665184,-0.010177906977476253,-0.012100794578762742,0.03628435995422319,-0.0218405872865167,72.52076170007959,1
2021-03-12,0.0231599358859762,0.10125984288966605,0.07633206135662607,0.0357362694983169,0.02397708047000583,0.026967549016180623,0.0014931060658059058,-0.010177906977476253,-0.012100794578762742,0.029093809888949086,75.57283436979552,0
2021-03-15,0.018623147585814515,0.0905571337349933,0.07061884104996619,-0.0017734837273555397,0.02439415982262521,0.025089695704787876,0.0357362694983169,0.0014931060658059058,-0.010177906977476253,0.03628435995422319,72.49467894397456,1
2021-03-16,0.025712896348224268,0.0980124242371796,0.07048710038292239,0.015084268780165189,0.024336100136913272,0.025136459978088232,-0.0017734837273555397,0.0357362694983169,0.0014931060658059058,-0.012100794578762742,70.84087535249743,0
2021-03-17,0.007915713020635318,0.0790866422723644,0.07061198504231658,-0.009331993364931384,0.021335672905595633,0.025191683880368663,0.015084268780165189,-0.0017734837273555397,0.0357362694983169,-0.010177906977476253,71.38954803722874,1
2021-03-18,0.010978851414829682,0.08215679586703395,0.07040497865271189,0.01358476005874434,0.01896298733497135,0.02182587907466838,-0.009331993364931384,0.015084268780165189,-0.0017734837273555397,0.0014931060658059058,77.85451667666013,0
2021-03-19,0.0021734000832900335,0.06600351351046063,0.06369168591170538,-0.006550224938801102,0.01826841822691724,0.020976179008660934,0.01358476005874434,-0.009331993364931384,0.015084268780165189,0.0357362694983169,74.77856968572583,0
2021-03-22,-0.007568272116502683,0.04825959611732422,0.05625361086841507,-0.009021952117275479,0.015374001589209527,0.02132703456076579,-0.006550224938801102,0.01358476005874434,-0.009331993364931384,-0.0017734837273555397,71.46130379152706,1
2021-03-23,-0.0047924900514546565,0.04234302953670155,0.04736250391699026,0.000662883210415022,0.014612436831125631,0.020647564193229013,-0.009021952117275479,-0.006550224938801102,0.01358476005874434,0.015084268780165189,65.05890211137041,1
2021-03-24,0.009247679319399182,0.05445720163683543,0.044795270025217215,0.01719176950681007,0.014438220095754743,0.019838904737237567,0.000662883210415022,-0.009021952117275479,-0.006550224938801102,-0.009331993364931384,75.00000000000009,0
2021-03-25,-0.0007685176392285831,0.036196241813289065,0.03699318937108065,-0.01190429591925666,0.015458281048718164,0.019811985548033127,0.01719176950681007,0.000662883210415022,-0.009021952117275479,0.01358476005874434,66.15193001504207,1
2021-03-26,0.0038847571118822977,0.034554933057390214,0.030551490824249683,0.005041180143178669,0.010918281274933158,0.018999923315795062,-0.01190429591925666,0.01719176950681007,0.000662883210415022,-0.006550224938801102,59.34718923826108,0
2021-03-29,-0.009641129094752898,0.01450499782385406,0.02438118911030296,-0.014201822603193848,0.011964071952019411,0.019539172497273462,0.005041180143178669,-0.01190429591925666,0.01719176950681007,-0.009021952117275479,58.39416424234058,1
2021-03-30,0.029344527607248816,0.05578099354036059,0.02568281583481502,0.047421714553232096,0.018860238222830644,0.021663202226690135,-0.014201822603193848,0.005041180143178669,-0.01190429591925666,0.000662883210415022,72.01860168680983,0
2021-03-31,0.009951749575229263,0.03331367546376929,0.023131724756519922,-0.017171014545452747,0.019591829741079776,0.020028200038281218,0.047421714553232096,-0.014201822603193848,0.005041180143178669,0.01719176950681007,65.61327701670052,0
2021-04-01,-0.0026019179655812907,0.017738509875909747,0.020393490029579908,-0.010380706205944744,0.019551693544549185,0.019392526465808708,-0.017171014545452747,0.047421714553232096,-0.014201822603193848,-0.01190429591925666,55.16402264529454,1
2021-04-06,0.003113451459979766,0.022518776148997777,0.019345094675756513,0.008550308182707167,0.019563383419952486,0.018573080724147453,-0.010380706205944744,-0.017171014545452747,0.047421714553232096,0.005041180143178669,57.75307463635387,1
2021-04-07,0.005150217866693119,0.02964855264540267,0.024372809499762393,0.00954583731535537,0.019320885457139468,0.017018218472747888,0.008550308182707167,-0.010380706205944744,-0.017171014545452747,-0.014201822603193848,56.53220376040495,1
2021-04-08,0.009733125279799193,0.029604240210804544,0.019679571199072043,0.0033036483568329366,0.019296201233823963,0.01666347679809892,0.00954583731535537,0.008550308182707167,-0.010380706205944744,0.047421714553232096,60.3609031266275,0
2021-04-09,-0.0022780623531623023,0.013867632430153431,0.01618255966326232,-0.01220309953902726,0.019258178775817494,0.016755938484981567,0.0033036483568329366,0.00954583731535537,0.008550308182707167,-0.017171014545452747,52.97431708086106,1
2021-04-12,0.00609822641022939,0.023002322813257203,0.01680163622128794,0.012734962042470169,0.01902694961907547,0.016881849711781804,-0.01220309953902726,0.0033036483568329366,0.00954583731535537,-0.010380706205944744,58.27293781815055,0
2021-04-13,-0.0019659014632487093,0.01443297475969274,0.01643117830040519,-0.0067217883179396375,0.019266973853774363,0.01524698931337653,0.012734962042470169,-0.01220309953902726,0.0033036483568329366,0.008550308182707167,58.949296926011684,1
2021-04-14,0.0018586625003818025,0.016545003417468562,0.014659094607650136,0.004059805192868352,0.018397266357848153,0.015232973789671226,-0.0067217883179396375,0.012734962042470169,-0.01220309953902726,0.00954583731535537,59.73636765905161,0
2021-04-15,-0.010312825947603188,0.00017332770176725631,0.010595422396385779,-0.015797450828148006,0.011264912368229699,0.015399503093701488,0.004059805192868352,-0.0067217883179396375,0.012734962042470169,0.0033036483568329366,50.63290848177844,1
2021-04-16,0.010253081593355251,0.02258902209803826,0.012210742762820415,0.02429092405531093,0.01275868683619366,0.01609602241450112,-0.015797450828148006,0.004059805192868352,-0.0067217883179396375,-0.01220309953902726,60.04502073504101,0
2021-04-19,0.00267119296797258,0.013418246777046727,0.010718422833373875,-0.007960558189286916,0.012524060870109491,0.01600920797297952,0.02429092405531093,-0.015797450828148006,0.004059805192868352,0.012734962042470169,56.53376051207377,0
2021-04-20,-0.023504613493809723,-0.01811993868860251,0.005514285965521282,-0.03183114735040365,0.016154285121817543,0.017563077973517374,-0.007960558189286916,0.02429092405531093,-0.015797450828148006,-0.0067217883179396375,51.801115340205094,0
2021-04-21,-0.022011997281608964,-0.023786861821982752,-0.0018148121811724094,-0.005847633663284818,0.015651298226275846,0.017493550112844543,-0.03183114735040365,-0.007960558189286916,0.02429092405531093,0.004059805192868352,36.75913988839716,1
2021-04-22,-0.010979434737454774,-0.015582611721519979,-0.004654278329230932,0.008703860243315391,0.01600502260419939,0.017603116786432668,-0.005847633663284818,-0.03183114735040365,-0.007960558189286916,-0.015797450828148006,44.01596695819704,0
2021-04-23,-0.005051858475683235,-0.016823908459994374,-0.011831822677989656,-0.001866657658851304,0.015679188995015296,0.017153022428576675,0.008703860243315391,-0.005847633663284818,-0.03183114735040365,0.02429092405531093,46.45613095795794,1
2021-04-26,0.019147346394463582,0.004231074371963128,-0.01463603086960008,0.02227993115959781,0.016918983208399064,0.01766407766101166,-0.001866657658851304,0.008703860243315391,-0.005847633663284818,-0.007960558189286916,50.80593194243175,1
2021-04-27,0.016215851284592908,0.005537192272987657,-0.010508258652043745,0.002254540473368246,0.016823606685462112,0.017642310231356602,0.02227993115959781,-0.001866657658851304,0.008703860243315391,-0.03183114735040365,48.55023441233827,1
2021-04-28,0.020478723899562734,0.016449560949280073,-0.0039483066681546,0.013104148895807756,0.017312363797168325,0.017463027152685003,0.002254540473368246,0.02227993115959781,-0.001866657658851304,-0.005847633663284818,51.55557299417166,0
2021-04-29,0.012185703835293049,0.015273216165076375,0.0030503417683973577,-0.0012709464119290683,0.0163541352239964,0.013869143196118488,0.013104148895807756,0.002254540473368246,0.02227993115959781,0.008703860243315391,55.12560010897653,0
2021-04-30,-0.05213015172025304,-0.05319378818453091,-0.0011221334513469294,-0.07262539866182847,0.02703062338457326,0.02111151739498588,-0.0012709464119290683,0.013104148895807756,0.002254540473368246,-0.001866657658851304,34.39205846349685,0
2021-05-04,-0.06158715569841566,-0.0747408374753381,-0.014016945587218665,-0.026560488498335175,0.027697097901591715,0.021715283941442818,-0.07262539866182847,-0.0012709464119290683,0.013104148895807756,0.02227993115959781,31.759844083479948,1
2021-05-05,-0.018915705200681976,-0.040724207846429605,-0.02222897946828173,0.03371429477798985,0.029487791843463385,0.023144007221279662,-0.026560488498335175,-0.07262539866182847,-0.0012709464119290683,0.002254540473368246,38.90028445075584,1
2021-05-06,-0.003914559637658521,-0.036195689288086585,-0.03240799267047345,0.0019217300668801717,0.029501255824798685,0.022998622144287297,0.03371429477798985,-0.026560488498335175,-0.07262539866182847,0.013104148895807756,41.8292280030015,1
2021-05-07,0.029371715804305643,-0.010298299638972441,-0.03853808574124429,0.02476139886317174,0.030568393574406702,0.023786142722823277,0.0019217300668801717,0.03371429477798985,-0.026560488498335175,-0.0012709464119290683,41.70287202476138,1
2021-05-10,0.0398538163647435,0.011138586540913042,-0.02761467945967322,0.02136328345761232,0.03132039103730753,0.024190016692785497,0.02476139886317174,0.0019217300668801717,0.03371429477798985,-0.07262539866182847,47.709467337683414,0
2021-05-11,-0.0009546440176818605,-0.016463313973556604,-0.015523489362127885,-0.029882410683029253,0.03188658925424957,0.024870651901314128,0.02136328345761232,0.02476139886317174,0.0019217300668801717,-0.026560488498335175,48.126560141127754,1
2021-05-12,0.0019214858511029664,-0.007031621881187777,-0.00893593745490473,0.00807842985042971,0.03205251111574882,0.024948950039124354,-0.029882410683029253,0.02136328345761232,0.02476139886317174,0.03371429477798985,50.74318773452007,0
2021-05-13,-0.017272206623922703,-0.022361711144659013,-0.005178956527984058,-0.01812878282939594,0.03185823536702604,0.025183029357458163,0.00807842985042971,-0.029882410683029253,0.02136328345761232,0.0019217300668801717,45.889859830625255,1
2021-05-14,-0.0025612401627792547,-0.007573652879338977,-0.005025283674937264,0.01393168279840605,0.032458779995172264,0.02523819466766104,-0.01812878282939594,0.00807842985042971,-0.029882410683029253,0.02476139886317174,48.77582506232808,0
2021-05-17,-0.0038684671963090667,-0.013002457808636514,-0.009169462376739657,-0.008224072442377607,0.022160844103065066,0.024556008872203137,0.01393168279840605,-0.01812878282939594,0.00807842985042971,0.02136328345761232,43.09303888344859,1
2021-05-18,0.0016224842218959257,-0.0052425699482135935,-0.006853933770708642,0.00578611438743011,0.019741726759168854,0.024593497796542806,-0.008224072442377607,0.01393168279840605,-0.01812878282939594,-0.029882410683029253,43.794749439555645,0
2021-05-19,-0.006759902681176544,-0.016263029815539287,-0.009567804562074844,-0.012167324845265165,0.017631400960688742,0.02371627385917404,0.00578611438743011,-0.008224072442377607,0.01393168279840605,0.00807842985042971,39.12000175781144,1
2021-05-20,-0.0030541219625143112,-0.011335788947749892,-0.008307037691492658,0.004482319453877906,0.017668958958379086,0.023718401358302575,-0.012167324845265165,0.00578611438743011,-0.008224072442377607,-0.01812878282939594,40.26899636698575,1
2021-05-21,-0.0004020116463755441,-0.009658874402336814,-0.009260585619232375,0.0007823380453075133,0.015590865633644809,0.023622259510165125,0.004482319453877906,-0.012167324845265165,0.00578611438743011,0.01393168279840605,54.69584019157338,1
2021-05-24,0.0027680654690480644,-0.0053750465632271816,-0.008120633586856552,0.0036798949189384227,0.013597876337582372,0.023643027243157894,0.0007823380453075133,0.004482319453877906,-0.012167324845265165,-0.008224072442377607,63.08884398096881,0
2021-05-25,0.003239130890873909,-0.0038207981054322326,-0.0070371347956064145,-0.00022260540566124143,0.009837894308947699,0.023022387651336424,0.0036798949189384227,0.0007823380453075133,0.004482319453877906,0.00578611438743011,55.19481377342349,0
2021-05-26,-0.00020081116613568373,-0.003928527512143565,-0.003728465063425168,-0.0021176095362419925,0.009403322655928435,0.023003000193313822,-0.00022260540566124143,0.0036798949189384227,0.0007823380453075133,-0.012167324845265165,53.89046979600159,1
2021-05-27,0.01908354286163938,0.022236553635746725,0.003093966923706226,0.024466740322695534,0.010478811818478925,0.023529442506120407,-0.0021176095362419925,-0.00022260540566124143,0.0036798949189384227,0.004482319453877906,53.89049514093487,0
2021-05-28,0.011177672369097946,0.02049350718423759,0.009212856523338475,-0.003271490593560347,0.009887433313033423,0.023533065256114635,0.024466740322695534,-0.0021176095362419925,-0.00022260540566124143,0.0007823380453075133,45.171845646404186,1
2021-06-01,0.01823809410745314,0.0314183095216114,0.01294413898913449,0.013453580776899583,0.00993880794501707,0.016731002444476173,-0.003271490593560347,0.024466740322695534,-0.0021176095362419925,0.0036798949189384227,63.00095065347642,1
2021-06-02,0.015379934589376809,0.031742531139030694,0.016114752707094837,0.0046234188077103,0.009915699785644804,0.015238013793596877,0.013453580776899583,-0.003271490593560347,0.024466740322695534,-0.00022260540566124143,61.93672787015228,0
2021-06-03,0.007069023738009106,0.02846291401275769,0.02124371792842905,-0.0005365422299597366,0.008466886308443437,0.013601104167576795,0.0046234188077103,0.013453580776899583,-0.003271490593560347,-0.0021176095362419925,72.99439216886422,0
2021-06-04,-0.006072896389588633,0.013408583328998525,0.019600511594684455,-0.012854563201378283,0.010096734002507653,0.014036474810556032,-0.0005365422299597366,0.0046234188077103,0.013453580776899583,0.024466740322695534,59.271950838454266,1
2021-06-07,0.0060260148149655635,0.028504138561904035,0.02234348159582411,0.01628325724527566,0.010909659082895356,0.013424395870755645,-0.012854563201378283,-0.0005365422299597366,0.0046234188077103,-0.003271490593560347,70.2929264312134,0
2021-06-08,-0.0033158067307674788,0.018577113787330513,0.02196575471542994,-0.00978130047219079,0.011796050059869256,0.012787359760249686,0.01628325724527566,-0.012854563201378283,-0.0005365422299597366,0.013453580776899583,62.31161288887951,0
2021-06-09,-0.022146621001730704,-0.007194403886452316,0.015290857951112846,-0.02548955816821426,0.014869677349198182,0.012276036225952662,-0.00978130047219079,0.01628325724527566,-0.012854563201378283,0.0046234188077103,55.40661883570727,0
2021-06-10,-0.022235344765210274,-0.014464368426758023,0.007947696101354929,-0.008009846201496536,0.01509891624662734,0.012255477806717631,-0.02548955816821426,-0.00978130047219079,0.01628325724527566,-0.0005365422299597366,50.39094917528151,1
2021-06-11,-0.011073370752860745,-0.007689884814766734,0.0034213720593911923,0.007455642223848763,0.01280635696790564,0.011657407132089688,-0.008009846201496536,-0.02548955816821426,-0.00978130047219079,-0.012854563201378283,52.84886903940649,0
2021-06-14,-0.008313823489351724,-0.01283754481093291,-0.004561646041591927,-0.005558658192418767,0.012855633631140628,0.011294469307508445,0.007455642223848763,-0.008009846201496536,-0.02548955816821426,0.01628325724527566,49.429969146885924,0
2021-06-15,-0.002759888385907794,-0.013827968544407487,-0.011098711363089264,-0.001003807335596355,0.011678492864323011,0.011144303654350169,-0.005558658192418767,0.007455642223848763,-0.008009846201496536,-0.00978130047219079,49.14980012194693,0
2021-06-16,-0.010723867627206674,-0.024540712136938203,-0.013966620701332033,-0.011786666874767544,0.011564576282744385,0.011354852519644706,-0.001003807335596355,-0.005558658192418767,0.007455642223848763,-0.02548955816821426,45.95003404643137,1
2021-06-17,-0.0009608863437416959,-0.015378813220127241,-0.014431794190338798,0.00955231287327666,0.012418223821788027,0.011256586463966888,-0.011786666874767544,-0.001003807335596355,-0.005558658192418767,-0.008009846201496536,39.69595802798009,0
2021-06-18,-0.030594972104880935,-0.05186966339714982,-0.021946132607196134,-0.039699558829258574,0.01668497045646306,0.014297934141236387,0.00955231287327666,-0.011786666874767544,-0.001003807335596355,0.007455642223848763,31.291597860721424,1
2021-06-21,-0.017341690975051338,-0.04430860754678645,-0.027442821501701187,0.006264532212831827,0.01539561767912825,0.014406257883907028,-0.039699558829258574,0.00955231287327666,-0.011786666874767544,-0.005558658192418767,27.932961489138492,0
2021-06-22,-0.012115280738619894,-0.0446343386197704,-0.032917867082167596,-0.002315672912869192,0.015470003583912591,0.014350081695490029,0.006264532212831827,-0.039699558829258574,0.00955231287327666,-0.001003807335596355,25.33710922376754,1
2021-06-23,-0.005707962871427497,-0.041379329726586866,-0.035876146567737965,0.0015058192941047694,0.01419973250926678,0.014366717933603048,-0.002315672912869192,0.006264532212831827,-0.039699558829258574,-0.011786666874767544,26.11152479606048,1
2021-06-24,0.008628838751500112,-0.03119725868347234,-0.03948538441977334,0.009216602447065358,0.014742249265386316,0.014581326828947517,0.0015058192941047694,-0.002315672912869192,0.006264532212831827,0.00955231287327666,32.65600803466778,1
2021-06-25,0.007700102315078672,-0.026356987108998586,-0.033796850219459995,0.0025197725719681425,0.014446454212868732,0.013304151005699039,0.009216602447065358,0.0015058192941047694,-0.002315672912869192,-0.039699558829258574,25.700587200100742,0
2021-06-28,-0.009814074093375424,-0.04175556292614824,-0.03225807194091035,-0.01917134625778352,0.015315865915268224,0.013819529506908637,0.0025197725719681425,0.009216602447065358,0.0015058192941047694,0.006264532212831827,24.24473967021926,1
2021-06-29,-0.0008768399215949296,-0.029011926060001025,-0.028159777755725646,0.009747075716645254,0.01595202218585847,0.013606717972559178,-0.01917134625778352,0.0025197725719681425,0.009216602447065358,-0.002315672912869192,34.4680886983093,0
2021-06-30,-0.010958536937019092,-0.036535332077293314,-0.025860184932050223,-0.012081942268770986,0.015969500298437404,0.013597647417736627,0.009747075716645254,-0.01917134625778352,0.0025197725719681425,0.0015058192941047694,33.554271699830636,1
2021-07-01,0.01214810917475262,-0.00992333634173681,-0.021806537320397945,0.024133773096246303,0.017843944881572937,0.01500224273036828,-0.012081942268770986,0.009747075716645254,-0.01917134625778352,0.009216602447065358,40.54858064556261,0
2021-07-02,-0.001968728370865258,-0.023328809514244986,-0.021402216293796794,-0.01691349304717992,0.013392990789805742,0.015168338902435078,0.024133773096246303,-0.012081942268770986,0.009747075716645254,0.0025197725719681425,37.828516073683204,1
2021-07-05,0.021640134559753887,0.009584507938531273,-0.011800267250089647,0.030511401698173294,0.01644239778807415,0.0164154019800995,-0.01691349304717992,0.024133773096246303,-0.012081942268770986,-0.01917134625778352,47.76994890011906,0
2021-07-06,-0.011981542209326346,-0.021736000720630533,-0.009872749273446058,-0.03539681519511375,0.02041500473170563,0.017938345299735852,0.030511401698173294,-0.01691349304717992,0.024133773096246303,0.009747075716645254,42.66248942861542,1
2021-07-07,-0.0079136911870199,-0.013896902246687048,-0.006030938040890721,0.0056973336795737,0.020505710394152107,0.017300220231827954,-0.03539681519511375,0.030511401698173294,-0.01691349304717992,-0.012081942268770986,41.55981982892552,0
2021-07-08,-0.027294253631275578,-0.03854094821122689,-0.01156227833744905,-0.028578417055390506,0.022010493534366658,0.018245150971617278,0.0056973336795737,-0.03539681519511375,0.030511401698173294,0.024133773096246303,44.029426063948755,1
2021-07-09,0.004729230602375845,-0.003723959886750783,-0.008413401572937906,0.0335515413327971,0.02500793138602788,0.019911477990918226,-0.028578417055390506,0.0056973336795737,-0.03539681519511375,-0.01691349304717992,50.52526039748425,0
2021-07-12,0.006831907772544943,-0.005493041945525912,-0.012241318161377968,-0.003698567474742883,0.024214491433401663,0.019898273133489616,0.0335515413327971,-0.028578417055390506,0.0056973336795737,0.030511401698173294,50.22377921108771,0
2021-07-13,-0.007264489514184902,-0.018549414480648396,-0.011367504080659896,-0.015873356223816366,0.02450423144190139,0.02013946199894196,-0.003698567474742883,0.0335515413327971,-0.028578417055390506,-0.03539681519511375,46.71976975948089,1
2021-07-14,-0.0010767695392266408,-0.012678451698018622,-0.011614187962612932,0.004109174872231427,0.024288088375885697,0.020073079026586286,-0.015873356223816366,-0.003698567474742883,0.0335515413327971,0.0056973336795737,45.57204594584625,0
2021-07-15,-0.012034137614204243,-0.01906537498177574,-0.00711688291596646,-0.009299118672446892,0.02281575515922045,0.01995191650211465,0.004109174872231427,-0.015873356223816366,-0.003698567474742883,-0.028578417055390506,43.33643581280459,0
2021-07-16,-0.024600217959052872,-0.03873086527580272,-0.01448703144794905,-0.022120810055411024,0.023209677282692534,0.018580357503934775,-0.009299118672446892,0.004109174872231427,-0.015873356223816366,0.0335515413327971,42.9561110586431,0
2021-07-19,-0.04548499933922956,-0.07050005864348163,-0.02620708871723887,-0.037572878909445634,0.021872890853731643,0.020089705223552648,-0.022120810055411024,-0.009299118672446892,0.004109174872231427,-0.003698567474742883,35.456838110659504,1
2021-07-20,-0.021689117769698507,-0.053845231145492556,-0.03286901327570457,0.014580582673665595,0.021362013565870763,0.020519420321051876,-0.037572878909445634,-0.022120810055411024,-0.009299118672446892,-0.015873356223816366,40.141730610707995,1
2021-07-21,0.01614155909763193,-0.019814764937651663,-0.03538515250494634,0.03369529543960598,0.024637519950480573,0.02211315967417709,0.014580582673665595,-0.037572878909445634,-0.022120810055411024,0.004109174872231427,41.791637905653985,0
2021-07-22,0.00937823360942569,-0.028249608427692086,-0.03727823801248886,-0.011307648451647357,0.02321916781443391,0.022058635030010834,0.03369529543960598,0.014580582673665595,-0.037572878909445634,-0.009299118672446892,42.709196210582874,1
2021-07-23,0.018254447881544733,-0.015435401396519,-0.03308588471983087,0.010829054084092597,0.020354546279780915,0.022239106846223242,-0.011307648451647357,0.03369529543960598,0.014580582673665595,-0.022120810055411024,38.17611201888627,1
2021-07-26,0.01981366806103879,-0.001155401091504138,-0.020561667105728487,0.013786808230866978,0.021089195669854843,0.022140745268769448,0.010829054084092597,-0.011307648451647357,0.03369529543960598,-0.037572878909445634,47.45596390441747,0
2021-07-27,0.010066094545491566,-0.00038357918366194177,-0.010345534599748851,-0.00035415594075848586,0.020511174739206967,0.022006856704322807,0.013786808230866978,0.010829054084092597,-0.011307648451647357,0.014580582673665595,46.096098389501215,1
2021-07-28,0.02343542589226777,0.01907067352953784,-0.004264804844843484,0.019758575974980923,0.02146531017118431,0.02232119790898266,-0.00035415594075848586,0.013786808230866978,0.010829054084092597,0.03369529543960598,56.652808961139996,1
2021-07-29,0.030622757673983703,0.03919846244302505,0.008320895987583121,0.0198299050697423,0.021855212344934937,0.022100782032862767,0.019758575974980923,-0.00035415594075848586,0.013786808230866978,-0.011307648451647357,53.94810067442919,0
2021-07-30,0.011828826292640038,0.028406410220151335,0.01638378300433674,-0.009808479723256094,0.020519100049186743,0.021866031903393836,0.0198299050697423,0.019758575974980923,-0.00035415594075848586,0.010829054084092597,52.38606007797127,1
2021-08-02,0.012362418899920291,0.03720734558770622,0.024541533964470563,0.007990875402248843,0.013931857539299815,0.02079939581485186,-0.009808479723256094,0.0198299050697423,0.019758575974980923,0.013786808230866978,58.19900236727846,1
2021-08-03,0.00691987677274053,0.038437989554631624,0.0313015101885854,0.00261174690583387,0.013999036919457749,0.019111905239832683,0.007990875402248843,-0.009808479723256094,0.0198299050697423,-0.00035415594075848586,57.91831287298474,1
2021-08-04,0.014039134670814857,0.05107874017728742,0.036526800830518846,0.013964166938200174,0.011194732971475295,0.01929841872238398,0.00261174690583387,0.007990875402248843,-0.009808479723256094,0.019758575974980923,63.264210598208585,1
2021-08-05,0.015000241897965116,0.052514458599169034,0.03695981060167575,0.004908560105444271,0.00930686726438622,0.017927603849891338,0.013964166938200174,0.00261174690583387,0.007990875402248843,0.0198299050697423,71.14136503603777,1
2021-08-06,0.022182950572797955,0.06682710713565387,0.04367530933463404,0.016226430318099345,0.009617812584612436,0.01677986588478473,0.004908560105444271,0.013964166938200174,0.00261174690583387,-0.009808479723256094,88.06264967660893,1
2021-08-09,0.022107429987769933,0.07321846004125887,0.05000553616374792,0.00937235054047231,0.009468302679998257,0.01677565528167874,0.016226430318099345,0.004908560105444271,0.013964166938200174,0.007990875402248843,87.81627469903998,1
2021-08-10,0.017475700054601306,0.07423077238841436,0.05578027301366251,0.005408926934384037,0.009038513152267509,0.0161614305776302,0.00937235054047231,0.016226430318099345,0.004908560105444271,0.00261174690583387,85.64709571215803,1
2021-08-11,0.015087504496379633,0.07579602759221404,0.059806196832216996,0.006023440296705649,0.008234228454890585,0.016165718913159557,0.005408926934384037,0.00937235054047231,0.016226430318099345,0.013964166938200174,92.80517590171215,0
2021-08-12,-0.0020364775929200274,0.05825389762759747,0.06041340576767529,-0.012083465215111364,0.009126360646646925,0.016301559226951867,0.006023440296705649,0.005408926934384037,0.00937235054047231,0.004908560105444271,84.03493643486212,1
2021-08-13,-0.00012962107242020515,0.057104214545818044,0.05724125529113566,0.004548478684844729,0.007640378345266666,0.015072126837991731,-0.012083465215111364,0.006023440296705649,0.005408926934384037,0.016226430318099345,83.03796539282676,0
2021-08-16,-0.010344542914105692,0.03766144752189837,0.04850778126092581,-0.011847363773888585,0.009407485106561588,0.011970540589618004,0.004548478684844729,-0.012083465215111364,0.006023440296705649,0.00937235054047231,76.21994857402557,0
2021-08-17,-0.010749179040699608,0.02769741419209537,0.03886435312281322,-0.003834133794940448,0.009722145892154626,0.012057112118079425,-0.011847363773888585,0.004548478684844729,-0.012083465215111364,0.005408926934384037,70.44078324832438,1
2021-08-18,-0.005344120892878501,0.02432199679004099,0.02982550880767909,0.0009872891931993672,0.008973132664039433,0.01017166964819834,-0.003834133794940448,-0.011847363773888585,0.004548478684844729,0.006023440296705649,65.55888151475258,0
2021-08-19,-0.018693665587047992,0.0008503274111808512,0.019916301681595305,-0.01937508778021339,0.011119118319607917,0.01095509308983881,0.0009872891931993672,-0.003834133794940448,-0.011847363773888585,-0.012083465215111364,60.1663376110563,1
2021-08-20,-0.01011300779598856,-0.00021182695418064945,0.010002334528876444,0.00234500373388265,0.009562364913552071,0.01083822505245066,-0.01937508778021339,0.0009872891931993672,-0.003834133794940448,0.004548478684844729,58.276882308105925,1
2021-08-23,-0.0004869962838034425,0.0038018060423330446,0.004290891974582323,0.007112714647008721,0.009290667040101008,0.010605828471302887,0.00234500373388265,-0.01937508778021339,0.0009872891931993672,-0.011847363773888585,59.869646910063445,1
2021-08-24,0.006710697221418149,0.007101035972870928,0.00038773676740522234,0.006732552197859722,0.009417640560221421,0.010599592830241781,0.007112714647008721,0.00234500373388265,-0.01937508778021339,-0.003834133794940448,57.368957242253664,1
2021-08-25,0.021992076002373073,0.021986446237922008,-5.5086184945762895e-06,0.018095065365850642,0.011163531253615673,0.010471408217703582,0.006732552197859722,0.007112714647008721,0.00234500373388265,0.0009872891931993672,61.95938579721722,0
2021-08-26,0.01237624019304473,0.016340496356584078,0.003915793364316356,-0.0032460865735896476,0.010494829157942089,0.009824113352024395,0.018095065365850642,0.006732552197859722,0.007112714647008721,-0.01937508778021339,54.62595357939112,1
2021-08-27,0.012092827097507808,0.02010564820992511,0.007917081218129507,0.006804637035926542,0.010623313924890077,0.009440691942102227,-0.0032460865735896476,0.018095065365850642,0.006732552197859722,0.00234500373388265,53.57501496296332,0
2021-08-31,0.002494006226188228,0.01266235131564164,0.010143048263930643,-0.004855737421440074,0.00993727526592521,0.00952969440198739,0.006804637035926542,-0.0032460865735896476,0.018095065365850642,0.007112714647008721,48.785399777914094,0
2021-09-01,-0.004824967312027195,0.00552550148959341,0.010400651605641631,-0.004988072556669059,0.010007090801219283,0.009675201414772405,-0.004855737421440074,0.006804637035926542,-0.0032460865735896476,0.006732552197859722,43.55828555871142,1
2021-09-02,0.0029198626600048794,0.011887526589470454,0.008941555814520497,0.00812000366205144,0.010260152847235665,0.009382319127597648,-0.004988072556669059,-0.004855737421440074,0.006804637035926542,0.018095065365850642,53.2412294570248,0
2021-09-03,-0.0014704935145773979,0.006265306174024321,0.007747191884023508,-0.00421416580622944,0.007572189871890442,0.009445945148765332,0.00812000366205144,-0.004988072556669059,-0.004855737421440074,-0.0032460865735896476,48.93387894005247,1
2021-09-06,0.003612184106749572,0.010359483171639816,0.006723014299488295,0.004860982555008536,0.0075827634080870236,0.008826485512908246,-0.00421416580622944,0.00812000366205144,-0.004988072556669059,0.006804637035926542,57.665915076411586,0
2021-09-07,0.0019024418202384652,0.008887245830720092,0.006971541059219044,-0.0011860544502561429,0.007590532372915879,0.008599512881243377,0.004860982555008536,-0.00421416580622944,0.00812000366205144,-0.004855737421440074,59.29411173362869,0
2021-09-08,-0.012429904246051615,-0.006421612420565825,0.006083914297646764,-0.016096088072728713,0.009424900977806707,0.00924353827426746,-0.0011860544502561429,0.004860982555008536,-0.00421416580622944,-0.004988072556669059,50.0505668033371,0
2021-09-09,-0.012110784473837177,-0.008840454444137502,0.0033104218350616943,-0.003734586221836057,0.007092286006759842,0.009120868894627761,-0.016096088072728713,-0.0011860544502561429,0.004860982555008536,0.00812000366205144,58.372657317680044,0
2021-09-10,-0.015403142320377539,-0.015838554895597268,-0.00044222421778372656,-0.008176901837897222,0.0073659829336499855,0.008917172499641303,-0.003734586221836057,-0.016096088072728713,-0.0011860544502561429,-0.00421416580622944,52.60817249680566,1
2021-09-13,0.007396540789086803,0.005608556824731492,-0.0017748561683115227,0.02129611189039117,0.01023366825818676,0.01017316350562213,-0.008176901837897222,-0.003734586221836057,-0.016096088072728713,0.004860982555008536,58.58386582356238,0
2021-09-14,-0.005277611647024449,-0.011332452698975315,-0.006086965692987167,-0.017530836454593097,0.011486646185493424,0.01058492374896638,0.02129611189039117,-0.008176901837897222,-0.003734586221836057,-0.0011860544502561429,48.053089697228295,0
2021-09-15,-0.008423930325139661,-0.016599593756098763,-0.008245119745215246,-0.005986724210649765,0.011518215286721539,0.010630981186954921,-0.017530836454593097,0.02129611189039117,-0.008176901837897222,-0.016096088072728713,37.0334313610868,1
2021-09-16,0.006168070142497539,-0.0011535835063094524,-0.007276770020907097,0.01566667280045479,0.012481196032183351,0.011239425807620398,-0.005986724210649765,-0.017530836454593097,0.02129611189039117,-0.003734586221836057,45.92921823813933,1
2021-09-17,0.003559037623568573,-0.0020862645173269634,-0.0056252815522079835,0.00010948646807038887,0.012451972137927779,0.010266456844145372,0.01566667280045479,-0.005986724210649765,-0.017530836454593097,-0.008176901837897222,42.790268392850344,0
2021-09-20,-0.029451593052020386,-0.04353627914100744,-0.014512090265830557,-0.043626217071611385,0.01805997078001342,0.014311957811029235,0.00010948646807038887,0.01566667280045479,-0.005986724210649765,0.02129611189039117,32.342556811401764,1
2021-09-21,-0.02247489983575346,-0.0415272235973011,-0.019490367826203614,0.0005715614421926282,0.01811968544773422,0.014185160673509185,-0.043626217071611385,0.00010948646807038887,0.01566667280045479,-0.017530836454593097,33.67350456817786,1
2021-09-22,0.010618131402684083,-0.007410725327496315,-0.017839435262414383,0.03481149201098597,0.021689778722263624,0.01628427125752971,0.0005715614421926282,-0.043626217071611385,0.00010948646807038887,-0.005986724210649765,43.372758956459336,1
2021-09-23,0.024458725039000484,0.007922717026561887,-0.0161412144855414,0.015006609638121724,0.022198309804587237,0.016115767786772726,0.03481149201098597,0.0005715614421926282,-0.043626217071611385,0.01566667280045479,48.91497149607567,0
2021-09-24,0.02207241533321036,0.006938001797716531,-0.014807574598869944,-0.0011966344283474747,0.021978859994036398,0.016102691342395448,0.015006609638121724,0.03481149201098597,0.0005715614421926282,0.00010948646807038887,47.21723666398056,1
2021-09-27,0.02981175901122013,0.028520090232561746,-0.0012542765873041484,0.021749313589974995,0.022023692089516617,0.0167782624813491,-0.0011966344283474747,0.015006609638121724,0.03481149201098597,-0.043626217071611385,53.22233157772678,0
2021-09-28,0.00929559154545867,0.02012661952689143,0.01073127443749966,-0.007805393443717399,0.021269299897055952,0.01684094228251453,0.021749313589974995,-0.0011966344283474747,0.015006609638121724,0.0005715614421926282,55.45608359799972,1
2021-09-29,0.010026008127646646,0.027051848060304806,0.01685683318612763,0.007805393443717304,0.0210731183226104,0.016869158006900944,-0.007805393443717399,0.021749313589974995,-0.0011966344283474747,0.03481149201098597,58.269431242492274,1
2021-09-30,0.013665248618388581,0.035839184685827696,0.021875008635900084,0.009645563682766539,0.020796758290470597,0.016906349724593123,0.007805393443717304,-0.007805393443717399,0.021749313589974995,0.015006609638121724,62.66957602010547,0
2021-10-01,4.259127943062602e-05,0.025551464552715286,0.025507786864006565,-0.009113134864669277,0.021175081388719822,0.017022464151345517,0.009645563682766539,0.007805393443717304,-0.007805393443717399,-0.0011966344283474747,55.389057380527426,0
2021-10-04,-0.00262022232396264,0.021807789227824337,0.02449218652568419,-0.0031986704831988674,0.013959596174073389,0.01701800006121092,-0.009113134864669277,0.009645563682766539,0.007805393443717304,0.021749313589974995,59.87538182616776,1
2021-10-05,0.0273032661160868,0.059082224338859346,0.03093434944767459,0.03834138445173077,0.016882459033855077,0.01899799197167608,-0.0031986704831988674,-0.009113134864669277,0.009645563682766539,-0.007805393443717399,69.2227452200883,0
2021-10-06,0.008662152967859216,0.04170055192861355,0.03275467297304968,-0.013971829908376919,0.01614242890402765,0.018894641159702304,0.03834138445173077,-0.0031986704831988674,-0.009113134864669277,0.007805393443717304,62.04187216419414,1
2021-10-07,0.013920889871360087,0.0482745396099582,0.03388198239308071,0.009542711143572,0.015883804090182144,0.018896083381581264,-0.013971829908376919,0.03834138445173077,-0.0031986704831988674,0.009645563682766539,63.76810931109421,1
2021-10-08,0.013628630768104832,0.0517182926756965,0.037577531604181535,0.007302671360771086,0.015731354900216248,0.018721908748176978,0.009542711143572,-0.013971829908376919,0.03834138445173077,-0.009113134864669277,80.08321566446679,1
2021-10-11,0.015743784189402588,0.061426067945730356,0.044974219352751366,0.012829770917182287,0.01497575979076114,0.0184025476682734,0.007302671360771086,0.009542711143572,-0.013971829908376919,-0.0031986704831988674,81.41982854814344,0
2021-10-12,0.011640091705956701,0.0555633023459452,0.04341782319631027,-0.0011134584450163524,0.014474243729726948,0.01776804933551112,0.012829770917182287,0.007302671360771086,0.009542711143572,0.03834138445173077,76.9946883387453,0
2021-10-13,-0.012651506493817632,0.02770628625703897,0.040874922093152355,-0.023260480474946627,0.017094352770685946,0.018693623608577098,-0.0011134584450163524,0.012829770917182287,0.007302671360771086,-0.013971829908376919,64.05268206202314,1
2021-10-14,-0.0057486811469029675,0.03237314250728285,0.03834224097199157,0.0076422749201460445,0.017015475941676808,0.018504008613841955,-0.023260480474946627,-0.0011134584450163524,0.012829770917182287,0.009542711143572,66.0832658413538,1
2021-10-15,0.00899746792016587,0.046340059518550136,0.03700959891936928,0.01743970270670355,0.017073552364878796,0.018760414579485987,0.0076422749201460445,-0.023260480474946627,-0.0011134584450163524,0.007302671360771086,65.43665823335994,1
2021-10-18,0.015518421026258666,0.04821166166046553,0.032193646079967664,0.008256185297583263,0.016833361526009782,0.015053376302064918,0.01743970270670355,0.0076422749201460445,-0.023260480474946627,0.012829770917182287,70.09172531029688,1
2021-10-19,0.013697527582208213,0.04182006163790253,0.02774252998601079,0.0003007547114836284,0.012538643260295584,0.01505917103835403,0.008256185297583263,0.01743970270670355,0.0076422749201460445,-0.0011134584450163524,68.75398227154871,0
2021-10-20,0.002586796734874497,0.03154305176673722,0.028881544347247212,-0.0054277036095808084,0.01154334552796581,0.013712547209206165,0.0003007547114836284,0.008256185297583263,0.01743970270670355,-0.023260480474946627,64.46333150587546,0
2021-10-21,-0.007700571545562251,0.02010678788552145,0.028023153731324024,-0.0077908450888110655,0.011808688236203044,0.013744093027342209,-0.0054277036095808084,0.0003007547114836284,0.008256185297583263,0.0076422749201460445,64.84525757589469,1
2021-10-22,0.001127685926257005,0.026241770323472746,0.02508579549868295,0.009905107974148508,0.011975391666789069,0.013772878788506575,-0.0077908450888110655,-0.0054277036095808084,0.0003007547114836284,0.01743970270670355,68.24194816152007,1
2021-10-25,0.008729607298879394,0.031808102991739196,0.02287877298918395,0.008711843332953563,0.01162256198508093,0.013182156657880625,0.009905107974148508,-0.0077908450888110655,-0.0054277036095808084,0.008256185297583263,61.46787492475617,1
2021-10-26,0.016439463767978113,0.038721580149037704,0.021921734815823823,0.010907380811009735,0.011943307762129103,0.013015318108086163,0.008711843332953563,0.009905107974148508,-0.0077908450888110655,0.0003007547114836284,71.2392851090147,0
2021-10-27,-0.0013218008781373802,0.01856771693020387,0.019915842586560872,-0.01660653813120362,0.010427378553960906,0.013785060235759915,0.010907380811009735,0.008711843332953563,0.009905107974148508,-0.0054277036095808084,60.53019228543595,0
2021-10-28,-0.004595425866317782,0.015139459647286024,0.01982599440110011,-0.0009028838055825642,0.010385122102623705,0.013719745301365391,-0.01660653813120362,0.010907380811009735,0.008711843332953563,-0.0077908450888110655,57.94751732801796,1
2021-10-29,0.006830001544732234,0.026511654504956406,0.019548139139703435,0.014793691110243815,0.009987699621323351,0.013697064293588242,-0.0009028838055825642,-0.01660653813120362,0.010907380811009735,0.009905107974148508,58.66515525527928,0
2021-11-01,-0.00038818295625620003,0.01590756047309516,0.016302071615704294,-0.006946164744883167,0.010122022331042735,0.013821258976795528,0.014793691110243815,-0.0009028838055825642,-0.01660653813120362,0.008711843332953563,56.15244148635376,0
2021-11-02,-0.007997585319175049,0.002839871282217743,0.01092482885223589,-0.01197078887779748,0.010889814691627963,0.011535165265776309,-0.006946164744883167,0.014793691110243815,-0.0009028838055825642,0.010907380811009735,60.90551814953123,1
2021-11-03,-0.0027590012226128557,0.006258866935940688,0.00904281730254719,0.005326901029503007,0.010883729319376477,0.011013812135979033,-0.01197078887779748,-0.006946164744883167,0.014793691110243815,-0.01660653813120362,60.24820856018385,0
2021-11-04,-0.03534225602555974,-0.03364335149076114,0.0017611474592003074,-0.04102669472472286,0.017043112607019805,0.01444765166822512,0.005326901029503007,-0.01197078887779748,-0.006946164744883167,-0.0009028838055825642,39.31709994449471,1
2021-11-05,-0.021176132422889515,-0.028521205193898225,-0.007503978002896483,0.004584799484850264,0.016682320172497732,0.014382224928775828,-0.04102669472472286,0.005326901029503007,-0.01197078887779748,0.014793691110243815,37.71686973758814,1
2021-11-08,-0.012419178770515904,-0.026930817947073526,-0.014694128181318322,0.0003118214122860221,0.016214490397728137,0.014029703559773102,0.004584799484850264,-0.04102669472472286,0.005326901029503007,-0.006946164744883167,37.716869737588205,0
2021-11-09,-0.016400243732389685,-0.03745321380428568,-0.02140400090356276,-0.012760357357350859,0.015482785598806274,0.014259500932966835,0.0003118214122860221,0.004584799484850264,-0.04102669472472286,-0.01197078887779748,36.017236654636896,1
2021-11-10,0.004921352435786286,-0.023431403497427006,-0.028213905361340164,0.014421791114218378,0.016323027361545697,0.013773346379920857,-0.012760357357350859,0.0003118214122860221,0.004584799484850264,0.005326901029503007,43.407646206126735,1
2021-11-11,0.01951920017852604,-0.0045317432371433375,-0.023590476188636633,0.01972537548370999,0.017903005739570002,0.014379782787948558,0.014421791114218378,-0.012760357357350859,0.0003118214122860221,-0.04102669472472286,46.60457699289182,0
2021-11-12,0.009719790193308375,-0.010482899820379088,-0.02000821436788891,-0.006634385249781413,0.017015935105610745,0.013892008571057705,0.01972537548370999,0.014421791114218378,-0.012760357357350859,0.004584799484850264,41.9305706757216,1
2021-11-15,0.009622315025500816,-0.006065042820032396,-0.01553784777938172,0.003577805721884143,0.01710410715744384,0.01377318879538083,-0.006634385249781413,0.01972537548370999,0.014421791114218378,0.0003118214122860221,39.15124356163566,0
2021-11-16,0.0025193472706233067,-0.006238309576297119,-0.008735648714175204,-0.0011230856323086707,0.016773591258616386,0.013770471408049835,0.003577805721884143,-0.006634385249781413,0.01972537548370999,-0.012760357357350859,43.47979130833494,0
2021-11-17,-0.0008985482011212298,-0.0059531304090808534,-0.005059128078393815,-0.0004087147902395045,0.016616876957007237,0.013730175640670094,-0.0011230856323086707,0.003577805721884143,-0.006634385249781413,0.014421791114218378,43.63442299062385,0
2021-11-18,-0.001451778345011867,-0.007388464175996923,-0.005945317113624893,-0.0018412475359984646,0.009447161894645482,0.013632453662569908,-0.0004087147902395045,-0.0011230856323086707,0.003577805721884143,0.01972537548370999,36.456289657284486,0
2021-11-19,-0.01949101977218015,-0.027693599783392475,-0.008365634763800367,-0.022677594082896435,0.012158313680038476,0.014268469379235543,-0.0018412475359984646,-0.0004087147902395045,-0.0011230856323086707,-0.006634385249781413,32.64303706080106,1
2021-11-22,0.0012133664995839233,-0.006965602976304774,-0.00816905741528784,0.019601346569217984,0.013767554211532996,0.014893879859069722,-0.022677594082896435,-0.0018412475359984646,-0.0004087147902395045,0.003577805721884143,43.77509937616691,0
2021-11-23,-0.0016692189432931936,-0.009583210417369425,-0.007927223746120982,-0.004941875100861994,0.013092891664068525,0.01461907111895064,0.019601346569217984,-0.022677594082896435,-0.0018412475359984646,-0.0011230856323086707,40.36265482309193,0
2021-11-24,-0.0014253598210073326,-0.010186848732958276,-0.008773995011910674,-0.0021697491056470205,0.012371000466679535,0.014225292510931388,-0.004941875100861994,0.019601346569217984,-0.022677594082896435,-0.0004087147902395045,54.19296651254247,1
2021-11-25,0.00945947528101887,0.001737019231964565,-0.007650090209817106,0.01100663987363731,0.011091780097109755,0.01450054457997679,-0.0021697491056470205,-0.004941875100861994,0.019601346569217984,-0.0018412475359984646,56.65527899364913,0
2021-11-26,-0.05290706308630333,-0.06424252629892446,-0.011968691530484965,-0.07342355119221332,0.02567580547647931,0.021286467469336965,0.01100663987363731,-0.0021697491056470205,-0.004941875100861994,-0.022677594082896435,35.51854053500047,1
2021-11-29,-0.03290488177707385,-0.05160593911642686,-0.019337350573867984,0.008878203251714617,0.025976880837941984,0.02151757623034769,-0.07342355119221332,0.01100663987363731,-0.0021697491056470205,0.019601346569217984,40.76922754463406,1
2021-11-30,-0.018037992891280274,-0.04321676868640467,-0.025641293260683873,0.005115670701501002,0.02619992630495571,0.021547748431175198,0.008878203251714617,-0.07342355119221332,0.01100663987363731,-0.004941875100861994,37.65183222393083,1
2021-12-01,0.015048020095600245,-0.012335434533682132,-0.026977496716562577,0.029207700957173354,0.02848709446362177,0.02270614582987104,0.005115670701501002,0.008878203251714617,-0.07342355119221332,-0.0021697491056470205,40.441965569073076,0
2021-12-02,0.0109278092764733,-0.02395793965194115,-0.03450864503705986,-0.012947157374170204,0.028647543826367625,0.021004816043132833,0.029207700957173354,0.005115670701501002,0.008878203251714617,0.01100663987363731,39.20727780338624,0
2021-12-03,0.002384345571944557,-0.025528567378508726,-0.02784651723040088,-0.0031024460126818764,0.027906534671484292,0.020965134064793677,-0.012947157374170204,0.029207700957173354,0.005115670701501002,-0.07342355119221332,37.45297731104011,1
2021-12-06,0.000470644997464742,-0.022067026776087295,-0.022527069520974385,0.0021406081981999513,0.026914100706252046,0.020977478905691595,-0.0031024460126818764,-0.012947157374170204,0.029207700957173354,0.008878203251714617,38.34223294237067,0
2021-12-07,-0.004011259819479918,-0.023006845784470764,-0.01907208906954916,-0.0018192328790850036,0.026920376915870525,0.02080809415350941,0.0021406081981999513,-0.0031024460126818764,-0.012947157374170204,0.005115670701501002,38.07752818685597,0
2021-12-08,-0.0043703082120766235,-0.025548589633795693,-0.021271243311042465,-0.004401313180712854,0.026915426908259845,0.020503463814723826,-0.0018192328790850036,0.0021406081981999513,-0.0031024460126818764,0.029207700957173354,37.618033567766,0
2021-12-09,-0.01612175370155111,-0.0381196075503607,-0.022358308999685717,-0.016597428460640804,0.02662679553452202,0.020100068707897444,-0.004401313180712854,-0.0018192328790850036,0.0021406081981999513,-0.012947157374170204,38.967368972307405,0
2021-12-10,-0.013534830773788586,-0.03666480111379522,-0.023447325928547258,-0.001861260411959038,0.012646520937904223,0.020090828316903335,-0.016597428460640804,-0.004401313180712854,-0.0018192328790850036,-0.0031024460126818764,31.654651579235747,0
2021-12-13,-0.027726224375423603,-0.055225854242694106,-0.028283833789104262,-0.024180418445069286,0.01440098564094351,0.020538011577290845,-0.001861260411959038,-0.016597428460640804,-0.004401313180712854,0.0021406081981999513,28.726857030900746,1
2021-12-14,-0.009961936077374056,-0.04094413424126253,-0.0312939464581129,0.010831452189006769,0.014858204386436593,0.020821953843706935,-0.024180418445069286,-0.001861260411959038,-0.016597428460640804,-0.0018192328790850036,32.65411469452897,0
2021-12-15,-0.01959914534912166,-0.055281677044385025,-0.036395859434424804,-0.020193675470612397,0.010918728054555685,0.021101488487275603,0.010831452189006769,-0.024180418445069286,-0.001861260411959038,-0.004401313180712854,26.069430989644857,1
2021-12-16,0.012631486041552176,-0.021526002190710547,-0.03373141039272509,0.03156808749279905,0.016144854174499984,0.02264473725122239,-0.020193675470612397,0.010831452189006769,-0.024180418445069286,-0.016597428460640804,50.760449931466,0
2021-12-17,0.007263155096324914,-0.025861761548585438,-0.03288606008996986,-0.007162976612815385,0.016205329366813088,0.022214797974720594,0.03156808749279905,-0.020193675470612397,0.010831452189006769,-0.001861260411959038,46.0947451918193,0
2021-12-20,-0.005722903863053963,-0.03372752601050033,-0.028165812383944555,-0.012463939559237075,0.016331392442871767,0.0216692550978174,-0.007162976612815385,0.03156808749279905,-0.020193675470612397,-0.024180418445069286,41.3644761645737,1
2021-12-21,0.021034644733188834,-0.0005316010893928746,-0.021121953044225372,0.031199071252141167,0.01990840997869752,0.023076425235801022,-0.012463939559237075,-0.007162976612815385,0.03156808749279905,0.010831452189006769,41.7226598783491,1
2021-12-22,0.019217257321015424,0.010098798465940417,-0.008946531065459618,0.008538294887683597,0.02010586625791428,0.023208789993994516,0.031199071252141167,-0.012463939559237075,-0.007162976612815385,-0.020193675470612397,47.80425092387978,1
2021-12-23,0.02187709400856308,0.020825021751070594,-0.001029548723286866,0.00835926847842539,0.019356144467197026,0.023138245896811394,0.008538294887683597,0.031199071252141167,-0.012463939559237075,0.03156808749279905,51.12597468693008,1
2021-12-24,0.01479093382008645,0.019438088736449144,0.004579421003367612,0.00021346998967372978,0.019315716238859703,0.015930263422655185,0.00835926847842539,0.008538294887683597,0.031199071252141167,-0.007162976612815385,50.58462289663466,1
2021-12-29,0.009706047460778189,0.023749917854118285,0.013908870238677817,0.005639199663524022,0.016854840268244808,0.015868358593318678,0.00021346998967372978,0.00835926847842539,0.008538294887683597,-0.012463939559237075,52.67910703475164,0
2021-12-30,0.0032649028962457027,0.020296327922496138,0.016976000034570893,-0.00233695902119511,0.016919576216325092,0.015864118222293774,0.005639199663524022,0.00021346998967372978,0.00835926847842539,0.031199071252141167,53.28867829320845,0
2021-12-31,-0.0036231819251902886,0.015283551480955948,0.018975485040566786,-0.005652431012283712,0.015104701227446551,0.014458199441740044,-0.00233695902119511,0.005639199663524022,0.00021346998967372978,0.008538294887683597,56.74449441648973,1
2022-01-04,0.03760844027468835,0.06500739068677475,0.02640586694228597,0.05036775111894964,0.019266226280137248,0.018108865870728033,-0.005652431012283712,-0.00233695902119511,0.005639199663524022,0.00835926847842539,67.62948502351507,1
2022-01-05,0.0328344411830408,0.0685728761011346,0.034602288123891434,0.006386531419152524,0.018571054015114326,0.018079900522758634,0.05036775111894964,-0.005652431012283712,-0.00233695902119511,0.00021346998967372978,76.68645450937184,1
2022-01-06,0.03315155142793458,0.07833458424428108,0.04373320908621636,0.012701924471293115,0.016971768419023297,0.01820944073814263,0.006386531419152524,0.05036775111894964,-0.005652431012283712,0.005639199663524022,77.05179072962557,1
2022-01-07,0.03947208620541964,0.09868052088326995,0.05696010067378521,0.023663924468555662,0.01614939016024759,0.01870563408975617,0.012701924471293115,0.006386531419152524,0.05036775111894964,-0.00233695902119511,87.02704125137025,1
2022-01-10,0.031065858313172212,0.10635125144787083,0.07301705563005045,0.012828417173489742,0.016139964205674658,0.018659613701062013,0.023663924468555662,0.012701924471293115,0.006386531419152524,-0.005652431012283712,85.93751130892295,0
2022-01-11,0.016180351062415,0.09452579169476372,0.07709796843684158,-0.004338372240658393,0.016872623303853036,0.018084828827964892,0.012828417173489742,0.023663924468555662,0.012701924471293115,0.05036775111894964,86.90748361530241,1
2022-01-12,0.02576522812820925,0.11129769033117354,0.08338405305377905,0.0229236543106141,0.01694510666964796,0.018350212453603038,-0.004338372240658393,0.012828417173489742,0.023663924468555662,0.006386531419152524,93.68422405211756,1
2022-01-13,0.03474574840072897,0.12758137124989521,0.08971829359303984,0.02471565742210706,0.017194106143033953,0.017131811935022702,0.0229236543106141,-0.004338372240658393,0.012828417173489742,0.012701924471293115,93.62382057544762,0
2022-01-14,0.017181154437656332,0.10906967263144995,0.09033643397040092,-0.007397195454287589,0.017796360418690114,0.017558632608402628,0.02471565742210706,0.0229236543106141,-0.004338372240658393,0.023663924468555662,89.3786521215225,0
2022-01-17,0.007315703397537732,0.09467291560852975,0.08672277411773499,-0.0032535327016543045,0.0175217582233315,0.016451014728864604,-0.007397195454287589,0.02471565742210706,0.0229236543106141,0.012828417173489742,87.22827022152192,0
2022-01-18,-0.018709073633790596,0.06170866932666019,0.08195096968667959,-0.023552666333918018,0.015928865020228163,0.017216077027736375,-0.0032535327016543045,-0.007397195454287589,0.02471565742210706,-0.004338372240658393,76.77203490375379,0
2022-01-19,-0.027627706771717553,0.04041243050551757,0.06997334020217849,-0.01367750705984209,0.017156567482273122,0.01755775238298355,-0.023552666333918018,-0.0032535327016543045,-0.007397195454287589,0.0229236543106141,71.18254380638612,0
2022-01-20,-0.02360819941158432,0.026420802199373483,0.05123865397149796,-0.00678787525771011,0.01722332454704357,0.017274537528737244,-0.01367750705984209,-0.023552666333918018,-0.0032535327016543045,0.02471565742210706,69.64727887180254,0
2022-01-21,-0.038732446573220725,-0.008795643398923692,0.031143049682241575,-0.03117917241500693,0.018429295051075836,0.018282372168237755,-0.00678787525771011,-0.01367750705984209,-0.023552666333918018,-0.007397195454287589,62.29904224716362,0
2022-01-24,-0.059393226168350965,-0.05403659304560393,0.00569486981358458,-0.04559313631645952,0.021813265526971194,0.021316021497465115,-0.03117917241500693,-0.00678787525771011,-0.01367750705984209,-0.0032535327016543045,43.568799917008185,1
2022-01-25,-0.015318400344211947,-0.02478447383209481,-0.009613334392753914,0.03276269042101883,0.025502307341607442,0.022417308982315053,-0.04559313631645952,-0.03117917241500693,-0.00678787525771011,-0.023552666333918018,48.871622941361764,1
2022-01-26,0.017051437691681937,-0.001170751029181738,-0.017916683508378828,0.027577581613372055,0.026105935321733373,0.023100103039382775,0.03276269042101883,-0.04559313631645952,-0.03117917241500693,-0.01367750705984209,51.534280236242346,1
2022-01-27,0.025905964546114157,0.00177421876501338,-0.023522375943858642,0.0066543984480546756,0.024419755793704156,0.023105495256248346,0.027577581613372055,0.03276269042101883,-0.04559313631645952,-0.00678787525771011,48.41359006145379,0
2022-01-28,-0.005345085849401632,-0.0331507111377759,-0.02795504741674082,-0.0333172590578994,0.02586496021557725,0.024535661295167533,0.0066543984480546756,0.027577581613372055,0.03276269042101883,-0.03117917241500693,40.43403832816668,1
2022-01-31,-0.010486174217290478,-0.03390540191395264,-0.023667408262979528,0.001725432209975844,0.026036010190970967,0.024465297746010018,-0.0333172590578994,0.0066543984480546756,0.027577581613372055,-0.04559313631645952,41.42707107801829,1
2022-02-01,0.004545699840209139,-0.015969069121697932,-0.020421936966302456,0.0194824640355219,0.02682335853124874,0.022161809906182373,0.001725432209975844,-0.0333172590578994,0.0066543984480546756,0.03276269042101883,40.46686121709752,1
2022-02-02,0.013425830208033451,-0.007672750266734307,-0.020819067213272757,0.009649942032639292,0.026925118122617043,0.022214606119747408,0.0194824640355219,0.001725432209975844,-0.0333172590578994,0.027577581613372055,36.68751003011565,1
2022-02-03,0.019497329506507732,-0.0018064850613014327,-0.020896390751823923,0.0068711627220859476,0.0269961129466081,0.022094748638591965,0.009649942032639292,0.0194824640355219,0.001725432209975844,0.0066543984480546756,39.4901990492934,0
2022-02-04,-0.003398166634731803,-0.01949041555629394,-0.016147119524376974,-0.019010525929846755,0.025704780953911637,0.021848837790930355,0.0068711627220859476,0.009649942032639292,0.0194824640355219,-0.0333172590578994,37.25771668540238,1
2022-02-07,0.010648775057167104,0.002726919128616334,-0.00783838671164716,0.021697073184274482,0.020532634874988805,0.022233980466622987,-0.019010525929846755,0.0068711627220859476,0.009649942032639292,0.001725432209975844,45.64585921104392,1
2022-02-08,0.011478447615445475,0.00879390053945106,-0.002654082330991292,0.005836577644461863,0.01850369071861483,0.02226279464982837,0.021697073184274482,-0.019010525929846755,0.0068711627220859476,0.0194824640355219,49.298671768342516,1
2022-02-09,0.015377105198925989,0.018546849217461414,0.0031217406836392403,0.00869152291844797,0.01679612898987218,0.021705466731289556,0.005836577644461863,0.021697073184274482,-0.019010525929846755,0.009649942032639292,52.27399096368905,1
2022-02-10,0.014390561114391742,0.023848044355088582,0.009323315499216722,0.003120098083832109,0.01674377153469059,0.020885494740377562,0.00869152291844797,0.005836577644461863,0.021697073184274482,0.0068711627220859476,59.75937881094062,0
2022-02-11,-0.0033366859527510506,0.013673051672839609,0.017066683789651593,-0.01229666027439647,0.012543831214551876,0.020980833604834354,0.003120098083832109,0.00869152291844797,0.005836577644461863,-0.019010525929846755,68.79181096280199,0
2022-02-14,-0.04559253395702789,-0.03359394417650796,0.012571768565753816,-0.05249429228448902,0.022038150842802567,0.02380616243687987,-0.01229666027439647,0.003120098083832109,0.00869152291844797,0.021697073184274482,48.763020725541274,1
2022-02-15,-0.024066377450458032,-0.01650715045093265,0.0077456364089367735,0.014720377089656025,0.021597133923535065,0.02374847249026622,-0.05249429228448902,-0.01229666027439647,0.003120098083832109,0.005836577644461863,45.699181331207136,0
2022-02-16,-0.024652412161125903,-0.026055506132331874,-0.001438557893309489,-0.01247294308540327,0.021481172373865216,0.023720887910056877,0.014720377089656025,-0.05249429228448902,-0.01229666027439647,0.00869152291844797,41.53396921343804,0
2022-02-17,-0.02585057300551774,-0.03967139086830418,-0.014187574800949565,-0.01729150027841421,0.02153961833819468,0.02393107865699677,-0.01247294308540327,0.014720377089656025,-0.05249429228448902,0.003120098083832109,44.86433238150686,0
2022-02-18,-0.0185044349860769,-0.0451262140699773,-0.027123687597633395,-0.007712366084846332,0.021069622142859634,0.023048301021213736,-0.01729150027841421,-0.01247294308540327,0.014720377089656025,-0.01229666027439647,42.857142857142854,1
2022-02-21,-0.012890584554650086,-0.04398545108516794,-0.03150093195746573,0.0014636634857145402,0.019121664310217994,0.02064838809027309,-0.007712366084846332,-0.01729150027841421,-0.01247294308540327,-0.05249429228448902,37.55794766413047,0
2022-02-22,-0.011025578056776064,-0.048824274099203646,-0.03822009467965548,-0.0067086140429905,0.01860178230394306,0.019217324626445816,0.0014636634857145402,-0.007712366084846332,-0.01729150027841421,0.014720377089656025,33.10615123528274,1
2022-02-23,0.01926394730576919,-0.018185489809017685,-0.03674164794485024,0.03014674909719677,0.021728066566400566,0.019430668300505806,-0.0067086140429905,0.0014636634857145402,-0.007712366084846332,-0.01247294308540327,40.051672732668905,0
2022-02-24,-0.05393721385043049,-0.09577755790051035,-0.04422575822939623,-0.08839467580430847,0.03354247039960904,0.02733236940223303,0.03014674909719677,-0.0067086140429905,0.0014636634857145402,-0.01729150027841421,30.83181113312409,1
2022-02-25,-0.0014589801631704757,-0.04597649260184511,-0.04458255750569884,0.05159982659376538,0.03966403696828039,0.029431916646763916,-0.08839467580430847,0.03014674909719677,-0.0067086140429905,-0.007712366084846332,36.672179031087076,0
2022-02-28,-0.02445266061258533,-0.07302322067851097,-0.049788009361416474,-0.03238751545059078,0.0376569762361932,0.030179426533415273,0.05159982659376538,-0.08839467580430847,0.03014674909719677,0.0014636634857145402,32.12205068623628,0
2022-03-01,-0.05897562325608707,-0.11573949512692816,-0.060321361777314064,-0.05426775679601907,0.039566881370235965,0.0316576160836189,-0.03238751545059078,0.05159982659376538,-0.08839467580430847,-0.0067086140429905,26.204156287779057,1
2022-03-02,-0.01837220092948677,-0.09059137115433624,-0.07357082826426942,0.021361286323971832,0.0410914410597592,0.032096067797953515,-0.05426775679601907,-0.03238751545059078,0.05159982659376538,0.03014674909719677,29.197854834964915,0
2022-03-03,-0.0518576680586722,-0.12381198432193019,-0.07588978346313369,-0.04638011952332437,0.04264784093817612,0.03308899839815796,0.021361286323971832,-0.05426775679601907,-0.03238751545059078,-0.08839467580430847,27.241550101301655,0
2022-03-04,-0.08709827836159834,-0.1774318217959472,-0.09895210107855379,-0.07457250937162356,0.04674828836380789,0.03611971794252432,-0.04638011952332437,0.021361286323971832,-0.05426775679601907,0.05159982659376538,26.717928910985634,0
2022-03-07,-0.08391139067835773,-0.1933111390755201,-0.11942048758599044,-0.03359376895516822,0.046287585619146476,0.03548975129168932,-0.07457250937162356,-0.04638011952332437,0.021361286323971832,-0.03238751545059078,22.61458766568198,1
2022-03-08,-0.05613829898346445,-0.17811253960762607,-0.12922893310831007,0.004212191376660002,0.046848474329415246,0.03544118529377692,-0.03359376895516822,-0.07457250937162356,-0.04638011952332437,-0.05426775679601907,23.87096350779342,1
2022-03-09,0.022213258611758047,-0.11558842229347632,-0.13480717428022737,0.060771473685147674,0.051429567941860356,0.0390187870164644,0.004212191376660002,-0.03359376895516822,-0.07457250937162356,0.021361286323971832,32.84379469154433,0
2022-03-10,0.011073231295305908,-0.12540258078416455,-0.13498113475383844,-0.025159373555486187,0.045519639369640104,0.03893301011829914,0.060771473685147674,0.004212191376660002,-0.03359376895516822,-0.04638011952332437,31.94113826389284,1
2022-03-11,0.026690161395107825,-0.09572106265967373,-0.11922898324889397,0.020823678139229338,0.041545521003653295,0.039704795954854516,-0.025159373555486187,0.060771473685147674,0.004212191376660002,-0.07457250937162356,34.108532707764695,1
2022-03-14,0.05860960646561875,-0.03886926209630848,-0.09208197995423462,0.05377310898083074,0.046401301672995277,0.041130059939493216,0.020823678139229338,-0.025159373555486187,0.060771473685147674,-0.03359376895516822,40.22118727214701,0
2022-03-15,0.02681843388557259,-0.04105837661486167,-0.0661040046228839,-0.010882508144091472,0.04345705315391478,0.04081556873126756,0.05377310898083074,0.020823678139229338,-0.025159373555486187,0.004212191376660002,35.96368008654551,1
2022-03-16,0.05239125866855798,0.004830269190902348,-0.04519325781727579,0.040783933934251115,0.04506920958435988,0.04224026401081852,-0.010882508144091472,0.05377310898083074,0.020823678139229338,0.060771473685147674,47.63182009087091,0
2022-03-17,0.014725685157739532,-0.008957013576224582,-0.02333901573633934,-0.01983461237537824,0.04282679914672361,0.042281053566242476,0.040783933934251115,-0.010882508144091472,0.05377310898083074,-0.025159373555486187,39.70765147808738,0
2022-03-18,-0.0031789827116220915,-0.00965495813903361,-0.006496628095811974,-0.0066608448397928255,0.03384217489956885,0.04227913593299369,-0.01983461237537824,0.040783933934251115,-0.010882508144091472,0.020823678139229338,42.17358234393002,0
2022-03-21,-0.013604657700106548,-0.01517277236872816,-0.001589742572146946,-0.012268655832834026,0.031490529331684766,0.04226825999482942,-0.0066608448397928255,-0.01983461237537824,0.040783933934251115,0.05377310898083074,46.67605690709207,1
2022-03-22,0.006380843111250867,0.01544372108217984,0.009005415825395602,0.025546272062976848,0.03173473010028506,0.04286625165076908,-0.012268655832834026,-0.0066608448397928255,-0.01983461237537824,-0.010882508144091472,47.13766780507447,0
2022-03-23,-0.004287425493063268,0.006322066055855169,0.010655174817062019,-0.01668358480513139,0.02791807856996879,0.042131355355182025,0.025546272062976848,-0.012268655832834026,-0.0066608448397928255,0.040783933934251115,50.797470063303514,0
2022-03-24,-0.01009081373448939,-0.0002316471555455779,0.009959667730873534,-0.009812715021075592,0.026463340437404535,0.03756918678972705,-0.01668358480513139,0.025546272062976848,-0.012268655832834026,-0.01983461237537824,60.307241761198156,0
2022-03-25,-0.012396676199776802,5.987719556621585e-06,0.012558345664136494,-0.006197095795177783,0.026214170976672745,0.03528716429029211,-0.009812715021075592,-0.01668358480513139,0.025546272062976848,-0.0066608448397928255,65.12346105992634,0
2022-03-28,-0.04360058317972482,-0.03429437592986384,0.009730461025165837,-0.04161932864339511,0.023179878737463057,0.035707400278846196,-0.006197095795177783,-0.009812715021075592,-0.01668358480513139,-0.012268655832834026,57.08376288659794,0
2022-03-29,-0.049066311845158195,-0.05382846513148465,-0.0050078710488916656,-0.02549673209727685,0.023985219486758,0.034232164366931724,-0.04161932864339511,-0.006197095795177783,-0.009812715021075592,0.025546272062976848,44.89718185993932,0
2022-03-30,-0.05820894004100596,-0.07694557128004686,-0.019894679441803897,-0.03248304247099169,0.01817819212925554,0.03415925860744143,-0.02549673209727685,-0.04161932864339511,-0.006197095795177783,-0.01668358480513139,44.074769777672316,0
2022-03-31,-0.05416091521435906,-0.0903626135634753,-0.038274690622793095,-0.020952253300185974,0.01821767919659498,0.03310413836497754,-0.03248304247099169,-0.02549673209727685,-0.04161932864339511,-0.009812715021075592,37.99699460190209,0
2022-04-01,-0.03731835882082579,-0.0953834465419876,-0.060315981148283626,-0.008532656774924244,0.018135758191366678,0.028997296479308578,-0.020952253300185974,-0.03248304247099169,-0.02549673209727685,-0.006197095795177783,24.868648505103238,0
2022-04-04,-0.02404203878609401,-0.09846065101868984,-0.07625186246755267,-0.00504528406156751,0.01839203521460718,0.02811223258736337,-0.008532656774924244,-0.020952253300185974,-0.03248304247099169,-0.04161932864339511,25.48227937137078,1
2022-04-05,-0.006864125254683384,-0.09267660914532216,-0.0864055826325324,0.004773257893069351,0.014081017080421155,0.028118812314752478,-0.00504528406156751,-0.008532656774924244,-0.020952253300185974,-0.02549673209727685,13.218384848356806,0
2022-04-06,-0.020874906592083242,-0.11019792527280592,-0.09122738175346656,-0.025213181761375405,0.014368635730075317,0.024379945436999444,0.004773257893069351,-0.00504528406156751,-0.008532656774924244,-0.03248304247099169,13.14285080154221,0
2022-04-07,-0.029492151317990323,-0.12264715419852301,-0.09598583154895757,-0.019442670244600262,0.0141501472036995,0.024176865228808325,-0.025213181761375405,0.004773257893069351,-0.00504528406156751,-0.020952253300185974,12.612158959177037,1
2022-04-08,0.0016347887027041708,-0.09288798208907423,-0.09436849823696936,0.028194617161554584,0.02022054124440117,0.02465506114713717,-0.019442670244600262,-0.025213181761375405,0.004773257893069351,-0.008532656774924244,21.588212929411952,1
2022-04-11,0.0058851365150764945,-0.08355146465907826,-0.08891333406517055,0.002348528591074652,0.018385129971231103,0.020488314626762184,0.028194617161554584,-0.019442670244600262,-0.025213181761375405,-0.00504528406156751,13.301783521708288,0
2022-04-12,-0.0005860429258400801,-0.08698676210658696,-0.08645138340241898,-0.011658757683103597,0.017608991678827783,0.020494848764994637,0.002348528591074652,0.028194617161554584,-0.019442670244600262,0.004773257893069351,13.72761116333983,1
2022-04-13,0.005100012746842575,-0.07147090340420648,-0.07618238501638064,0.0069560661550194585,0.016064461605855004,0.017421207901689193,-0.011658757683103597,0.002348528591074652,0.028194617161554584,-0.025213181761375405,16.740326158751273,1
2022-04-14,0.00882532631407651,-0.05329360686290663,-0.061575509215203494,0.01103007274328422,0.015683226189226778,0.017838634136269915,0.0069560661550194585,-0.011658757683103597,0.002348528591074652,-0.019442670244600262,20.837871673452042,0
2022-04-19,0.0061876685665018805,-0.04663444765466396,-0.05249728044910418,-0.0010975694849202024,0.01549628005416344,0.017906501985358307,0.01103007274328422,0.0069560661550194585,-0.011658757683103597,0.028194617161554584,25.448511989553054,1
2022-04-20,0.022583703983680925,-0.019532915107563276,-0.04118647591113611,0.021590952875292693,0.016930407325856888,0.019035080936986585,-0.0010975694849202024,0.01103007274328422,0.0069560661550194585,0.002348528591074652,37.07251676952252,1
2022-04-21,0.021149754208601435,-0.004286506166391146,-0.02490943201049467,0.00789455271708649,0.017020905724508425,0.017859046007085867,0.021590952875292693,-0.0010975694849202024,0.01103007274328422,-0.011658757683103597,47.285593717848215,0
2022-04-22,-0.005019007355328453,-0.01899815209585598,-0.014049660087848359,-0.022645533501824574,0.01657735203605006,0.018076352733243175,0.00789455271708649,0.021590952875292693,-0.0010975694849202024,0.0069560661550194585,46.8798650752465,0
2022-04-25,-0.019877128906273467,-0.02799786130273685,-0.008285422813775756,-0.017327196168924072,0.016279642931985274,0.018207408801292374,-0.022645533501824574,0.00789455271708649,0.021590952875292693,0.01103007274328422,44.68401554467335,0
2022-04-26,-0.024426868795650925,-0.028120498331391186,-0.0037861124067454233,-0.008357737720123113,0.013789688032398285,0.018204143494466533,-0.017327196168924072,-0.022645533501824574,0.00789455271708649,-0.0010975694849202024,43.932738672196116,0
2022-04-27,-0.022374064060553867,-0.029201930590822323,-0.006984129900059588,-0.007441224797927699,0.01386286922333093,0.016380516520114817,-0.008357737720123113,-0.017327196168924072,-0.022645533501824574,0.021590952875292693,40.83694298159424,1
2022-04-28,0.013045685882031588,0.0042421428081766965,-0.008690173796248812,0.030395823226417772,0.01672601550935684,0.017625759887019844,-0.007441224797927699,-0.008357737720123113,-0.017327196168924072,0.00789455271708649,55.20394668011557,1
2022-04-29,0.024074737405973767,0.018416698983154012,-0.005525024899209807,0.012903363384161204,0.017021009027039333,0.016567536840660185,0.030395823226417772,-0.007441224797927699,-0.008357737720123113,-0.022645533501824574,63.81434081850794,1
2022-05-03,0.03368018388428684,0.0366963115958836,0.0029178538571408286,0.018717144545096036,0.0176029234280366,0.0164374830365939,0.012903363384161204,0.030395823226417772,-0.007441224797927699,-0.017327196168924072,62.13958657736768,0
2022-05-04,0.020081834400971,0.03242793780699138,0.012103051921584784,-0.0029181771933587683,0.017664642411273208,0.016315361776362766,0.018717144545096036,0.012903363384161204,0.030395823226417772,-0.008357737720123113,60.619785431386255,0
2022-05-05,0.004317090841960747,0.026115241997966665,0.021704451069065822,-0.004927037215040773,0.01656691441319176,0.016313007299959815,-0.0029181771933587683,0.018717144545096036,0.012903363384161204,-0.007441224797927699,62.85268753748179,0
2022-05-06,-0.00670926233496949,0.017461959682188555,0.024334488484185846,-0.007907351447236807,0.016550553768834627,0.016412480457270617,-0.004927037215040773,-0.0029181771933587683,0.018717144545096036,0.030395823226417772,58.521406230332786,0
2022-05-09,-0.021581798072794367,-0.0016482134534515636,0.020373276560145204,-0.01805767420324249,0.015934470815070406,0.01589090598833542,-0.007907351447236807,-0.004927037215040773,-0.0029181771933587683,0.012903363384161204,50.2242060414747,0
2022-05-10,-0.02767248247901022,-0.0186781781739207,0.009250282587929926,-0.01615943164733887,0.01580110570734758,0.01568518546476967,-0.01805767420324249,-0.007907351447236807,-0.004927037215040773,0.018717144545096036,46.440916750500364,1
2022-05-11,0.001523036210584694,0.005399014306319172,0.0038700838179415165,0.02516117907785348,0.017394477014599338,0.015421612072461633,-0.01615943164733887,-0.01805767420324249,-0.007907351447236807,-0.0029181771933587683,47.314748590429076,0
2022-05-12,-0.0024606805098684736,-0.004223530688749033,-0.0017671986902547676,-0.009275749120250597,0.017525737068597103,0.015583339463230685,0.02516117907785348,-0.01615943164733887,-0.01805767420324249,-0.004927037215040773,43.04055022357215,1
2022-05-13,0.025340282316524076,0.023455909264285646,-0.0018378026151291138,0.029836827688936078,0.01742853627490507,0.016628531604767446,-0.009275749120250597,0.02516117907785348,-0.01615943164733887,-0.007907351447236807,55.96869410461377,1
2022-05-16,0.026470325378487924,0.029968888225505363,0.003408342901415562,0.008872443482182232,0.017212564129269223,0.016661542875624023,0.029836827688936078,-0.009275749120250597,0.02516117907785348,-0.01805767420324249,62.75441886417243,1
2022-05-17,0.03746205768738786,0.0546330596308382,0.016550968602867533,0.027053306094011628,0.01826391451370646,0.01745872991667401,0.008872443482182232,0.029836827688936078,-0.009275749120250597,-0.01615943164733887,69.85204055714331,0
2022-05-18,0.022317059569865627,0.046802582493018496,0.023951006875944092,-0.004243584245709075,0.018317717825067033,0.01751466715303199,0.027053306094011628,0.008872443482182232,0.029836827688936078,0.02516117907785348,70.72408744941123,0
2022-05-19,0.0,0.03232063239691563,0.03232063239691563,-0.012448281827057189,0.018828272327301002,0.017281528342174148,-0.004243584245709075,0.027053306094011628,0.008872443482182232,-0.009275749120250597,61.798504556228735,0
2022-05-20,-0.006712092773025313,0.02762863571024954,0.03457278421837029,-0.0036601188481011995,0.01861960322911214,0.017248072272852567,-0.012448281827057189,-0.004243584245709075,0.027053306094011628,0.029836827688936078,58.00283886905595,1
2022-05-23,0.017940145017183218,0.05747962613931046,0.03884263855362535,0.03234195538343918,0.01918669493303986,0.017678125317198465,-0.0036601188481011995,-0.012448281827057189,-0.004243584245709075,0.008872443482182232,61.06369666375617,1
2022-05-24,0.041165625320485955,0.08450590874231412,0.04162669451220835,0.03145144560578658,0.018489593737789415,0.01799688523640853,0.03234195538343918,-0.0036601188481011995,-0.012448281827057189,0.027053306094011628,67.42727049578447,1
2022-05-25,0.03669030228097081,0.08428556437852919,0.04591078164118745,0.006734894073920527,0.0180002883615756,0.01767373561301298,0.03145144560578658,0.03234195538343918,-0.0036601188481011995,-0.004243584245709075,69.84753279001382,1
2022-05-26,0.04174945352850301,0.1000530907836985,0.05596704376250505,0.022922874979218636,0.016881797255178105,0.017688218592627057,0.006734894073920527,0.03145144560578658,0.03234195538343918,-0.012448281827057189,75.02628371003642,1
2022-05-27,0.03579507509164204,0.1090065590058602,0.07068143658410508,0.015973907820123884,0.01597106061260548,0.01702319968679168,0.022922874979218636,0.006734894073920527,0.03145144560578658,-0.0036601188481011995,82.03782560663501,1
2022-05-30,0.02411656770011117,0.10618669101358869,0.08013748229636097,0.004918021170721388,0.01611912449195715,0.016986330867754487,0.015973907820123884,0.022922874979218636,0.006734894073920527,0.03234195538343918,87.69819635115569,0
2022-05-31,0.0036569857849511056,0.0858966854030414,0.08194004603452387,-0.012695619384064306,0.016905003764209222,0.01731631517734145,0.004918021170721388,0.015973907820123884,0.022922874979218636,0.03145144560578658,81.01481381277014,0
2022-06-01,-0.008438301151121097,0.0718688874599176,0.08099061178368294,-0.007480854839735913,0.017196752481230513,0.01746454076983593,-0.012695619384064306,0.004918021170721388,0.015973907820123884,0.006734894073920527,81.24643121831718,1
2022-06-06,0.008213498937871044,0.0871302981622033,0.07827389665727469,0.020993798041265607,0.016032645013259083,0.01761735405567746,-0.007480854839735913,-0.012695619384064306,0.004918021170721388,0.022922874979218636,80.77374414602644,0
2022-06-07,-0.004054502889429545,0.0652782313855067,0.06961498844674119,-0.013867895338173954,0.01735110490397438,0.01792548493878557,0.020993798041265607,-0.007480854839735913,-0.012695619384064306,0.015973907820123884,74.61582719442798,0
2022-06-08,-0.0035233878675650088,0.05499675917982616,0.0587270652766847,-0.002606959911040372,0.015833199505488723,0.01713042009326976,-0.013867895338173954,0.020993798041265607,-0.007480854839735913,0.004918021170721388,70.21005360973338,0
2022-06-09,-0.015475183416841287,0.0312828126927287,0.04749295835106104,-0.015786021566584273,0.014605402028760027,0.01710381362287442,-0.002606959911040372,-0.013867895338173954,0.020993798041265607,-0.012695619384064306,66.04790895161136,0
2022-06-10,-0.04270102577988355,-0.010599814379049555,0.03353310957737721,-0.03758268101591659,0.019031850167886208,0.019256633041553135,-0.015786021566584273,-0.002606959911040372,-0.013867895338173954,-0.007480854839735913,58.67022055854487,0
2022-06-13,-0.04754929631182436,-0.036656184793985025,0.01143692946591135,-0.023554344383162562,0.017760399784154897,0.020026844756129068,-0.03758268101591659,-0.015786021566584273,-0.002606959911040372,0.020993798041265607,54.121689233530255,1
2022-06-14,-0.028892881757466404,-0.034366390295778926,-0.00563635919816774,0.004347230243187112,0.016405963544853307,0.019039865950836236,-0.023554344383162562,-0.03758268101591659,-0.015786021566584273,-0.013867895338173954,48.654569678484336,1
2022-06-15,0.005604739670246106,-0.012482218489509034,-0.017986150468708217,0.025196597121474915,0.019234989835488398,0.019685143951541213,0.004347230243187112,-0.023554344383162562,-0.03758268101591659,-0.002606959911040372,47.14527294393364,0
2022-06-16,-0.02393778778538036,-0.055575023387974376,-0.03241313433373405,-0.0453003359059362,0.02286054182760235,0.021570918721583978,0.025196597121474915,0.004347230243187112,-0.023554344383162562,-0.015786021566584273,37.63283722586226,1
2022-06-17,-0.004545683655075017,-0.04177192091544146,-0.03739622868586523,0.014730843950657428,0.02412930414282555,0.021823448432796638,-0.0453003359059362,0.025196597121474915,0.004347230243187112,-0.03758268101591659,35.25577035286915,1
2022-06-20,0.017022350366073358,-0.018024178507179633,-0.034459939705984044,0.026580460173912454,0.024910318154323777,0.022368128003139667,0.014730843950657428,-0.0453003359059362,0.025196597121474915,-0.023554344383162562,37.60268714153071,1
2022-06-21,0.014212383609429224,-0.018501757922313122,-0.03225571099350777,0.0018718608949833194,0.024910269405105982,0.022326236674672584,0.026580460173912454,0.014730843950657428,-0.0453003359059362,0.004347230243187112,36.77765908994956,1
2022-06-22,0.019281303388724247,-0.013958848941344582,-0.032611362750948,0.005718552286092283,0.025144969228018302,0.02121689228775047,0.0018718608949833194,0.026580460173912454,0.014730843950657428,0.025196597121474915,40.25251770174752,0
2022-06-23,-0.027125297709503338,-0.05581869728329658,-0.029493417298485314,-0.04604195687713346,0.028293380779088845,0.022429128969683104,0.005718552286092283,0.0018718608949833194,0.026580460173912454,-0.0453003359059362,34.956130957957996,1
2022-06-24,-0.00025158094224253524,-0.024560866049173957,-0.02431540239877794,0.031054827938978433,0.028483466908392572,0.023598957281351148,-0.04604195687713346,0.005718552286092283,0.0018718608949833194,0.014730843950657428,36.75905775470558,0
2022-06-27,-0.00027728217238132125,-0.02369376585920069,-0.023422978461170696,-0.0018893075084456085,0.027339385507762343,0.022887240303778564,0.031054827938978433,-0.04604195687713346,0.005718552286092283,0.026580460173912454,38.447808896177236,1
2022-06-28,0.008927917393886098,-0.012051435398669597,-0.02079370828269511,0.00866135375738067,0.027420998386863668,0.02262897905285636,-0.0018893075084456085,0.031054827938978433,-0.04604195687713346,0.0018718608949833194,40.672786849838864,0
2022-06-29,-0.00588507672474603,-0.027838960513169364,-0.02208384893377635,-0.020582895831964147,0.02694617304626174,0.02286841483551557,0.00866135375738067,-0.0018893075084456085,0.031054827938978433,0.005718552286092283,40.12930510018515,0
2022-06-30,-0.027784858358702924,-0.04569593295429619,-0.018422953756259908,-0.023494042473709547,0.023797883215523414,0.023199372071183652,-0.020582895831964147,0.00866135375738067,-0.0018893075084456085,-0.04604195687713346,42.39525476654782,1
2022-07-01,-0.02013457887506187,-0.040833458792599586,-0.021124206928104794,0.0005223415705533749,0.023215191160288876,0.023222460306444596,-0.023494042473709547,-0.020582895831964147,0.00866135375738067,0.031054827938978433,46.42501865678709,1
2022-07-04,-0.0013099763187166547,-0.021455952513857013,-0.020172401563480102,0.015030130797827616,0.021898489197016605,0.022913419634125638,0.0005223415705533749,-0.023494042473709547,-0.020582895831964147,-0.0018893075084456085,48.52100448809181,0
2022-07-05,-0.03743735437195739,-0.06571897406715832,-0.029381588641171574,-0.05308182378804984,0.026890124973527905,0.025281157316002063,0.015030130797827616,0.0005223415705533749,-0.023494042473709547,0.00866135375738067,35.55266271717868,0
2022-07-06,-0.028934896236278318,-0.0632076379190133,-0.035293969013919124,-0.0042127882167043934,0.026490755689340773,0.025269652516139527,-0.05308182378804984,0.015030130797827616,0.0005223415705533749,-0.020582895831964147,41.40902812472448,1
2022-07-07,0.0013526675270172372,-0.03207195548311059,-0.0333794716827136,0.02793255048650124,0.025430100677428007,0.02632840074518153,-0.0042127882167043934,-0.05308182378804984,0.015030130797827616,-0.023494042473709547,44.0735477584285,1
2022-07-08,0.00924502133978633,-0.023594071343918,-0.03253827563113465,0.0062050658352542825,0.022931938179218434,0.0252489703139263,0.02793255048650124,-0.0042127882167043934,-0.05308182378804984,0.0005223415705533749,39.285738614120056,0
2022-07-11,0.008926652515502065,-0.028176441580704314,-0.03677481807393945,-0.006337535686305162,0.0229190043288673,0.024783107741591752,0.0062050658352542825,0.02793255048650124,-0.0042127882167043934,0.015030130797827616,37.84203741275144,1
2022-07-12,0.010252577557539277,-0.019381618606247653,-0.029333452665305404,0.007521308742455117,0.022846575026004387,0.024833674888053995,-0.006337535686305162,0.0062050658352542825,0.02793255048650124,-0.05308182378804984,38.19303368014146,0
2022-07-13,-0.012232908824241995,-0.03461214003159652,-0.022656384695623144,-0.019379410333451363,0.02275866054264222,0.024306714011197526,0.007521308742455117,-0.006337535686305162,0.0062050658352542825,-0.0042127882167043934,42.9809432847083,0
2022-07-14,-0.02955222863154494,-0.05594659058581852,-0.027198127228479585,-0.024970818435723748,0.022896879999237646,0.022858493357507184,-0.019379410333451363,0.007521308742455117,-0.006337535686305162,0.02793255048650124,29.964130033533692,1
2022-07-15,0.004410609895759032,-0.023290248437527028,-0.027579217165140335,0.03218240027516751,0.025766223742707546,0.023869937935213626,-0.024970818435723748,-0.019379410333451363,0.007521308742455117,0.0062050658352542825,38.997382255865766,1
2022-07-18,0.026190423441652344,0.0041083754825479435,-0.021518470114976762,0.02574684525677886,0.0267531020856784,0.02381837974290097,0.03218240027516751,-0.024970818435723748,-0.019379410333451363,-0.006337535686305162,42.82888707188941,1
2022-07-19,0.04435644370101066,0.03089022684746645,-0.012894272769383597,0.02560631498832622,0.020527710702736967,0.024593654955743928,0.02574684525677886,0.03218240027516751,-0.024970818435723748,0.007521308742455117,51.77271169326824,0
2022-07-20,0.029089198392209026,0.02835074522542458,-0.0007175793584639489,-0.0036725288534802097,0.020495521095469448,0.024554469404736323,0.02560631498832622,0.02574684525677886,0.03218240027516751,-0.019379410333451363,55.92864562381041,1
2022-07-21,0.019837326125451193,0.03531377384323675,0.01517540819630847,0.008338692024769345,0.019174911187319194,0.02222313820683529,-0.0036725288534802097,0.02560631498832622,0.02574684525677886,-0.024970818435723748,57.31707695289785,0
2022-07-22,0.0029483234956340088,0.028387483627419607,0.025364377740939803,-0.007070801966808673,0.019547706551430365,0.0211700925978905,0.008338692024769345,-0.0036725288534802097,0.02560631498832622,0.03218240027516751,53.039817950406594,1
2022-07-25,0.01288159665961408,0.0464427388599884,0.033134319264024104,0.018081889588937954,0.01966599132756839,0.021560925059835614,-0.007070801966808673,0.008338692024769345,-0.0036725288534802097,0.02574684525677886,70.06058655628567,0
2022-07-26,-0.009645957336037903,0.022485853944955947,0.032444772169114566,-0.02418251508929869,0.021868377016986518,0.022161154417964152,0.018081889588937954,-0.007070801966808673,0.008338692024769345,0.02560631498832622,63.832124891046405,1
2022-07-27,-0.004747108105434439,0.027268303491551293,0.03216811712653378,0.004959625847057164,0.020397401907819013,0.0217039397421752,-0.02418251508929869,0.018081889588937954,-0.007070801966808673,-0.0036725288534802097,60.10960851777595,0
2022-07-28,-0.040513658548252396,-0.019538819781294015,0.021860487076056145,-0.04754146746917996,0.02489657574169013,0.02366791419326468,0.004959625847057164,-0.02418251508929869,0.018081889588937954,0.008338692024769345,47.934716426910995,1
2022-07-29,0.003985749002880512,0.023740463418371327,0.019676289663583812,0.04449222744990348,0.02672361962089974,0.02575840683744266,-0.04754146746917996,0.004959625847057164,-0.02418251508929869,-0.007070801966808673,56.851427558365664,1
2022-08-01,0.02192210195566635,0.039356369672793434,0.017060270722947246,0.016531453589155136,0.026059240636388755,0.025802729214986678,0.04449222744990348,-0.04754146746917996,0.004959625847057164,0.018081889588937954,58.22240858002995,1
2022-08-02,0.019235696002935843,0.03656010817870148,0.016997454311799887,0.0013757816919888774,0.024880823434381395,0.02240526471163557,0.016531453589155136,0.04449222744990348,-0.04754146746917996,-0.02418251508929869,62.30627915136472,1
2022-08-03,0.03280807532800134,0.0523264063769564,0.018898313747940376,0.02041267717566952,0.02552163894598741,0.02260131771945281,0.0013757816919888774,0.016531453589155136,0.04449222744990348,0.004959625847057164,70.4367762386879,0
2022-08-04,0.011958116030697852,0.0430629047865998,0.030737229400271238,-0.005156620320365266,0.025596378490980228,0.022062951149036773,0.02041267717566952,0.0013757816919888774,0.016531453589155136,-0.04754146746917996,65.38653110853929,1
2022-08-05,0.012820816544792502,0.04876769427075289,0.03549184331399502,0.009311536847373104,0.02546169167046917,0.02209274743014603,-0.005156620320365266,0.02041267717566952,0.0013757816919888774,0.04449222744990348,63.15221174145296,1
2022-08-08,0.017381275953613606,0.05649041151989809,0.03844098224593995,0.01212136053234482,0.025158914535155494,0.022031890082373454,0.009311536847373104,-0.005156620320365266,0.02041267717566952,0.016531453589155136,61.057400371276394,0
2022-08-09,0.009298249100111011,0.05101070888324921,0.04132818006999317,-0.0008437256535653721,0.023350721772781965,0.022055606825539583,0.01212136053234482,0.009311536847373104,-0.005156620320365266,0.0013757816919888774,61.83072695680284,1
2022-08-10,0.024996959205780822,0.06876857541561399,0.04270414250179777,0.023241579804282327,0.024004469245820732,0.021701717178372035,-0.0008437256535653721,0.01212136053234482,0.009311536847373104,0.02041267717566952,64.4694223499329,0
2022-08-11,0.01234122682237726,0.0560655669904051,0.04319130645827163,-0.004605303066387897,0.015375362364584897,0.020599710945716724,0.023241579804282327,-0.0008437256535653721,0.01212136053234482,-0.005156620320365266,65.06218426645839,1
2022-08-12,0.01876042938326794,0.06534888013150497,0.04573052643636788,0.015385883181261899,0.010437435932636734,0.019868445644694543,-0.004605303066387897,0.023241579804282327,-0.0008437256535653721,0.009311536847373104,64.81480865860732,0
2022-08-15,0.011842966583924808,0.059398158407262924,0.0469985891030984,-0.00023317720408082122,0.010399906949632335,0.019396248353046416,0.015385883181261899,-0.004605303066387897,0.023241579804282327,0.01212136053234482,72.29643541814218,0
2022-08-16,0.000117322975401013,0.04887576315652242,0.04875272036690914,-0.006197748694481778,0.011114381705909412,0.018944669878793535,-0.00023317720408082122,0.015385883181261899,-0.004605303066387897,-0.0008437256535653721,69.3373189974437,0
2022-08-17,-0.009303233520110643,0.03416771019846809,0.043879161807541145,-0.010731911266002626,0.01109756640666123,0.019154596228507396,-0.006197748694481778,-0.00023317720408082122,0.015385883181261899,0.023241579804282327,83.10463546974412,0
2022-08-18,-0.009802073684578638,0.030051841116589983,0.04024843290620406,-0.0010676356651523804,0.010826268255191871,0.01914202539828633,-0.010731911266002626,-0.006197748694481778,-0.00023317720408082122,-0.004605303066387897,76.90110814574146,0
2022-08-19,-0.02145596948907058,0.00807533134139038,0.03017881659861721,-0.01929475180675553,0.012766134812773352,0.01966561322989089,-0.0010676356651523804,-0.010731911266002626,-0.006197748694481778,0.015385883181261899,62.66171015251012,0
2022-08-22,-0.024687795197131712,-0.0060582295587140456,0.01910113043462136,-0.013400108806654583,0.012797362872760643,0.019595980176774663,-0.01929475180675553,-0.0010676356651523804,-0.010731911266002626,-0.00023317720408082122,56.47754919048401,1
2022-08-23,-0.013435570446813316,-0.004926669573920295,0.008624779708251484,0.0031835722971924737,0.012892927541557046,0.018699916008647694,-0.013400108806654583,-0.01929475180675553,-0.0010676356651523804,-0.006197748694481778,50.67178123434952,0
2022-08-24,-0.012125220176550489,-0.012377195825014509,-0.0002550684090842914,-0.00600830072241164,0.009581011200776536,0.018772236472162453,0.0031835722971924737,-0.013400108806654583,-0.01929475180675553,-0.010731911266002626,50.33364922429738,1
2022-08-25,0.0025160769029992647,-0.007190827436535541,-0.009682542318445009,0.009425423536788434,0.010512871763438566,0.014842098285349652,-0.00600830072241164,0.0031835722971924737,-0.013400108806654583,-0.0010676356651523804,50.38096054664169,0
2022-08-26,-0.006204304061358634,-0.021105675561379433,-0.01499440132505947,-0.012628117896165986,0.008671868474389444,0.011930882244224665,0.009425423536788434,-0.00600830072241164,0.0031835722971924737,-0.01929475180675553,40.74076757547874,1
2022-08-30,0.007733885735426105,-0.00687411482933431,-0.014495891000132155,0.015912152259993602,0.01099389214143268,0.01189066491170791,-0.012628117896165986,0.009425423536788434,-0.00600830072241164,-0.013400108806654583,47.53400786813095,0
2022-08-31,0.005402892332109888,-0.009418055325294383,-0.014741301989917521,-0.0012150484489765012,0.01100019564728831,0.011906308032050386,0.015912152259993602,-0.012628117896165986,0.009425423536788434,0.0031835722971924737,36.73060415343458,0
2022-09-01,-0.012070649952944712,-0.0275234104842651,-0.015641564379663797,-0.01902485218566076,0.011876746958130704,0.0118540217214549,-0.0012150484489765012,0.015912152259993602,-0.012628117896165986,-0.00600830072241164,32.88168113860462,1
2022-09-02,0.02661504457084618,0.014217325090660315,-0.012076308004397518,0.043880543713974283,0.01940344820012525,0.015400800279341197,-0.01902485218566076,-0.0012150484489765012,0.015912152259993602,0.009425423536788434,44.46934987697755,0
2022-09-05,0.008186608188500477,0.0005949516507905983,-0.007530011285659111,-0.012770952313241662,0.018779168066822526,0.015628400249695144,0.043880543713974283,-0.01902485218566076,-0.0012150484489765012,-0.012628117896165986,41.23355028365682,1
2022-09-06,0.012642988790555476,0.008318599300440876,-0.0042703988848817875,0.008254158130026352,0.018207878080342053,0.01550381552395118,-0.012770952313241662,0.043880543713974283,-0.01902485218566076,0.015912152259993602,45.51063564989944,0
2022-09-07,-0.009679879439875805,-0.013863562628915194,-0.00422457658102815,-0.022773432260600867,0.019931700194229185,0.0163603594971316,0.008254158130026352,-0.012770952313241662,0.043880543713974283,-0.0012150484489765012,42.646139341980955,1
2022-09-08,-0.002495899033389093,0.00016840642811644102,0.0026709719377833174,0.013076759773416548,0.02017226967539847,0.015728596940836143,-0.022773432260600867,0.008254158130026352,-0.012770952313241662,-0.01902485218566076,46.618350254520394,1
2022-09-09,0.012740204701492841,0.01573166694474737,0.002953829846358502,0.015398704161136246,0.020495397808081833,0.016121191960229996,0.013076759773416548,-0.022773432260600867,0.008254158130026352,0.043880543713974283,55.480289954477335,1
2022-09-12,0.034195787040109504,0.04579096614797251,0.011211783352017557,0.02987392709927603,0.021327983662028836,0.017143965563697426,0.015398704161136246,0.013076759773416548,-0.022773432260600867,-0.012770952313241662,65.36722793684072,0
2022-09-13,0.01727606910196533,0.03352930451388492,0.015977211993464024,-0.011679833378279216,0.0218344808138538,0.01736579155428636,0.02987392709927603,0.015398704161136246,0.013076759773416548,0.008254158130026352,61.300800568999456,0
2022-09-14,-0.00164534542731809,0.021451037248735094,0.02313444683236221,-0.011935600191752804,0.022391540391664952,0.017522186616751475,-0.011679833378279216,0.02987392709927603,0.015398704161136246,-0.022773432260600867,59.589033937521,1
2022-09-15,0.005041572400325434,0.034412376805049716,0.02922347215407073,0.013678892194885557,0.02113286255946354,0.01759823975800669,-0.011935600191752804,-0.011679833378279216,0.02987392709927603,0.013076759773416548,60.42311224768983,0
2022-09-16,-0.004050386361635461,0.026991987579143117,0.031168618889640287,-0.0064069535250850275,0.016785621936278847,0.01767230666275806,0.013678892194885557,-0.011935600191752804,-0.011679833378279216,0.015398704161136246,61.95765245757112,0
2022-09-20,-0.0017987812110399348,0.023939023786146985,0.02578418510489544,-0.001286331360631152,0.016080978860265372,0.017043371695226097,-0.0064069535250850275,0.013678892194885557,-0.011935600191752804,0.02987392709927603,58.78034091418213,0
2022-09-21,-0.015258198053064498,0.003828681736476325,0.019382623700755053,-0.018422787842908347,0.017215212001638464,0.01731212244334334,-0.001286331360631152,-0.0064069535250850275,0.013678892194885557,-0.011679833378279216,54.30359862663089,0
2022-09-22,-0.020109420604340178,-0.006174828136821131,0.014220559683422174,-0.009220017156641298,0.015693501037074925,0.01746734252763401,-0.018422787842908347,-0.001286331360631152,-0.0064069535250850275,-0.011935600191752804,56.60684437589014,0
2022-09-23,-0.034225151939195286,-0.03225613395701421,0.00203879608806834,-0.026821027224923667,0.017352883343223303,0.018485029289401978,-0.009220017156641298,-0.018422787842908347,-0.001286331360631152,0.013678892194885557,40.01179700165535,0
2022-09-26,-0.04421441056882469,-0.05589184723092577,-0.012217632062281658,-0.026690625354238544,0.017582963529767695,0.01924036887707557,-0.026821027224923667,-0.009220017156641298,-0.018422787842908347,-0.0064069535250850275,37.65633548233137,0
2022-09-27,-0.037260458783432426,-0.06466361185032221,-0.028463724500462195,-0.011211326089115462,0.01192871454840032,0.01920190338055353,-0.026690625354238544,-0.026821027224923667,-0.009220017156641298,-0.001286331360631152,33.47969586296246,0
2022-09-28,-0.046978610085831374,-0.08951119723043899,-0.04462920517286417,-0.031020306431037998,0.013513820763229033,0.019761261493143487,-0.011211326089115462,-0.026690625354238544,-0.026821027224923667,-0.018422787842908347,32.602893785126895,0
2022-09-29,-0.06191270210666655,-0.12295829927379454,-0.0650745376301527,-0.043423323227603894,0.016576721263691595,0.021582580684762247,-0.031020306431037998,-0.011211326089115462,-0.026690625354238544,-0.009220017156641298,24.088326634433358,0
2022-09-30,-0.04243923773876357,-0.1205822891483368,-0.08160636326100279,-0.0024916998078933226,0.013928043780965734,0.02139040072919508,-0.043423323227603894,-0.031020306431037998,-0.011211326089115462,-0.026821027224923667,18.905258322238566,1
2022-10-03,-0.0209997805787141,-0.10943517298347749,-0.09033235197540612,0.0053908401071739095,0.015411523893904199,0.018197557486289387,-0.0024916998078933226,-0.043423323227603894,-0.031020306431037998,-0.026690625354238544,8.883849939129988,1
2022-10-04,0.024243757252673248,-0.07019402845347944,-0.09220245184550879,0.038271207820938256,0.02297617282179293,0.02081406544546937,0.0053908401071739095,-0.0024916998078933226,-0.043423323227603894,-0.011211326089115462,22.652240375375428,0
2022-10-05,0.007782586509301304,-0.08371372961413381,-0.0907897371399865,-0.020915163591637555,0.023060154351565713,0.020860432706638433,0.038271207820938256,0.0053908401071739095,-0.0024916998078933226,-0.031020306431037998,22.038172991042373,0
2022-10-06,-0.011658057152531764,-0.09580161089750427,-0.085136074972747,-0.01928787023771097,0.023105583306287283,0.020730866657853512,-0.020915163591637555,0.038271207820938256,0.0053908401071739095,-0.043423323227603894,15.97222537590656,0
2022-10-07,-0.019570358277918087,-0.09762626632723548,-0.07961398220500104,-0.009157878140606973,0.022672350545141193,0.020229666231103397,-0.01928787023771097,-0.020915163591637555,0.038271207820938256,-0.0024916998078933226,15.88554781450074,0
2022-10-10,-0.018742775970672865,-0.09182464831809167,-0.0744777929351933,-0.0016740394070809742,0.022254162776762253,0.019567800872473944,-0.009157878140606973,-0.01928787023771097,-0.020915163591637555,0.0053908401071739095,15.87771900652335,0
2022-10-11,-0.025719428142251477,-0.10172759722743197,-0.07801466156740544,-0.021736930163458866,0.022587782101308396,0.01758183793879704,-0.0016740394070809742,-0.009157878140606973,-0.01928787023771097,0.038271207820938256,15.893390331607492,0
2022-10-12,-0.04094101618193979,-0.12021706326282078,-0.08266024136000405,-0.03248553525411804,0.02273917548717301,0.0182397182582537,-0.021736930163458866,-0.0016740394070809742,-0.009157878140606973,-0.020915163591637555,14.818226982351987,1
2022-10-13,0.010778578477688816,-0.06746308162703962,-0.07740731923955724,0.049323496910061125,0.026530706309239243,0.022797361559703057,-0.03248553525411804,-0.021736930163458866,-0.0016740394070809742,-0.01928787023771097,28.96341281060033,1
2022-10-14,0.013713068744262591,-0.056551689880734,-0.06931424758293492,0.0019625324317399133,0.02654915026469763,0.022335746056794212,0.049323496910061125,-0.03248553525411804,-0.021736930163458866,-0.009157878140606973,32.3819261129718,1
2022-10-17,0.02887061831589821,-0.031272807315568585,-0.05845577136794167,0.017903375718179147,0.02717296238683409,0.023151786611082647,0.0019625324317399133,0.049323496910061125,-0.03248553525411804,-0.0016740394070809742,37.79232921293785,1
2022-10-18,0.03299999053191649,-0.009554276165620101,-0.04119483745166763,0.014339652657867871,0.024357391081431385,0.02365381342671683,0.017903375718179147,0.0019625324317399133,0.049323496910061125,-0.021736930163458866,45.536159695889836,0
2022-10-19,-0.0014669817086279124,-0.023336021363483006,-0.021901168268101956,-0.021933688851346753,0.02444643856207112,0.023752990872584274,0.014339652657867871,0.017903375718179147,0.0019625324317399133,-0.03248553525411804,49.51193002475414,1
2022-10-20,0.0018473324666015145,-0.009283139845157606,-0.011109948543113202,0.007181313063117247,0.023824732872629737,0.023974174499121426,-0.021933688851346753,0.014339652657867871,0.017903375718179147,0.049323496910061125,51.38444213423098,0
2022-10-21,-0.0032711456960412555,-0.0056276682685565405,-0.002364256399661313,-0.002066279834813291,0.02361415621078946,0.023516641761111373,0.007181313063117247,-0.021933688851346753,0.014339652657867871,0.0019625324317399133,49.946051070007684,1
2022-10-24,0.018574265757383746,0.024149424914215123,0.005473493042440047,0.02653403651754516,0.02489830571237423,0.02399740302671012,-0.002066279834813291,0.007181313063117247,-0.021933688851346753,0.017903375718179147,47.451865938749734,1
2022-10-25,0.02352012680115334,0.03495078158257736,0.011167982418820444,0.008557337709591281,0.023218435810772414,0.024040879722729537,0.02653403651754516,-0.002066279834813291,0.007181313063117247,0.014339652657867871,53.8829230142388,0
2022-10-26,0.013173604201879519,0.032643206105013256,0.019216451970707205,-0.002666271977443467,0.01915245897881072,0.023044701871659006,0.008557337709591281,0.02653403651754516,-0.002066279834813291,-0.021933688851346753,58.08113683335552,1
2022-10-27,0.009431898971349995,0.03368092904657849,0.02402245272805348,0.002932467976762139,0.013256985743107982,0.020704056627695255,-0.002666271977443467,0.008557337709591281,0.02653403651754516,0.007181313063117247,61.23260507736582,0
2022-10-28,-0.01807745357807944,0.006661138876950412,0.02519403647994034,-0.02575128545953448,0.016521201177953797,0.021597652141908726,0.002932467976762139,-0.002666271977443467,0.008557337709591281,-0.002066279834813291,54.73933274425479,1
2022-10-31,-0.007656181955433605,0.014800281387140846,0.022629720601097025,0.008973493790972176,0.015822885704262525,0.021653077461821255,-0.02575128545953448,0.002932467976762139,-0.002666271977443467,0.02653403651754516,61.874991357322386,1
2022-11-01,0.00950818755699867,0.03266131320754395,0.022935054847425862,0.017310072675748727,0.01611362030171211,0.020208923926179748,0.008973493790972176,-0.02575128545953448,0.002932467976762139,0.008557337709591281,74.35218530369576,0
2022-11-02,0.007517836846528514,0.0301354513500367,0.022448847728889776,-0.0015975920880625207,0.013901966319272121,0.01961631211293404,0.017310072675748727,0.008973493790972176,-0.02575128545953448,-0.002666271977443467,66.09885864348644,0
2022-11-03,0.004622685555883965,0.02449556055440172,0.01978143166010815,-0.003871587580592614,0.01405424513625113,0.019079603776255647,-0.0015975920880625207,0.017310072675748727,0.008973493790972176,0.002932467976762139,64.08748988573852,1
2022-11-04,0.021777349115481126,0.04829736453798961,0.025954788922915473,0.026400687807621476,0.01573373419846665,0.019671570746204445,-0.003871587580592614,-0.0015975920880625207,0.017310072675748727,-0.02575128545953448,66.11115316029924,0
2022-11-07,0.009152488190826036,0.038695885001689634,0.029275453567803034,-0.006010720682258134,0.014235942549473296,0.019753960944443774,0.026400687807621476,-0.003871587580592614,-0.0015975920880625207,0.008973493790972176,60.61618425432545,1
2022-11-08,0.01444882324081087,0.04446667766469048,0.02959030927551698,0.010300544679595913,0.014329705079505057,0.01890927777483692,-0.006010720682258134,0.026400687807621476,-0.003871587580592614,0.017310072675748727,72.05359934550543,1
2022-11-09,0.010180273022547981,0.039366647674840216,0.0288922437229584,0.0014258945333559675,0.0142205568611053,0.01679533249231646,0.010300544679595913,-0.006010720682258134,0.026400687807621476,-0.0015975920880625207,70.99169603412093,1
2022-11-10,0.01723468071057921,0.051750125607100905,0.03393066079148155,0.016699207288174575,0.014863905713940601,0.01371530140890949,0.0014258945333559675,0.010300544679595913,-0.006010720682258134,-0.003871587580592614,75.04193298773097,1
2022-11-11,0.018933555284122328,0.05448366518381831,0.03488952710933457,0.007740671960168751,0.01043031162528223,0.013712551412308161,0.016699207288174575,0.0014258945333559675,0.010300544679595913,0.026400687807621476,71.88683998387746,0
2022-11-14,0.008548530651729225,0.04622448075492125,0.03735660601165658,-0.0037994353613552156,0.0110270877343403,0.013504855221872876,0.007740671960168751,0.016699207288174575,0.0014258945333559675,-0.006010720682258134,68.03121068176884,0
2022-11-15,0.0020906287972639603,0.040213847978536554,0.03804368396003177,-0.0025409358172118345,0.010636663689453003,0.01335358818033636,-0.0037994353613552156,0.007740671960168751,0.016699207288174575,0.010300544679595913,68.03121068176884,0
2022-11-16,-0.01588356590314366,0.01815396644172207,0.03458689558019912,-0.01809950806977623,0.01275294070744859,0.01299665851576049,-0.0025409358172118345,-0.0037994353613552156,0.007740671960168751,0.0014258945333559675,59.039308409732854,1
2022-11-17,-0.0010457287299733276,0.029215664527943774,0.03029307159320127,0.014531277255119865,0.01300462583793678,0.013211858951576947,-0.01809950806977623,-0.0025409358172118345,-0.0037994353613552156,0.016699207288174575,73.94564895626718,1
2022-11-18,0.008901712786044902,0.03498352277959582,0.025851685712304784,0.009908601993223637,0.010800881374166923,0.01320573642229955,0.014531277255119865,-0.01809950806977623,-0.0025409358172118345,0.007740671960168751,74.23541665046275,0
2022-11-21,0.006705432855609539,0.03011963264019002,0.02325824319648717,-0.0017712477812335489,0.010485830761049223,0.012179904790566649,0.009908601993223637,0.014531277255119865,-0.01809950806977623,-0.0037994353613552156,69.70956064498462,0
2022-11-22,0.005680504697945787,0.027409279995701974,0.021606042074249432,-0.00012666543689624177,0.010243398410087352,0.012123529650466348,-0.0017712477812335489,0.009908601993223637,0.014531277255119865,-0.0025409358172118345,70.51413118226715,1
2022-11-23,0.0030163869244581587,0.02692531790946595,0.023837029281564837,0.002277044714574853,0.010237969421425642,0.012062911998313646,-0.00012666543689624177,-0.0017712477812335489,0.009908601993223637,-0.01809950806977623,73.24837875466004,1
2022-11-24,0.0067190281058269186,0.03125726739584289,0.024374466564107466,0.007176608709127699,0.00915414087417086,0.012103616892263995,0.002277044714574853,-0.00012666543689624177,-0.0017712477812335489,0.014531277255119865,68.46054393057733,0
2022-11-25,0.0033811822718210482,0.024745669603789544,0.021292493530320922,-0.002260743334024713,0.008944097604642464,0.010153660716813053,0.007176608709127699,0.002277044714574853,-0.00012666543689624177,0.009908601993223637,70.94677636096999,0
2022-11-28,-0.002472090922569614,0.015667094488861277,0.01818413825454468,-0.005547895391819288,0.009054534031180467,0.010307365133461789,-0.002260743334024713,0.007176608709127699,0.002277044714574853,-0.0017712477812335489,63.586927226513744,1
2022-11-29,0.01138278383204816,0.030248350259926893,0.018653240622110268,0.01767078619625749,0.01048000166793573,0.01033325558985656,-0.005547895391819288,-0.002260743334024713,0.007176608709127699,-0.00012666543689624177,69.05309377439242,1
2022-11-30,0.00913760623996418,0.028119657997831338,0.018810171814519938,0.0014896073327480357,0.007685821384276255,0.010277180860832257,0.01767078619625749,-0.005547895391819288,-0.002260743334024713,0.002277044714574853,64.17110608605896,0
2022-12-01,-0.007972323322985475,0.006434872424344373,0.01452297762053334,-0.01852836351228925,0.009667267960610534,0.011307402246317011,0.0014896073327480357,0.01767078619625749,-0.005547895391819288,0.007176608709127699,50.17963294939759,0
2022-12-02,-0.014355349444432064,-0.003893669676655831,0.010614048137814525,-0.00926691129752541,0.009611823523328539,0.010150537905801548,-0.01852836351228925,0.0014896073327480357,0.01767078619625749,-0.002260743334024713,47.722134072056825,0
2022-12-05,-0.01539781799819151,-0.008482589331627377,0.007023373290220292,-0.0034494351315267863,0.00964354098066249,0.010072446811657667,-0.00926691129752541,-0.01852836351228925,0.0014896073327480357,-0.005547895391819288,47.34463228131277,1
2022-12-06,0.003057908509737306,0.005790424630817359,0.0027241858101090255,0.015744330938565712,0.011021184091754956,0.010399793650861631,-0.0034494351315267863,-0.00926691129752541,-0.01852836351228925,0.01767078619625749,62.55758292776611,0
2022-12-07,-0.00048247749198804257,-0.0035316721278532137,-0.0030506665137935984,-0.008349144503592663,0.011341686282165036,0.01062883437928297,0.015744330938565712,-0.0034494351315267863,-0.00926691129752541,0.0014896073327480357,52.37514659391025,0
2022-12-08,-0.002671404183210324,-0.007519537405684562,-0.004861119236738376,-0.0040733214317941755,0.01104618705442575,0.010008222349685639,-0.008349144503592663,0.015744330938565712,-0.0034494351315267863,-0.01852836351228925,45.41936525468863,1
2022-12-09,0.010953882284891359,0.009041361850428142,-0.0018917979029275944,0.016947368344157217,0.012503471890758027,0.01058140489926471,-0.0040733214317941755,-0.008349144503592663,0.015744330938565712,-0.00926691129752541,54.30165502367668,0
2022-12-12,0.00010118872726305739,0.00039853821539881373,0.00029731940276356283,-0.008437782939989506,0.0126847998088301,0.010728026177178942,0.016947368344157217,-0.0040733214317941755,-0.008349144503592663,-0.0034494351315267863,50.57232363873667,1
2022-12-13,0.01922785459222287,0.021951291791851624,0.0026720592332303283,0.022756667261138865,0.01354587729990176,0.01182726396195578,-0.008437782939989506,0.016947368344157217,-0.0040733214317941755,0.015744330938565712,57.77777777777777,0
2022-12-14,0.006076866548260895,0.010479293172418691,0.004375835257262262,-0.00943991797100713,0.013892161288739104,0.01121749302684081,0.022756667261138865,-0.008437782939989506,0.016947368344157217,-0.008349144503592663,51.83565594105627,0
2022-12-15,-0.023727450064063738,-0.020974624222177662,0.0028197308651838338,-0.03208287398761777,0.016289193208646864,0.013126833540253258,-0.00943991797100713,0.022756667261138865,-0.008437782939989506,-0.0040733214317941755,43.00217484756426,0
2022-12-16,-0.022410733377830727,-0.024726061440393687,-0.00236840577286912,-0.005038437062687044,0.016132717994671933,0.012928957361864507,-0.03208287398761777,-0.00943991797100713,0.022756667261138865,0.016947368344157217,43.15866977543257,1
2022-12-19,-0.012883676761752394,-0.017868958629572163,-0.005050348930980664,0.00619760992420546,0.016293635183502065,0.01303330006144392,-0.005038437062687044,-0.03208287398761777,-0.00943991797100713,-0.008437782939989506,39.03201368407512,1
2022-12-20,-0.0029449072140583787,-0.014914762273792959,-0.012005209287170637,0.002314224472966596,0.015323419657005252,0.013051520914636617,0.00619760992420546,-0.005038437062687044,-0.03208287398761777,0.022756667261138865,39.31623526287335,1
2022-12-21,0.014868649652234778,-5.059140669128048e-05,-0.014700662065025294,0.014913260162431288,0.01599028038822551,0.013501078972884595,0.002314224472966596,0.00619760992420546,-0.005038437062687044,-0.00943991797100713,49.601916583194786,0
2022-12-22,0.006327151904335082,-0.005279352284909611,-0.01153352979424338,-0.005964121719096991,0.016060154310756518,0.013449858471353692,0.014913260162431288,0.002314224472966596,0.00619760992420546,-0.03208287398761777,50.65039061894261,1
2022-12-23,0.005892268997141459,-0.0010638770027268096,-0.006915398611029633,0.003811018930461428,0.015044754972346752,0.013481744353618135,-0.005964121719096991,0.014913260162431288,0.002314224472966596,-0.005038437062687044,52.96027453457888,1
2022-12-28,0.008659446883148458,0.005932545821266233,-0.002703490330962177,0.007201088235557997,0.015009688421197756,0.013527681240936501,0.003811018930461428,-0.005964121719096991,0.014913260162431288,0.00619760992420546,50.25731221442924,1
2022-12-29,0.006976887306964663,0.009375368819313223,0.0023818635189960524,0.002891029939662166,0.01289785999146145,0.012914028625212614,0.007201088235557997,0.003811018930461428,-0.005964121719096991,0.002314224472966596,54.2297297848143,0
2022-12-30,0.001237981573839475,0.005046814184095139,0.0038041231758594307,-0.005159465694808822,0.01267490542418854,0.012945167866043786,0.002891029939662166,0.007201088235557997,0.003811018930461428,0.014913260162431288,53.798591930898674,1
2023-01-03,0.024959920059609564,0.035508609123863444,0.010291806399259418,0.03154366620177611,0.011282510594666159,0.014133760806522703,-0.005159465694808822,0.002891029939662166,0.007201088235557997,-0.005964121719096991,58.2268599853384,1
2023-01-04,0.03955863931663761,0.06008717054661572,0.019747352822225395,0.02701560595449357,0.01251422944638191,0.014962586893088598,0.03154366620177611,-0.005159465694808822,0.002891029939662166,0.003811018930461428,67.63663063324532,1
2023-01-05,0.04883447345733516,0.08195279561102997,0.031576309695966476,0.025493282731351728,0.01356712892373554,0.015642609099523277,0.02701560595449357,0.03154366620177611,-0.005159465694808822,0.007201088235557997,68.42105819317486,0
2023-01-06,0.030884624220245183,0.07544354904821216,0.0432239687944429,-0.0018576114796140665,0.013903562517791207,0.015495682929557657,0.025493282731351728,0.02701560595449357,0.03154366620177611,0.002891029939662166,71.38732163381633,1
2023-01-09,0.016823317238638502,0.07360089953458404,0.0558381985674119,0.0030168798225993923,0.013944277383243506,0.015223662505235696,-0.0018576114796140665,0.025493282731351728,0.02701560595449357,-0.005159465694808822,87.64049611572956,0
2023-01-10,0.0013772124638458116,0.06236769972665179,0.06090660592599417,-0.005926395882895117,0.013939843829827577,0.015284759934712696,0.0030168798225993923,-0.0018576114796140665,0.025493282731351728,0.03154366620177611,86.74088533763556,1
2023-01-11,0.006285623763789161,0.06972238238578421,0.06304050969616748,0.011241859055487302,0.0138418888137644,0.015092440062500278,-0.005926395882895117,0.0030168798225993923,-0.0018576114796140665,0.02701560595449357,87.27428868873685,1
2023-01-12,0.02129329211004416,0.08520861383586209,0.06258272938791731,0.020193536526587043,0.014202394883517714,0.01518576805129258,0.011241859055487302,-0.005926395882895117,0.0030168798225993923,0.025493282731351728,88.74371280178275,1
2023-01-13,0.03211588384380626,0.10124055012097388,0.06697374525400535,0.02045794666223168,0.014195645828066455,0.015057686062138134,0.020193536526587043,0.011241859055487302,-0.005926395882895117,-0.0018576114796140665,89.25855704289917,1
2023-01-16,0.030537791747911935,0.10448085312694455,0.07175191630150368,0.00969060815610614,0.012843517090223357,0.014658269795925771,0.02045794666223168,0.020193536526587043,0.011241859055487302,0.0030168798225993923,92.72244943075053,0
2023-01-17,0.011063935093327038,0.086576631568404,0.07468637131054101,-0.00858467493204557,0.013050498757448556,0.012126188927632411,0.00969060815610614,0.02045794666223168,0.020193536526587043,-0.005926395882895117,87.85907902265865,1
2023-01-18,0.007903841793980515,0.08452895742478272,0.07602423212755727,0.006390522160444954,0.01162781399605118,0.011759404189495675,-0.00858467493204557,0.00969060815610614,0.02045794666223168,0.011241859055487302,87.8670004429337,0
2023-01-19,-0.018546792107555832,0.04954234151621062,0.06937583277146753,-0.0262616687752267,0.0142128433993821,0.01406967802173173,0.006390522160444954,-0.00858467493204557,0.00969060815610614,0.020193536526587043,75.83051709537285,1
2023-01-20,-0.010251426357501758,0.048659618697357576,0.05952122248386105,0.0058459597473095775,0.014138749287425284,0.014034899093557401,-0.0262616687752267,0.006390522160444954,-0.00858467493204557,0.02045794666223168,78.31533888104386,1
2023-01-23,0.0007566404687793238,0.0505107295691587,0.04971647160599746,0.008149677824310624,0.01420796636000634,0.013909986097440052,0.0058459597473095775,-0.0262616687752267,0.006390522160444954,0.00969060815610614,75.82490516495203,0
2023-01-24,0.0014037970199238803,0.04292125079203957,0.04145925339575052,-0.0006673917285882162,0.01388853594118797,0.013709986100425875,0.008149677824310624,0.0058459597473095775,-0.0262616687752267,-0.00858467493204557,71.50221690873262,1
2023-01-25,0.01275135136955452,0.0470094062559514,0.03382671851295904,0.010844450289946456,0.013868117805103075,0.013721527463945492,-0.0006673917285882162,0.008149677824310624,0.0058459597473095775,0.006390522160444954,68.76515180904214,1
2023-01-26,0.022523788757930818,0.058163495076185345,0.03485464759851342,0.018104934031156893,0.013620799006281263,0.013941615558512506,0.010844450289946456,-0.0006673917285882162,0.008149677824310624,-0.0262616687752267,73.29012753564922,1
2023-01-27,0.018329717111703836,0.05442387856754172,0.035444474269308524,0.003991189748828776,0.012404443437715261,0.013924129621749288,0.018104934031156893,0.010844450289946456,-0.0006673917285882162,0.0058459597473095775,73.50000653948108,1
2023-01-30,0.015604625869253264,0.051025363503071075,0.03487650285513544,0.004725628368061137,0.01219335655957244,0.013616578924813032,0.003991189748828776,0.018104934031156893,0.010844450289946456,0.008149677824310624,77.02797735171984,0
2023-01-31,0.004497090324216746,0.03989701585354988,0.03524144158337705,-0.004402731000301624,0.011847123298772811,0.012711329599242715,0.004725628368061137,0.003991189748828776,0.018104934031156893,-0.0006673917285882162,72.99922679015216,1
2023-02-01,0.002796290469843754,0.038133916443387594,0.035239087249701484,0.003437903059964117,0.011780759811296136,0.011753355854022648,-0.004402731000301624,0.004725628368061137,0.003991189748828776,0.010844450289946456,69.71473009127112,1
2023-02-02,0.009473167719318276,0.04417800797481042,0.03437916070013047,0.010243357929276041,0.006302875989042671,0.010825163625165392,0.003437903059964117,-0.004402731000301624,0.004725628368061137,0.018104934031156893,67.33027375345839,1
2023-02-03,0.00767078483242245,0.04073795981228123,0.032815454687770806,0.0012731038078419468,0.006480865749158675,0.010751818478307973,0.010243357929276041,0.003437903059964117,-0.004402731000301624,0.003991189748828776,64.91737059892519,0
2023-02-06,-0.0034191818357439674,0.02521540642746878,0.028732831037184603,-0.011194776246376197,0.008266379400891992,0.011315955508714089,0.0012731038078419468,0.010243357929276041,0.003437903059964117,0.004725628368061137,63.25752841329863,1
2023-02-07,0.005644906989398457,0.032962449205342415,0.02716420281759757,0.012254418978280439,0.0085249248709747,0.011216740081996043,-0.011194776246376197,0.0012731038078419468,0.010243357929276041,-0.004402731000301624,65.13921392015835,1
2023-02-08,0.006856753859794784,0.033203910523929236,0.02616773097377778,0.0046492311581875076,0.008268422037122788,0.011113449625331763,0.012254418978280439,-0.011194776246376197,0.0012731038078419468,0.003437903059964117,83.49610992928972,0
2023-02-09,0.004939930669512593,0.029042254358736086,0.023983845156959838,-0.0006326854311574062,0.006784417122259389,0.01052127864355769,0.0046492311581875076,0.012254418978280439,-0.011194776246376197,0.010243357929276041,81.94279625733408,0
2023-02-10,-0.01256884380217771,0.006623386978606982,0.01943652543300911,-0.02067645228792338,0.009916857943715586,0.011023049063417794,-0.0006326854311574062,0.0046492311581875076,0.012254418978280439,0.0012731038078419468,64.65859300793586,1
2023-02-13,-0.009146963916486062,0.008831101937813779,0.018144028629473397,0.0032254951614395407,0.0098479944364196,0.010859444637594182,-0.02067645228792338,-0.0006326854311574062,0.0046492311581875076,-0.011194776246376197,66.07843151921153,1
2023-02-14,-0.002215863255712658,0.012496795483573964,0.014745332379499487,0.00535275852940125,0.009866639022613382,0.010654857843321226,0.0032254951614395407,-0.02067645228792338,-0.0006326854311574062,0.012254418978280439,64.40328345978335,0
2023-02-15,-0.0635444200860602,-0.06466590836191444,-0.0011975883319070846,-0.08184160940384984,0.02782967817472689,0.02143620752557609,0.00535275852940125,0.0032254951614395407,-0.02067645228792338,0.0046492311581875076,29.831436130130896,1
2023-02-16,-0.03675189868091644,-0.052804527478836905,-0.016665102973925205,0.011864433941135651,0.027950495190471474,0.020917626740991214,-0.08184160940384984,0.00535275852940125,0.0032254951614395407,-0.0006326854311574062,32.71146875177918,0
2023-02-17,-0.030076055098148258,-0.057838405445897245,-0.02862322401016537,-0.00666364856574805,0.027783592311787828,0.02089632086181309,0.011864433941135651,-0.08184160940384984,0.00535275852940125,-0.02067645228792338,29.71641447043494,1
2023-02-20,-0.005158601571615962,-0.043875789321274006,-0.038917949947420816,0.013624372687876671,0.02859942032156703,0.021063169009120548,-0.00666364856574805,0.011864433941135651,-0.08184160940384984,0.0032254951614395407,35.352966889354974,0
2023-02-21,-0.012625880481562879,-0.06600413112337489,-0.054060816043918325,-0.02568529728574032,0.02844187160855966,0.02176576099479011,0.013624372687876671,-0.00666364856574805,0.011864433941135651,0.00535275852940125,30.089922673279133,1
2023-02-22,-0.00481408917562498,-0.05608744019748613,-0.05152137953740543,0.008133958004822058,0.028657449834637957,0.02168741336475881,-0.02568529728574032,0.013624372687876671,-0.00666364856574805,-0.08184160940384984,29.115326840379325,0
2023-02-23,-0.003717284177986113,-0.05407550497704605,-0.050546115072879094,-0.0012738187823459984,0.02863653982642388,0.021143965291386957,0.008133958004822058,-0.02568529728574032,0.013624372687876671,0.011864433941135651,28.487159179513625,0
2023-02-24,-0.01204680752309717,-0.06123594342945948,-0.04978893360629755,-0.011772408386275957,0.028384066880718716,0.021144622961448117,-0.0012738187823459984,0.008133958004822058,-0.02568529728574032,-0.00666364856574805,28.54842321925625,1
2023-02-27,0.003650889570570248,-0.04621947246416469,-0.04968895315389266,0.012004092349173556,0.02891786117676975,0.02136900419005917,-0.011772408386275957,-0.0012738187823459984,0.008133958004822058,0.013624372687876671,28.084441789388407,1
2023-02-28,0.011491037379348645,-0.032175842072016514,-0.043170802150161114,0.011518210772351854,0.02928866317440126,0.021644222487933563,0.012004092349173556,-0.011772408386275957,-0.0012738187823459984,-0.02568529728574032,30.19959424798637,0
2023-03-01,0.008347962631986672,-0.030154097410071135,-0.03818330722021779,-0.0012605354458991298,0.01292823875337388,0.02159487730180504,0.011518210772351854,0.012004092349173556,-0.011772408386275957,0.008133958004822058,30.120491557917617,0
2023-03-02,-0.006064558113825447,-0.04050592989145185,-0.03465151792179544,-0.015368051711977455,0.013260785437787782,0.02150600522979455,-0.0012605354458991298,0.011518210772351854,0.012004092349173556,-0.0012738187823459984,31.114728556076614,0
2023-03-03,-0.008717377687071814,-0.037456599797295764,-0.028991955940040226,-0.0016315047743374425,0.013145392036868068,0.021473873292356515,-0.015368051711977455,-0.0012605354458991298,0.011518210772351854,-0.011772408386275957,29.748909001637074,1
2023-03-06,-0.003400261953374173,-0.028758560065745842,-0.025444817156058064,0.005002631747729571,0.012324264802184352,0.02152414044915696,-0.0016315047743374425,-0.015368051711977455,-0.0012605354458991298,0.012004092349173556,29.479454162217934,0
2023-03-07,-0.01667209094019595,-0.0426587213650812,-0.026427227566165667,-0.020044029336323106,0.011199078431803296,0.021455203201862585,0.005002631747729571,-0.0016315047743374425,-0.015368051711977455,0.011518210772351854,42.69840491332472,0
2023-03-08,-0.010522821391578674,-0.03719960594126548,-0.02696048491709968,-0.0002367867729921287,0.010703407519968317,0.021360279650540586,-0.020044029336323106,0.005002631747729571,-0.0016315047743374425,-0.0012605354458991298,37.532370586771606,0
2023-03-09,-0.03306352677197566,-0.061322506992833814,-0.029225270742470055,-0.032864869701008624,0.014391479578606231,0.022149808786457437,-0.0002367867729921287,-0.020044029336323106,0.005002631747729571,-0.015368051711977455,31.659402831091256,0
2023-03-10,-0.05280512781104285,-0.0883768509535906,-0.03755480966692937,-0.03740618166931589,0.017571321787855303,0.022976861295570868,-0.032864869701008624,-0.0002367867729921287,-0.020044029336323106,-0.0016315047743374425,20.321553000214422,0
2023-03-13,-0.08524787487686891,-0.13622549551507257,-0.05572834349124012,-0.06522483668647341,0.02369345033694812,0.026065454124591405,-0.03740618166931589,-0.032864869701008624,-0.0002367867729921287,0.005002631747729571,17.277212606807296,1
2023-03-14,-0.036692606891804536,-0.10010890678938866,-0.06583184178932322,0.03058261934856667,0.02670682030757377,0.027504424231214613,-0.06522483668647341,-0.03740618166931589,-0.032864869701008624,-0.020044029336323106,23.89335429241605,0
2023-03-15,-0.08887185690505361,-0.17349241685404593,-0.09287448817193888,-0.09528381895257035,0.03652873131807807,0.02943768435934814,0.03058261934856667,-0.06522483668647341,-0.03740618166931589,-0.0002367867729921287,17.803597997255352,1
2023-03-16,-0.03481653156707232,-0.14044574706623603,-0.10943952000199852,0.029508229177782206,0.040178525999320876,0.030410386198209377,-0.09528381895257035,0.03058261934856667,-0.06522483668647341,-0.032864869701008624,24.585436986394427,0
2023-03-17,-0.030456307161891072,-0.1487493064546389,-0.12200894107873894,-0.020004975144979533,0.03972577818750968,0.03047459386519616,0.029508229177782206,-0.09528381895257035,0.03058261934856667,-0.03740618166931589,20.590328413929882,0
2023-03-20,-0.037821059583568184,-0.15812089394133577,-0.12502854646319916,-0.023196147079244073,0.0386941324860724,0.03002494279375452,-0.020004975144979533,0.029508229177782206,-0.09528381895257035,-0.06522483668647341,16.678275459384096,1
2023-03-21,0.022896165149783654,-0.10847861247497459,-0.12843412860534176,0.04852471630070003,0.044931058612499505,0.03279656181058876,-0.023196147079244073,-0.020004975144979533,0.029508229177782206,0.03058261934856667,25.562500953674302,0
2023-03-22,0.013066343029797922,-0.10304369185772988,-0.11461246905140998,-0.003358965526351007,0.044815726645195876,0.032580250660340676,0.04852471630070003,-0.023196147079244073,-0.020004975144979533,-0.09528381895257035,26.463931915481794,0
2023-03-23,-0.003706352250200551,-0.11198922993624405,-0.10868570519405418,-0.020394453204130702,0.04449361927909633,0.03260392717777558,-0.003358965526351007,0.04852471630070003,-0.023196147079244073,0.029508229177782206,25.395841470604324,0
2023-03-24,-0.0378535683405562,-0.13931637203520042,-0.10545463804261901,-0.042976542201466704,0.04483019723204552,0.03340256587681989,-0.020394453204130702,-0.003358965526351007,0.04852471630070003,-0.020004975144979533,22.321427786640655,1
2023-03-27,-0.01648287933316317,-0.10918642814483415,-0.09425717851135806,0.022887718713640138,0.04272997082294845,0.03390096123999727,-0.042976542201466704,-0.020394453204130702,-0.003358965526351007,-0.023196147079244073,26.90972701297548,1
2023-03-28,-0.006690647205397693,-0.09701884666719263,-0.09093662433325855,0.0013129528517474968,0.040800199702088584,0.03361085498767093,0.022887718713640138,-0.042976542201466704,-0.020394453204130702,0.04852471630070003,27.115212433333696,1
2023-03-29,0.029309491567222956,-0.05508349892393849,-0.08198990797477745,0.03467404415759082,0.02998690598816431,0.035144675646910505,0.0013129528517474968,0.022887718713640138,-0.042976542201466704,-0.003358965526351007,34.41142968420715,1
2023-03-30,0.04199050038714569,-0.0277404287918267,-0.06692088762139792,0.019523719697845998,0.029149559469148784,0.03573952767487902,0.03467404415759082,0.0013129528517474968,0.022887718713640138,-0.020394453204130702,40.372870234806676,1
2023-03-31,0.03137999448903028,-0.012649978183314814,-0.04269034973298913,0.0067441979703719125,0.028146639720414392,0.03587344174069986,0.019523719697845998,0.03467404415759082,0.0013129528517474968,-0.042976542201466704,48.512754648553525,1
2023-04-03,0.032336189065167886,0.012262361867896088,-0.019445048434705736,0.016731611672007905,0.026590025274374648,0.03619355484367735,0.0067441979703719125,0.019523719697845998,0.03467404415759082,0.022887718713640138,46.504780160879726,0
2023-04-04,0.007011260352675963,0.007960479481223581,0.0009426102427247951,-0.01194202372056698,0.023087862395201473,0.036091257263198784,0.016731611672007905,0.0067441979703719125,0.019523719697845998,0.0013129528517474968,59.76358618311338,1
2023-04-05,0.007502387060713378,0.023807058092828015,0.0161832579669432,0.008293169790868488,0.023063415291687404,0.036227023323088914,-0.01194202372056698,0.016731611672007905,0.0067441979703719125,0.03467404415759082,56.78008592657804,1
2023-04-06,0.024597894093238093,0.05515150450046402,0.029820098775691584,0.026058760175889907,0.022387510270316196,0.036382266087784956,0.008293169790868488,-0.01194202372056698,0.016731611672007905,0.019523719697845998,64.90360863272019,1
2023-04-11,0.021509673525587525,0.06335957135365855,0.04096867500395995,0.006049454298397382,0.013592588329500966,0.035554519870025184,0.026058760175889907,0.008293169790868488,-0.01194202372056698,0.0067441979703719125,71.18909871615129,1
2023-04-12,0.018444587520977107,0.0649133656583345,0.045627203194695376,0.003403172708848876,0.013418451258600363,0.0322459947433159,0.006049454298397382,0.026058760175889907,0.008293169790868488,0.016731611672007905,65.53884514096933,0
2023-04-13,0.008998816008311872,0.06375285287081378,0.05426570972512512,-0.0007842818518838243,0.013603268479955822,0.03153017967329012,0.003403172708848876,0.006049454298397382,0.026058760175889907,-0.01194202372056698,66.28643785572417,1
2023-04-14,0.027811092279893757,0.09066294418944731,0.06115117104850021,0.031789578142769066,0.013062390178029987,0.02287236079250324,-0.0007842818518838243,0.003403172708848876,0.006049454298397382,0.008293169790868488,76.91851387905524,0
2023-04-17,0.0009082612573168003,0.061430601525673145,0.06046742005339212,-0.023066156294242336,0.01635336205126105,0.023125834707663447,0.031789578142769066,-0.0007842818518838243,0.003403172708848876,0.026058760175889907,82.51437023649666,1
2023-04-18,0.0021730432155577795,0.06049100958081355,0.058191513691226104,0.004397936997423422,0.016363551301075755,0.022425041242271893,-0.023066156294242336,0.031789578142769066,-0.0007842818518838243,0.006049454298397382,81.05118923062881,1
2023-04-19,0.001985870006475876,0.05661810358067321,0.05452395608517335,0.0028353362321912835,0.015944408161131633,0.02142107306854963,0.004397936997423422,-0.023066156294242336,0.031789578142769066,0.003403172708848876,81.22002363596431,0
2023-04-20,-0.006023291913328954,0.04620057557774171,0.05254033325549212,-0.006067192049562485,0.015360484692662577,0.01914635014039466,0.0028353362321912835,0.004397936997423422,-0.023066156294242336,-0.0007842818518838243,74.60446609864627,0
2023-04-21,-0.007949845972845537,0.03423144985153215,0.042519317852173,-0.00792985092857099,0.01585685595088653,0.019263296061007754,-0.006067192049562485,0.0028353362321912835,0.004397936997423422,0.031789578142769066,67.76373437822922,1
2023-04-24,-0.001631607241706745,0.03567084883003124,0.037363418495930834,0.006245085659071848,0.013860506497027754,0.01842112448194644,-0.00792985092857099,-0.006067192049562485,0.0028353362321912835,-0.023066156294242336,67.73650194279233,0
2023-04-25,-0.014907092006233302,0.01130426681097041,0.026608006823017005,-0.017928833324987896,0.015045455680046903,0.01563496263625366,0.006245085659071848,-0.00792985092857099,-0.006067192049562485,0.004397936997423422,56.67783268799674,1
2023-04-26,0.0027110692208083265,0.021578912335364686,0.018816829387570344,0.015721493984382415,0.01589970703139922,0.015310208640734289,-0.017928833324987896,0.006245085659071848,-0.00792985092857099,0.0028353362321912835,64.95937495929432,1
2023-04-27,0.0456891626735596,0.0670845660097017,0.02046057671807522,0.051800074903378075,0.022672797409440976,0.01838443162684428,0.015721493984382415,-0.017928833324987896,0.006245085659071848,-0.006067192049562485,72.68696759146222,0
2023-04-28,0.022983238529566963,0.04670501473078614,0.023188821974558183,-0.013419612517489013,0.02138072524794369,0.017895754196060903,0.051800074903378075,0.015721493984382415,-0.017928833324987896,-0.00792985092857099,63.84980657838181,0
2023-05-02,-0.00956301062627618,0.011014551258412553,0.020776245339645838,-0.031385603422741805,0.022561647485962826,0.01941546387494074,-0.013419612517489013,0.051800074903378075,0.015721493984382415,0.006245085659071848,53.54611799876902,0
2023-05-03,-0.02255162541099298,-0.0023759511353234064,0.020641166122101318,-0.01090217126073121,0.02278015784205407,0.019653903662337026,-0.031385603422741805,-0.013419612517489013,0.051800074903378075,-0.017928833324987896,50.28571029973968,0
2023-05-04,-0.04774137046532734,-0.035046574994145985,0.013331247496685572,-0.033303170667146255,0.024857711643868893,0.02089182204523285,-0.01090217126073121,-0.031385603422741805,-0.013419612517489013,0.015721493984382415,44.11027185537555,1
2023-05-05,-0.004366112188263882,-0.004682973785256617,-0.00031825111707395326,0.033172736646264016,0.02757007767725771,0.02194437475148318,-0.033303170667146255,-0.01090217126073121,-0.031385603422741805,0.051800074903378075,44.194187065523906,1
2023-05-09,0.006079185769307216,-0.004369410321313327,-0.010385460944240532,0.0022162601456284558,0.027464743043735147,0.02189830404284657,0.033172736646264016,-0.033303170667146255,-0.01090217126073121,-0.013419612517489013,49.04632401824904,0
2023-05-10,0.00598786341811075,-0.007218110919137932,-0.013127369441990777,-0.00234681076920796,0.02738966091860486,0.021160775079735572,0.0022162601456284558,0.033172736646264016,-0.033303170667146255,-0.031385603422741805,47.60856389682891,1
2023-05-11,0.007403865784193053,-0.005836246343259188,-0.01314280456641459,0.0016954324858316776,0.026707646448593397,0.021123310854171847,-0.00234681076920796,0.0022162601456284558,0.033172736646264016,-0.01090217126073121,47.34806413255106,1
2023-05-12,0.002710342861065973,-0.0033868478039381644,-0.006080709856454591,0.0027327636443593845,0.026241472471222164,0.021118670672379578,0.0016954324858316776,-0.00234681076920796,0.0022162601456284558,-0.033303170667146255,49.21522750725841,1
2023-05-15,0.007670338582254965,0.003190400890965339,-0.004445836619139443,0.00725116722821098,0.019352636027108232,0.02117384789696361,0.0027327636443593845,0.0016954324858316776,-0.00234681076920796,0.033172736646264016,52.501406657952245,0
2023-05-16,0.002571336454896711,0.0003044531393632255,-0.002261069345498412,-0.0040075703539394925,0.019093939294636174,0.019878675247477127,0.00725116722821098,0.0027327636443593845,0.0016954324858316776,0.0022162601456284558,50.283764316491066,1
2023-05-17,0.009110253005518043,0.00986166311205916,0.000744626371898649,0.010053009102910609,0.016715090679461038,0.01932555247711581,-0.0040075703539394925,0.00725116722821098,0.0027327636443593845,-0.00234681076920796,56.605989903931444,1
2023-05-18,0.016672230318951264,0.022433224007401664,0.0056665201592482894,0.013375085167712577,0.01661253075037986,0.019523078788674108,0.010053009102910609,-0.0040075703539394925,0.00725116722821098,0.0016954324858316776,56.22037563926698,1
2023-05-19,0.018189702147603626,0.029891515454643747,0.011492763364585379,0.008567525183293135,0.010617188020116276,0.019593537940332546,0.013375085167712577,0.010053009102910609,-0.0040075703539394925,0.0027327636443593845,45.137351745075165,1
2023-05-22,0.0158391854697566,0.0322813705972993,0.01618581500175109,0.004131484199801068,0.005468464793394009,0.019524934543231585,0.008567525183293135,0.013375085167712577,0.010053009102910609,0.00725116722821098,50.39307548956747,1
2023-05-23,0.025396513404255305,0.05049363703623411,0.024475530493718978,0.020772263733145977,0.00744772576984845,0.019825654706840317,0.004131484199801068,0.008567525183293135,0.013375085167712577,-0.0040075703539394925,67.81222620851959,0
2023-05-24,-0.007953361831824046,0.018311134392395845,0.0264750619716001,-0.02968239449164888,0.01349987228024559,0.021122572405822587,0.020772263733145977,0.004131484199801068,0.008567525183293135,0.010053009102910609,60.014851280611666,0
2023-05-25,-0.017130435475459782,0.005746913779087315,0.023276078617424645,-0.010645189473274464,0.014226521597738052,0.020832104157261833,-0.02968239449164888,0.020772263733145977,0.004131484199801068,0.013375085167712577,68.50122935834342,1
2023-05-26,-0.012404547796497134,0.006809382051807367,0.019455263595467898,0.002163612637717657,0.014225535490509953,0.020573888137386257,-0.010645189473274464,-0.02968239449164888,0.020772263733145977,0.008567525183293135,60.75947737140511,0
2023-05-30,-0.016662454865997378,-0.0009233952854380556,0.016005754746621026,-0.009708841095480779,0.014563132681759672,0.01686018059075162,0.002163612637717657,-0.010645189473274464,-0.02968239449164888,0.004131484199801068,55.5114107302231,0
2023-05-31,-0.02999618540056448,-0.02685882717882737,0.0032343771998799564,-0.029044215955829518,0.017316394631806214,0.017757080596990844,-0.009708841095480779,0.002163612637717657,-0.010645189473274464,0.020772263733145977,46.12211034145875,1
2023-06-01,-0.014159137543891198,-0.0178956705079929,-0.003790198911812759,0.008422202799738413,0.017197523325929182,0.01656904550484696,-0.029044215955829518,-0.009708841095480779,0.002163612637717657,-0.02968239449164888,48.29770641453677,1
2023-06-02,0.012870847001219321,0.007610391651585946,-0.00519360920023304,0.026764798421337794,0.018971615405929145,0.01747105374348439,0.008422202799738413,-0.029044215955829518,-0.009708841095480779,-0.010645189473274464,54.934428931197104,0
2023-06-05,0.008545909889726477,-0.0011093156192457654,-0.009573411992745084,-0.006271190633825202,0.018734093859531193,0.01561404277686801,0.026764798421337794,0.008422202799738413,-0.029044215955829518,0.002163612637717657,51.31760297683515,1
2023-06-06,0.021040407173124054,0.012797597355897361,-0.008072951627886904,0.0154152883873173,0.019489745026374815,0.014219521600974802,-0.006271190633825202,0.026764798421337794,0.008422202799738413,-0.009708841095480779,56.20104331370376,1
2023-06-07,0.01228254443902732,0.011544842320741378,-0.0007287511992956075,0.00025286654548332363,0.017940153677979142,0.014221767620803488,0.0154152883873173,-0.006271190633825202,0.026764798421337794,-0.029044215955829518,53.91482962256538,0
2023-06-08,0.0018053200986776208,0.006045247944973076,0.004232287213126407,-0.004052686436863174,0.015391451268378332,0.014251103630021167,0.00025286654548332363,0.0154152883873173,-0.006271190633825202,0.008422202799738413,49.168490805018735,0
2023-06-09,-0.005673173338608506,-0.0029082602287233694,0.002780688437391099,-0.008027116783492681,0.01522428629169375,0.014405814356000118,-0.004052686436863174,0.00025286654548332363,0.0154152883873173,0.026764798421337794,44.41219704624413,0
2023-06-12,-0.011990507860979882,-0.0103465762484789,0.001663882407588968,-0.007060757482492898,0.015330207591329468,0.014507157121037575,-0.008027116783492681,-0.004052686436863174,0.00025286654548332363,-0.006271190633825202,41.35715881657321,1
2023-06-13,-0.0004846277596282089,-0.0012106116162092784,-0.0007263358591012015,0.00974359640387339,0.015383088700768393,0.014579331819458927,-0.007060757482492898,-0.008027116783492681,-0.004052686436863174,0.0154152883873173,37.232409971168146,1
2023-06-14,0.0048763145605053015,0.0021514812875771394,-0.002711610606644377,0.004328510521285907,0.011316409417207744,0.014561083207013405,0.00974359640387339,-0.007060757482492898,-0.008027116783492681,0.00025286654548332363,47.23481489576863,0
2023-06-15,-0.013571392990348263,-0.020344708634825848,-0.006866503664173851,-0.02339137189692069,0.014059352211651464,0.015362041479880817,0.004328510521285907,0.00974359640387339,-0.007060757482492898,-0.004052686436863174,43.38053686500112,1
2023-06-16,-0.009624534407952523,-0.01816464294464848,-0.008623101877418438,0.000909855051715764,0.010731266274809012,0.015009883084775258,-0.02339137189692069,0.004328510521285907,0.00974359640387339,-0.008027116783492681,42.905113678584144,0
2023-06-19,-0.010446189696027619,-0.019362222403562557,-0.00901015449053355,-0.0031229414661702254,0.010631737102294802,0.014831111607723517,0.000909855051715764,-0.02339137189692069,0.004328510521285907,-0.007060757482492898,44.86392347830747,1
2023-06-20,-0.001759451087899322,-0.012048461937919419,-0.010307145768856274,0.00558842555924641,0.00926017294717958,0.014865859924440285,-0.0031229414661702254,0.000909855051715764,-0.02339137189692069,0.00974359640387339,57.76854047001544,0
2023-06-21,-0.012620918856480867,-0.0266254163002283,-0.014183506326190698,-0.018706808045379372,0.010496195818323912,0.014317338990334218,0.00558842555924641,-0.0031229414661702254,0.000909855051715764,0.004328510521285907,47.20619289437108,0
2023-06-22,-0.03333595829834579,-0.0519810264719337,-0.01928805393522881,-0.030161121421467953,0.013283116463132285,0.014363203507933364,-0.018706808045379372,0.00558842555924641,-0.0031229414661702254,-0.02339137189692069,26.799265959598884,0
2023-06-23,-0.03369623062518978,-0.05963867448779303,-0.026847089584870254,-0.011910644233877186,0.013373272709727194,0.014397551381313963,-0.030161121421467953,-0.018706808045379372,0.00558842555924641,0.000909855051715764,25.868383907699695,0
2023-06-26,-0.024606973940947574,-0.0577986029840154,-0.03402897924867698,-0.002067988966047131,0.013479226237428784,0.01433481114809763,-0.011910644233877186,-0.030161121421467953,-0.018706808045379372,-0.0031229414661702254,16.39678082953408,1
2023-06-27,-0.004463291191228458,-0.04575568809728281,-0.041477523169852315,0.00961420074683658,0.01346154660233727,0.01458621214694219,-0.002067988966047131,-0.011910644233877186,-0.030161121421467953,0.00558842555924641,21.780321229141094,1
2023-06-28,0.013583650091799626,-0.0316347786274318,-0.04461242909269103,0.013710857482364797,0.014608574162628318,0.01369559932318413,0.00961420074683658,-0.002067988966047131,-0.011910644233877186,-0.018706808045379372,29.42220052083333,1
2023-06-29,0.027821586095257755,-0.01176190625193696,-0.038512026681181366,0.019889936545869683,0.01526503842961307,0.014335970092240847,0.013710857482364797,0.00961420074683658,-0.002067988966047131,-0.030161121421467953,39.636687116719024,1
2023-06-30,0.030391801404489938,0.0027982776240111917,-0.026779642212668153,0.013521686004440082,0.016001038418679683,0.013280901885802134,0.019889936545869683,0.013710857482364797,0.00961420074683658,-0.011910644233877186,46.30659248562445,1
2023-07-03,0.030623280435471134,0.01749655128616001,-0.012736689922009714,0.014498572640820275,0.016621763193645455,0.013661026120799879,0.013521686004440082,0.019889936545869683,0.013710857482364797,-0.002067988966047131,47.799229755452956,0
2023-07-04,0.0020755978163105038,-0.0006681754671755691,-0.002738090109633662,-0.019859161523035067,0.017814107110290835,0.01383505264432655,0.014498572640820275,0.013521686004440082,0.019889936545869683,0.00961420074683658,41.3719853368858,0
2023-07-05,-0.016672825157041493,-0.014528601519953721,0.002180580067290494,-0.016656064822734795,0.01760001761560479,0.014213497942625036,-0.019859161523035067,0.014498572640820275,0.013521686004440082,0.013710857482364797,43.078038920019466,0
2023-07-06,-0.03270473882498426,-0.033004439464003554,-0.00030983366821757397,-0.022512216120279517,0.016307843223550497,0.014891820083848322,-0.016656064822734795,-0.019859161523035067,0.014498572640820275,0.019889936545869683,38.076407530282616,1
2023-07-07,-0.013321981634138558,-0.01722110205016114,-0.003951765766992854,0.013675687275027453,0.016269495876944356,0.015335106318909338,-0.022512216120279517,-0.016656064822734795,-0.019859161523035067,0.013521686004440082,42.57052643763821,0
2023-07-10,-0.004204922961034807,-0.015099339616794771,-0.010940420280199592,0.0,0.016219721146163324,0.015305792220204952,0.013675687275027453,-0.022512216120279517,-0.016656064822734795,0.014498572640820275,40.979374094869925,1
2023-07-11,0.007069525580733371,-0.0052769653250187565,-0.012259819796088478,0.0076361773877247525,0.016136366487642842,0.015226686073819782,0.0,0.013675687275027453,-0.022512216120279517,-0.019859161523035067,47.27147731270518,1
2023-07-12,0.03365386231881384,0.028414269827802707,-0.005069001028310427,0.032432451860848026,0.01850752910220293,0.017053062687173326,0.0076361773877247525,0.0,0.013675687275027453,-0.016656064822734795,63.17203253566535,1
2023-07-13,0.02731589021653691,0.03374095618937578,0.006254226216129588,0.005797078369885269,0.017704490410209897,0.016252194322203702,0.032432451860848026,0.0076361773877247525,0.0,-0.022512216120279517,68.11894258484537,0
2023-07-14,0.014813293288846507,0.029361041658526155,0.014335393974326704,-0.0038609497050855696,0.01739123701189618,0.016282604923181388,0.005797078369885269,0.032432451860848026,0.0076361773877247525,0.013675687275027453,67.41959757927185,1
2023-07-17,0.011380111302217388,0.03483943763643649,0.023195360549471022,0.0061704235099678435,0.016870751253264933,0.016310099512034885,-0.0038609497050855696,0.005797078369885269,0.032432451860848026,0.0,66.92147494014179,1
2023-07-18,0.02030627841803878,0.05508446143073131,0.03408602274467554,0.021050785561303506,0.01639744521564048,0.01690272605812752,0.0061704235099678435,-0.0038609497050855696,0.005797078369885269,0.0076361773877247525,68.35108622538581,1
2023-07-19,0.03906288197278851,0.08292681577514349,0.04221489821585589,0.030280963051837174,0.01642676252445831,0.017346763716796585,0.021050785561303506,0.0061704235099678435,-0.0038609497050855696,0.032432451860848026,70.25000596047016,1
2023-07-20,0.028304005221110984,0.07727600522523259,0.04762404868158754,0.0004868660709808101,0.012701797454660903,0.015409935091266794,0.030280963051837174,0.021050785561303506,0.0061704235099678435,0.005797078369885269,68.28781700009506,0
2023-07-21,0.011098144817464295,0.06377706928286808,0.052100703314923,-0.006715159352227309,0.01387273347913185,0.01514074213661996,0.0004868660709808101,0.030280963051837174,0.021050785561303506,-0.0038609497050855696,63.22715050993856,1
2023-07-24,0.0075523560231463005,0.06420450357758156,0.05622749747521194,0.006715159352227329,0.013529319824680648,0.015025790903747399,-0.006715159352227309,0.0004868660709808101,0.030280963051837174,0.0061704235099678435,71.91679764928476,0
2023-07-25,-0.00265922249900985,0.05290272096059878,0.05571008898165042,-0.005123814585310542,0.014353578696989468,0.015214590932940714,0.006715159352227329,-0.006715159352227309,0.0004868660709808101,0.021050785561303506,76.70367710358569,1
2023-07-26,0.0009029116069345644,0.051060269064095554,0.05011211065080645,0.0032968665500217485,0.01172208619737076,0.015098607931729877,-0.005123814585310542,0.006715159352227329,-0.006715159352227309,0.030280963051837174,88.68095037014824,0
2023-07-27,-0.04145080402393053,-0.005720025002139195,0.037275894833344925,-0.05422980103604066,0.022313671135856965,0.019666347732629166,0.0032968665500217485,-0.005123814585310542,0.006715159352227329,0.0004868660709808101,61.48554979415317,1
2023-07-28,-0.030358089243471387,-0.004296307320745929,0.026877738713244836,0.002185586762831261,0.022285135593755258,0.019458748790766717,-0.05422980103604066,0.0032968665500217485,-0.005123814585310542,-0.006715159352227309,61.93066741906021,0
2023-07-31,-0.023787892067946292,-0.009074066062929154,0.015072365816263034,-0.005020922995022435,0.0222447827811843,0.01922165843637581,0.002185586762831261,-0.05422980103604066,0.0032968665500217485,0.006715159352227329,58.77495962143918,0
2023-08-01,-0.031321183921002804,-0.03135836254204183,-3.83807516195489e-05,-0.023109641842587226,0.0218248212164692,0.019409344477480803,-0.005020922995022435,0.002185586762831261,-0.05422980103604066,-0.005123814585310542,43.890085981003196,0
2023-08-02,-0.04146702395536783,-0.06201362872741456,-0.021435469916571748,-0.033305021108721494,0.01950305900245182,0.02047229625548057,-0.023109641842587226,-0.005020922995022435,0.002185586762831261,0.0032968665500217485,35.43507270052656,1
2023-08-03,-0.015757386589608124,-0.045473726950804094,-0.03019208877598689,0.01826718038828706,0.021430687747931207,0.020268468559589674,-0.033305021108721494,-0.023109641842587226,-0.005020922995022435,-0.05422980103604066,41.21821236692552,1
2023-08-04,0.0012753496391864072,-0.03598582694103347,-0.03721371608084334,0.010536954994468708,0.02237177649238725,0.02017572230316006,0.01826718038828706,-0.033305021108721494,-0.023109641842587226,0.002185586762831261,42.2764382531088,1
2023-08-07,0.007347067996044343,-0.03612144194618949,-0.04315147313498169,0.0005305864805093178,0.02200287973437025,0.02017513746199819,0.010536954994468708,0.01826718038828706,-0.033305021108721494,-0.005020922995022435,36.28206056171884,0
2023-08-08,-0.01190446291784919,-0.059187758034316085,-0.04785295889109531,-0.025110452454698666,0.02255318867579027,0.020898514628585954,0.0005305864805093178,0.010536954994468708,0.01826718038828706,-0.023109641842587226,21.37153242515504,1
2023-08-09,-0.0029463542100484075,-0.04574531394595438,-0.0429254332669301,0.01229822981680942,0.023335347613485366,0.01965441223912652,-0.025110452454698666,0.0005305864805093178,0.010536954994468708,-0.033305021108721494,25.676526298352883,0
2023-08-10,-0.007430866863516017,-0.049167066068674825,-0.04204865717844142,-0.006062624935144768,0.01731651211920989,0.019587393160523606,0.01229822981680942,-0.025110452454698666,0.0005305864805093178,0.01826718038828706,25.839148793478245,0
2023-08-11,-0.011329887421050788,-0.05558272490958771,-0.044759962828352484,-0.00950444267776111,0.01718065672905621,0.01964804179619463,-0.006062624935144768,0.01229822981680942,-0.025110452454698666,0.010536954994468708,22.145545346331076,0
2023-08-14,-0.009586375682919646,-0.05712935570994482,-0.048003156317450224,-0.004923431674443056,0.01718133195610591,0.01953721180694106,-0.00950444267776111,-0.006062624935144768,0.01229822981680942,0.0005305864805093178,22.229215301262656,0
2023-08-15,-0.02076629342398284,-0.06748009006697264,-0.047704441063746716,-0.01617070418347923,0.01654355550611244,0.018848918182098846,-0.004923431674443056,-0.00950444267776111,-0.006062624935144768,-0.025110452454698666,19.4278956564755,1
2023-08-16,-0.005514257837784253,-0.05205834866003034,-0.04680217005529885,0.010120047192142646,0.013872353850699974,0.017327295846593985,-0.01617070418347923,-0.004923431674443056,-0.00950444267776111,0.01229822981680942,30.27316457601316,1
2023-08-17,0.0009085243118525099,-0.043390188606535096,-0.04425850299241285,0.002892352209844865,0.012257469713029462,0.01738471428989163,0.010120047192142646,-0.01617070418347923,-0.004923431674443056,-0.006062624935144768,30.48410292871769,0
2023-08-18,-0.003977425640746213,-0.04517920173085055,-0.041366307502226696,-0.008147477651857986,0.011439505963494486,0.017390237230631194,0.002892352209844865,0.010120047192142646,-0.01617070418347923,-0.00950444267776111,30.029801260498957,0
2023-08-21,-0.004931679684141876,-0.04245816230888544,-0.037712468439183966,-0.004029194840402682,0.01131094487337904,0.017134560818093853,-0.008147477651857986,0.002892352209844865,0.010120047192142646,-0.004923431674443056,33.752098244152236,0
2023-08-22,-0.010429696106473596,-0.04221119985212829,-0.032116468754780136,-0.006704919041197178,0.0088883355256946,0.017130404762686294,-0.004029194840402682,-0.008147477651857986,0.002892352209844865,-0.01617070418347923,40.543237318629224,1
2023-08-23,-0.005368162797312448,-0.03310851791738312,-0.0278900735754527,0.0023797613912506267,0.007420919570611342,0.017103133491281914,-0.006704919041197178,-0.004029194840402682,-0.008147477651857986,0.010120047192142646,32.53422122277564,1
2023-08-24,0.006293650339718182,-0.019369774489810254,-0.025502918378611072,0.010431974916731347,0.008647078193850738,0.01338358795559277,0.0023797613912506267,-0.006704919041197178,-0.004029194840402682,0.002892352209844865,32.22473813331841,0
2023-08-25,0.002757961576042023,-0.01925660895446979,-0.02195402218089737,-0.0038818680377758963,0.008307442109865235,0.0133135924501388,0.010431974916731347,0.0023797613912506267,-0.006704919041197178,-0.008147477651857986,30.915144264542462,1
2023-08-29,0.03532082530620362,0.023219675378444604,-0.011688309200367786,0.040694265271596405,0.015667861475101158,0.016627544104180252,-0.0038818680377758963,0.010431974916731347,0.0023797613912506267,-0.004029194840402682,57.142867955489145,0
2023-08-30,0.02003940057703768,0.017768562730817727,-0.002226225619260669,-0.006153955392849912,0.014607540067468451,0.01589121252353695,0.040694265271596405,-0.0038818680377758963,0.010431974916731347,-0.006704919041197178,50.363445502980845,0
2023-08-31,0.0026126897654632497,0.005987045774252575,0.003365562837209568,-0.011336104597009232,0.015135799363650213,0.014194213104426555,-0.006153955392849912,0.040694265271596405,-0.0038818680377758963,0.0023797613912506267,48.4031970323061,1
2023-09-01,0.007979434602633173,0.01762720465063583,0.00957139572178467,0.011470316425961448,0.015455952287170095,0.01381793327203482,-0.011336104597009232,-0.006153955392849912,0.040694265271596405,0.010431974916731347,56.04716865065671,1
2023-09-04,0.01042589856256737,0.029485075218607992,0.018862517957184632,0.011605582736110107,0.015208176831673526,0.013862951424143618,0.011470316425961448,-0.011336104597009232,-0.006153955392849912,-0.0038818680377758963,61.51683286292613,0
2023-09-05,0.003083527377099049,0.021977571981002253,0.01883596339510052,-0.007722070409830454,0.015479300776444417,0.013969363020373543,0.011605582736110107,0.011470316425961448,-0.011336104597009232,0.040694265271596405,65.11397198374615,0
2023-09-06,2.6812503232553908e-05,0.018364978293851975,0.018337674111672975,-0.002810670177217837,0.015224769166558861,0.012727375873974878,-0.007722070409830454,0.011605582736110107,0.011470316425961448,-0.006153955392849912,61.02402818967442,0
2023-09-07,-0.009106760865593255,0.01021959076001111,0.019503969612797878,-0.008344634598404437,0.015756614225822706,0.012575319747106756,-0.002810670177217837,-0.007722070409830454,0.011605582736110107,-0.011336104597009232,56.41281247611039,1
2023-09-08,-0.006274437424726886,0.011911708945527177,0.01830097469076275,0.0017555184074628076,0.015563788964683493,0.012508419166770108,-0.008344634598404437,-0.002810670177217837,-0.007722070409830454,0.011470316425961448,60.504180130276445,1
2023-09-11,0.006067241779383004,0.022091878032438617,0.015927997242722647,0.011135745358315725,0.015601099024622063,0.012527392205293463,0.0017555184074628076,-0.008344634598404437,-0.002810670177217837,0.011605582736110107,65.50691422478322,1
2023-09-12,0.025343175549768837,0.04444219760372192,0.018626955842089288,0.024253251433576494,0.011681941057639032,0.013452142824848594,0.011135745358315725,0.0017555184074628076,-0.008344634598404437,-0.007722070409830454,73.81784608148878,1
2023-09-13,0.03865567274822301,0.06437423665061881,0.024761395501115446,0.023551719663682618,0.012974614407389106,0.013471646582725632,0.024253251433576494,0.011135745358315725,0.0017555184074628076,-0.002810670177217837,77.14066065337397,1
2023-09-14,0.04077811331257908,0.07809597145729663,0.035855729158199345,0.0179003662252891,0.012056953207015003,0.013750169282299062,0.023551719663682618,0.024253251433576494,0.011135745358315725,-0.008344634598404437,78.25452963586466,1
2023-09-15,0.03200984773747195,0.08154821381679933,0.0480018346607185,0.008583773835250112,0.012006522385845287,0.013764295737991466,0.0179003662252891,0.023551719663682618,0.024253251433576494,0.0017555184074628076,80.86156007978525,0
2023-09-18,0.0035896610925363337,0.05856788777292565,0.05478157937631445,-0.01661190751844695,0.01418142914280192,0.01431638214244814,0.008583773835250112,0.0179003662252891,0.023551719663682618,0.011135745358315725,67.67997109378528,1
2023-09-19,-0.0008785293561054397,0.055891568611349696,0.056820016019542674,0.002641333296548607,0.013496845384436676,0.014176678686973358,-0.01661190751844695,0.008583773835250112,0.0179003662252891,0.024253251433576494,70.77551345793216,1
2023-09-20,-0.0015516748885482379,0.05238862649253462,0.054024129265840326,0.002258474027144377,0.013212797231373795,0.013921842972531231,0.002641333296548607,-0.01661190751844695,0.008583773835250112,0.023551719663682618,76.35890637116341,0
2023-09-21,-0.015406686531062252,0.028761984368854687,0.04485981196063693,-0.01821224546753295,0.014742184642281936,0.014898919140389646,0.002258474027144377,0.002641333296548607,-0.01661190751844695,0.0179003662252891,65.6814237008279,0
2023-09-22,-0.01648891059470925,0.016106493365976027,0.03314187741431063,-0.008845577867677461,0.015424754587138895,0.015120991606791145,-0.01821224546753295,0.002258474027144377,0.002641333296548607,0.008583773835250112,59.41666958066967,0
2023-09-25,-0.02072764656765458,0.0019498911465056779,0.023157538997885085,-0.010875352514040414,0.01596006255405168,0.015381648942607478,-0.008845577867677461,-0.01821224546753295,0.002258474027144377,-0.01661190751844695,58.156600354461645,1
2023-09-26,0.01717368042782308,0.03804918663354795,0.020523049905248003,0.03855956718995389,0.01855967200072407,0.01511318485798422,-0.010875352514040414,-0.008845577867677461,-0.01821224546753295,0.002641333296548607,67.35233306467617,0
2023-09-27,0.009113399801818245,0.02488313263123354,0.01562731486125557,-0.009817559146988179,0.01760823861291615,0.015253316384502833,0.03855956718995389,-0.010875352514040414,-0.008845577867677461,0.002258474027144377,66.64477536873312,1
2023-09-28,0.012165342642183719,0.027203995915507484,0.014857901806899054,0.006053024301704527,0.016686169737176484,0.01488691374252693,-0.009817559146988179,0.03855956718995389,-0.010875352514040414,-0.01821224546753295,67.39408707302573,0
2023-09-29,0.0066374747405439916,0.02303667972303214,0.016291073394336886,-0.0008804439771797663,0.016371145903696777,0.014809105452506738,0.006053024301704527,-0.009817559146988179,0.03855956718995389,-0.008845577867677461,65.24966949602778,0
2023-10-02,-0.015840486557302524,0.0013366982317182252,0.017453659243645614,-0.01982524596551899,0.016726799889510428,0.015521724844557189,-0.0008804439771797663,0.006053024301704527,-0.009817559146988179,-0.010875352514040414,53.85145349401586,0
2023-10-03,-0.0188746584923154,-0.01003569093244816,0.009009009538255786,-0.00993241647929768,0.016820289861555527,0.015599546855686557,-0.01982524596551899,-0.0008804439771797663,0.006053024301704527,0.03855956718995389,44.5103746722276,0
2023-10-04,-0.016112519947402815,-0.014076361607537002,0.0020695032522997092,-0.0025960158123750155,0.016716528084084043,0.0155964790617634,-0.00993241647929768,-0.01982524596551899,-0.0008804439771797663,-0.009817559146988179,37.35726780601428,0
2023-10-05,-0.016558335970294102,-0.02420921605214177,-0.0077796989508230885,-0.008877346613568054,0.01605993790389491,0.015614688350245497,-0.0025960158123750155,-0.00993241647929768,-0.01982524596551899,0.006053024301704527,31.755097058354593,1
2023-10-06,0.0032932639270726316,-0.011939006247379536,-0.015182270949204102,0.014579731335757677,0.016757804125707546,0.015886210498815403,-0.008877346613568054,-0.0025960158123750155,-0.00993241647929768,-0.0008804439771797663,41.61127326047807,0
2023-10-09,-0.009590057184968859,-0.03008879432105449,-0.02069722470457258,-0.017863375095092254,0.01737914265701424,0.016340022618923717,0.014579731335757677,-0.008877346613568054,-0.0025960158123750155,-0.01982524596551899,36.36363110922816,1
2023-10-10,0.018104819810202732,-0.0007393601746941147,-0.018509076490188847,0.030831421731994813,0.015490827120611998,0.016895787341881983,-0.017863375095092254,0.014579731335757677,-0.008877346613568054,-0.00993241647929768,45.4545364469878,1
2023-10-11,0.016346337534417055,0.0018292204296739278,-0.014283632034293281,0.002548057865890585,0.015274658645961454,0.016054102560784392,0.030831421731994813,-0.017863375095092254,0.014579731335757677,-0.0025960158123750155,50.847451234578884,0
2023-10-12,-0.015031946498581417,-0.026983520087662027,-0.01213397078879308,-0.031670675342255386,0.017885236806787892,0.016943873012819497,0.002548057865890585,0.030831421731994813,-0.017863375095092254,-0.008877346613568054,45.226112110047424,1
2023-10-13,-0.007700867595118344,-0.019246037761963986,-0.011634767974517346,0.005239749020803232,0.018121022476612368,0.016844977635507817,-0.031670675342255386,0.002548057865890585,0.030831421731994813,0.014579731335757677,49.09561003690502,1
2023-10-16,-0.008128626352267743,-0.016347182495942914,-0.008285909203579855,0.0011751171812079465,0.01724774545922375,0.01653659073733837,0.005239749020803232,-0.031670675342255386,0.002548057865890585,-0.017863375095092254,37.21113881203756,1
2023-10-17,0.004412178113752052,-0.005051849195743863,-0.009422453765215,0.009998191169691662,0.017336485706248413,0.01672080784923964,0.0011751171812079465,0.005239749020803232,-0.031670675342255386,0.030831421731994813,43.38118847120509,0
2023-10-18,-0.008966617823755962,-0.02286889245186341,-0.014028058870811155,-0.020624694246693897,0.01856894599772503,0.017231848457825737,0.009998191169691662,0.0011751171812079465,0.005239749020803232,0.002548057865890585,36.36361602398451,0
2023-10-19,-0.02837306597637712,-0.04487409645238094,-0.01698288705076445,-0.025649257461141425,0.020013915045061028,0.017662438422829232,-0.020624694246693897,0.009998191169691662,0.0011751171812079465,-0.031670675342255386,32.02063928389015,0
2023-10-20,-0.037295972055704896,-0.06069860332673771,-0.024309269091774333,-0.020092266181419797,0.019601414560769217,0.018035988188087774,-0.025649257461141425,-0.020624694246693897,0.009998191169691662,0.005239749020803232,32.20776544247802,0
2023-10-23,-0.030869059635903473,-0.06309966984846016,-0.033257229616926565,-0.005676770811025942,0.01919878194092471,0.017961195163623263,-0.020092266181419797,-0.025649257461141425,-0.020624694246693897,0.0011751171812079465,32.9786980405525,0
2023-10-24,-0.06885390892344534,-0.11705106962771494,-0.05176111586157861,-0.06748644682020395,0.023319664105935795,0.020456059255300835,-0.005676770811025942,-0.020092266181419797,-0.025649257461141425,0.009998191169691662,25.383802947509807,0
2023-10-25,-0.054587248195111626,-0.11917166297071535,-0.06831345848922132,-0.010602639201243914,0.02256467273140197,0.02045941634376767,-0.06748644682020395,-0.005676770811025942,-0.020092266181419797,-0.020624694246693897,25.344892180624598,0
2023-10-26,-0.04034829105105908,-0.11782361065057412,-0.08073274801372454,-0.007383411095974316,0.022056363897987354,0.020172648208364025,-0.010602639201243914,-0.06748644682020395,-0.005676770811025942,-0.025649257461141425,20.27454559956044,0
2023-10-27,-0.04060357582406282,-0.12946806714004944,-0.09262541435081517,-0.02325692732403639,0.02109866317805439,0.02030473228024477,-0.007383411095974316,-0.010602639201243914,-0.06748644682020395,-0.020092266181419797,20.11522825841952,1
2023-10-30,-0.010091503023770154,-0.11210473379312036,-0.10305319237177923,0.011236989712296449,0.022267175930775134,0.020726094449737168,-0.02325692732403639,-0.007383411095974316,-0.010602639201243914,-0.005676770811025942,12.5573516905406,1
2023-10-31,0.0016440617849475814,-0.0987720715162721,-0.10025131394706843,0.007168507830132586,0.021915948309699087,0.021027693192840837,0.011236989712296449,-0.02325692732403639,-0.007383411095974316,-0.06748644682020395,13.890490012863566,0
2023-11-01,-0.00970848152105619,-0.10674330492782458,-0.09798611984056049,-0.017322497565886705,0.021867309618678332,0.021088093180806552,0.007168507830132586,0.011236989712296449,-0.02325692732403639,-0.010602639201243914,15.009179470756038,1
2023-11-02,0.018592163723976984,-0.07364143221651442,-0.09055007413691962,0.02970748684844077,0.02578304248249748,0.022767777917898264,-0.017322497565886705,0.007168507830132586,0.011236989712296449,-0.007383411095974316,22.35231777715215,1
2023-11-03,0.031035381452298116,-0.045979691698596725,-0.07469682858255822,0.022999684521446462,0.027520251147513553,0.02325570108550024,0.02970748684844077,-0.017322497565886705,0.007168507830132586,-0.02325692732403639,28.19589751293752,0
2023-11-06,0.022014948221900976,-0.04098502690056072,-0.061642909658091494,-0.00029337798202171155,0.02758120180011498,0.023128848799397316,0.022999684521446462,0.02970748684844077,-0.017322497565886705,0.011236989712296449,25.2010845598312,0
2023-11-07,0.01438699455943171,-0.03456486599394637,-0.048257579026472874,-0.0005871263180582194,0.01694396528725176,0.021547250310120614,-0.00029337798202171155,0.022999684521446462,0.02970748684844077,0.007168507830132586,27.469329714983616,0
2023-11-08,0.0029198533534358084,-0.028699122453740067,-0.031526921818779696,-0.0014692696164074464,0.016478846206936456,0.02147186976393813,-0.0005871263180582194,-0.00029337798202171155,0.022999684521446462,-0.017322497565886705,30.739057887562055,1
2023-11-09,0.004458360989972432,-0.016471163409749634,-0.020836627193878243,0.007032933421332167,0.016186975153725185,0.02088934342102666,-0.0014692696164074464,-0.0005871263180582194,-0.00029337798202171155,0.02970748684844077,36.22377062737085,0
2023-11-10,-0.004698277667840478,-0.02036863494008556,-0.015744328499228133,-0.010273013071194562,0.014199006440125507,0.020765251553725862,0.007032933421332167,-0.0014692696164074464,-0.0005871263180582194,0.022999684521446462,35.50378070845143,1
2023-11-13,0.0031693207938152668,-0.006054935189438226,-0.009195113718145187,0.00851946714981002,0.014088119640449145,0.02096410558143548,-0.010273013071194562,0.007032933421332167,-0.0014692696164074464,-0.00029337798202171155,55.01434063675925,1
2023-11-14,0.012460176308656257,0.012460187605356943,1.1157674117967531e-08,0.012500171081483116,0.01429763132954199,0.021069926660404453,0.00851946714981002,-0.010273013071194562,0.007032933421332167,-0.0005871263180582194,62.33522631350194,1
2023-11-15,0.017101985799412134,0.027260467099376573,0.009987672270623138,0.010203423362869179,0.011964441277073906,0.02103881475625416,0.012500171081483116,0.00851946714981002,-0.010273013071194562,-0.0014692696164074464,67.61991834298621,0
2023-11-16,0.007974415146134284,0.024386592440653443,0.01628233519413258,-0.0060233338725534085,0.009855852897858928,0.0204264651234181,0.010203423362869179,0.012500171081483116,0.00851946714981002,0.007032933421332167,75.25664986738647,1
2023-11-17,0.024507836626829427,0.05288771261346237,0.027700984777308424,0.02668345804656328,0.010669333837177568,0.02104165128967876,-0.0060233338725534085,0.010203423362869179,0.012500171081483116,-0.010273013071194562,77.86958577808915,0
2023-11-20,0.014201908573293176,0.051552113097488084,0.036827188164865854,-0.0018224563042492225,0.010758308702259375,0.021011455446841694,0.02668345804656328,-0.0060233338725534085,0.010203423362869179,0.00851946714981002,75.92411399677903,0
2023-11-21,0.003711168010187782,0.04277956737842814,0.03892394606477434,-0.005769326361331188,0.011147103303338578,0.014032230238592774,-0.0018224563042492225,0.02668345804656328,-0.0060233338725534085,0.012500171081483116,81.48525579034458,0
2023-11-22,-0.008752560690144628,0.027421352080410744,0.036493322793087035,-0.01235376387130173,0.012216095225730719,0.014123863195330363,-0.005769326361331188,-0.0018224563042492225,0.02668345804656328,0.010203423362869179,69.25711495535714,1
2023-11-23,-0.00859627209021896,0.02631659245617124,0.03521558731678209,0.001855755043261504,0.012129453027635864,0.013934274300410537,-0.01235376387130173,-0.005769326361331188,-0.0018224563042492225,-0.0060233338725534085,63.30151473990876,1
2023-11-24,0.002945677569588634,0.03186512482710602,0.02883451008792126,0.009933343151811491,0.011457007860097597,0.012559068778327964,0.001855755043261504,-0.01235376387130173,-0.005769326361331188,0.02668345804656328,66.66663491724832,0
2023-11-27,-0.003950117995549451,0.017837539044683437,0.021874062166833852,-0.010218670101212513,0.012210955476314756,0.012874379983752493,0.009933343151811491,0.001855755043261504,-0.01235376387130173,-0.0018224563042492225,61.44991690203043,0
2023-11-28,-0.0022501596546816716,0.014120351667881614,0.016407430661073752,-0.0005707893513929145,0.011710766301842715,0.01287536796910849,-0.010218670101212513,0.009933343151811491,0.001855755043261504,-0.005769326361331188,61.877128911827135,1
2023-11-29,-0.0014234658237878284,0.011411740920773461,0.012853503267177935,0.0012838453781519655,0.011279878906428528,0.011958865793592961,-0.0005707893513929145,-0.010218670101212513,0.009933343151811491,-0.01235376387130173,60.072812387735226,1
2023-11-30,0.0027015195089903354,0.01389573002849942,0.011164050618962529,0.005260481626964124,0.011140590274266681,0.01033995360052703,0.0012838453781519655,-0.0005707893513929145,-0.010218670101212513,0.001855755043261504,67.25656888333324,1
2023-12-01,0.01105084253216404,0.02117525840245027,0.010013755435809735,0.009315574442334258,0.007536817904140415,0.009340519346599104,0.005260481626964124,0.0012838453781519655,-0.0005707893513929145,0.009933343151811491,67.58441965189427,1
2023-12-04,0.011460089112365734,0.023171243540863307,0.011578464197015359,0.004345665527803858,0.007650696982854982,0.009333976890248494,0.009315574442334258,0.005260481626964124,0.0012838453781519655,-0.010218670101212513,65.18809899320945,0
2023-12-05,-0.01251871559174278,-0.0031735574207671924,0.009463630671821432,-0.024926860522429033,0.011004896701911687,0.01115248068604263,0.004345665527803858,0.009315574442334258,0.005260481626964124,-0.0005707893513929145,48.763258186759025,1
2023-12-06,-0.006911361818178308,0.0008921624411377671,0.007857832583406887,0.005577409847968389,0.0105090400633872,0.011175820408140733,-0.024926860522429033,0.004345665527803858,0.009315574442334258,0.0012838453781519655,53.546132549352045,0
2023-12-07,-0.006353003397600365,-0.0009481578473877761,0.005439402090172241,-0.0007133611956272756,0.010495066879032301,0.011109015422377806,0.005577409847968389,-0.024926860522429033,0.004345665527803858,0.005260481626964124,39.96982766556809,1
2023-12-08,0.014587151542183596,0.018640948917076683,0.0039955142037144675,0.022158830645663725,0.012339900556949977,0.0117063065150521,-0.0007133611956272756,0.005577409847968389,-0.024926860522429033,0.009315574442334258,52.29245824395344,0
2023-12-11,0.009750275676504216,0.011025499784045989,0.0012629103831514055,-0.005458749524047574,0.011937848278883353,0.011761614218874986,0.022158830645663725,-0.0007133611956272756,0.005577409847968389,0.004345665527803858,52.42235553912788,0
2023-12-12,0.0007910926818386343,0.0040607019670197975,0.0032670247657975438,-0.005771057929630613,0.012155514644233575,0.01161696361012917,-0.005458749524047574,0.022158830645663725,-0.0007133611956272756,-0.024926860522429033,55.59946001204217,0
2023-12-13,-0.004628299873576935,-0.0006162716745655716,0.004030683410530811,-0.004243823432383795,0.012271716882653421,0.011472622901309005,-0.005771057929630613,-0.005458749524047574,0.022158830645663725,0.005577409847968389,52.706175684630495,1
2023-12-14,0.04378323685225882,0.05846241150219944,0.014063432072552562,0.061308175749564923,0.02287670759100776,0.017679932086889415,-0.004243823432383795,-0.005771057929630613,-0.005458749524047574,-0.0007133611956272756,68.14236772235354,0
2023-12-15,0.01565314191341871,0.03335283114694487,0.017426903440854957,-0.0226546947270509,0.024558683720500223,0.017759922790624084,0.061308175749564923,-0.004243823432383795,-0.005771057929630613,0.022158830645663725,62.90065033274686,0
2023-12-18,0.009092169939399097,0.030927838372480254,0.02163892366184217,-0.0009551709120829089,0.024582699319463525,0.017752886052627034,-0.0226546947270509,0.061308175749564923,-0.004243823432383795,-0.005458749524047574,62.74981551615834,1
2023-12-19,0.008771948112945571,0.036923666874045136,0.02790692070072076,0.007886929974854639,0.022638099397403435,0.017726439050979793,-0.0009551709120829089,-0.0226546947270509,0.061308175749564923,-0.005771057929630613,64.15385563416444,1
2023-12-20,0.021227297094730257,0.06053082177481972,0.03848655905683618,0.02659692819115368,0.023580290938259058,0.018193841577283498,0.007886929974854639,-0.0009551709120829089,-0.0226546947270509,-0.004243823432383795,68.12587148379771,0
2023-12-21,0.01779903506508118,0.05486818478104061,0.036420892964974305,-0.0014518660405248884,0.023611106146143385,0.018229361543422435,0.02659692819115368,0.007886929974854639,-0.0009551709120829089,0.061308175749564923,66.09808576376952,1
2023-12-22,0.013217615349111256,0.053654603981136084,0.03990948047038434,0.0023746753505789887,0.02309199738992983,0.018174549190721097,-0.0014518660405248884,0.02659692819115368,0.007886929974854639,-0.0226546947270509,65.78193387162364,1
2023-12-27,0.0160548225106365,0.06174514171058432,0.04496836015900052,0.012310297338852366,0.02281452715221746,0.01797943548303343,0.0023746753505789887,-0.0014518660405248884,0.02659692819115368,-0.0009551709120829089,77.05791534979197,0
2023-12-28,0.0072178477690287846,0.05575921789756566,0.048193516661817704,-0.0010418262447850868,0.022555488087085195,0.01798684976263869,0.012310297338852366,0.0023746753505789887,-0.0014518660405248884,0.007886929974854639,75.87819893950862,1
2023-12-29,0.006229217827411038,0.052804527867835516,0.04628697836958762,0.0018224346387992578,0.022268972611206733,0.017982089069519522,-0.0010418262447850868,0.012310297338852366,0.0023746753505789887,0.02659692819115368,76.43410421751697,1
2024-01-02,0.010937492052714104,0.057916995499640134,0.04647122479505028,0.00970692933340072,0.012569762985683141,0.018018304400619325,0.0018224346387992578,-0.0010418262447850868,0.012310297338852366,-0.0014518660405248884,74.83443332175452,0
2024-01-03,-0.004861336690872409,0.039391212877710746,0.04446872702285587,-0.014008035183604562,0.010737671217536689,0.018460646135683306,0.00970692933340072,0.0018224346387992578,-0.0010418262447850868,0.0023746753505789887,70.79089969470483,1
2024-01-04,0.008609307750602646,0.051592811633128344,0.04261660441978998,0.015938184731996992,0.011136301816305469,0.018664727331965624,-0.014008035183604562,0.00970692933340072,0.0018224346387992578,0.012310297338852366,75.57028163629413,1
2024-01-05,0.00599983177765151,0.04602233222467578,0.039783804313667126,0.00012857042212496934,0.011260836092032043,0.017403480876574107,0.015938184731996992,-0.014008035183604562,0.00970692933340072,-0.0010418262447850868,77.2932191946234,0
2024-01-08,-0.00038736122240878856,0.03570310426319945,0.03610445094986248,-0.005025451885440559,0.008758307526945763,0.017560993235549834,0.00012857042212496934,0.015938184731996992,-0.014008035183604562,0.0018224346387992578,63.05525890315393,0
2024-01-09,-0.002586003665778991,0.027232163410038535,0.029895476888641692,-0.003494073656759481,0.00887275411816365,0.01761906515496942,-0.005025451885440559,0.00012857042212496934,0.015938184731996992,0.00970692933340072,74.42450377322595,0
2024-01-10,-0.012575708107732786,0.013155618713470929,0.02605903767254225,-0.010686921726427306,0.009712097392088552,0.017446442968691366,-0.003494073656759481,-0.005025451885440559,0.00012857042212496934,-0.014008035183604562,67.9112855195769,0
2024-01-11,-0.04590258959798288,-0.03469218917642514,0.011749744102999005,-0.04735642743357745,0.017163993969942493,0.020740738167379702,-0.010686921726427306,-0.003494073656759481,-0.005025451885440559,0.015938184731996992,45.486111800978975,0
2024-01-12,-0.033419273383218595,-0.0361909010165119,-0.0028674559268261346,-0.00027485947956031525,0.01718733808169942,0.020681663955131074,-0.04735642743357745,-0.010686921726427306,-0.003494073656759481,0.00012857042212496934,34.03142825187339,0
2024-01-15,-0.024386975645204534,-0.041137594394582866,-0.017169326701492182,-0.0038551443847855416,0.017017941099608084,0.02067631881382785,-0.00027485947956031525,-0.04735642743357745,-0.010686921726427306,-0.005025451885440559,33.436235794986274,0
2024-01-16,-0.03169257286461702,-0.062147680687841045,-0.03145189943789006,-0.025003062105838515,0.017022437597321475,0.015980302636421775,-0.0038551443847855416,-0.00027485947956031525,-0.04735642743357745,-0.003494073656759481,27.096228539414213,0
2024-01-17,-0.020579819130079002,-0.06507527463617369,-0.04543040502450535,-0.005104954754770721,0.01698532505962951,0.015309225418190506,-0.025003062105838515,-0.0038551443847855416,-0.00027485947956031525,-0.010686921726427306,19.813970785492955,1
2024-01-18,-0.013626382295696904,-0.06300978297142901,-0.050065613870196035,0.0002843535611885231,0.01510253658807772,0.015316503138022072,-0.005104954754770721,-0.025003062105838515,-0.0038551443847855416,-0.04735642743357745,20.112306785368148,1
2024-01-19,-0.005107094176839189,-0.05880472519445301,-0.05397327762950033,0.0022713813830405687,0.015277017854757383,0.015176305010638064,0.0002843535611885231,-0.005104954754770721,-0.025003062105838515,-0.00027485947956031525,20.261464913024312,1
2024-01-22,0.022461171388402867,-0.030611881200860447,-0.05190715703873161,0.027276390038351184,0.01929188311543094,0.015244986815715594,0.0022713813830405687,0.0002843535611885231,-0.005104954754770721,-0.0038551443847855416,28.29559212591363,1
2024-01-23,0.027640872932825022,-0.0167799867403845,-0.04322605381239375,0.01261497827497745,0.020229314885538554,0.015604462971033727,0.027276390038351184,0.0022713813830405687,0.0002843535611885231,-0.025003062105838515,36.51066360712111,1
2024-01-24,0.022030451151224373,-0.011558888768542053,-0.032865302478934044,0.0038079575994785734,0.020294430147981418,0.015626740765963185,0.01261497827497745,0.027276390038351184,0.0022713813830405687,-0.005104954754770721,30.925932074437384,0
2024-01-25,0.001957364358612379,-0.02199136329272955,-0.023901942840324764,-0.013391778756808026,0.014016584673312172,0.01548881494924229,0.0038079575994785734,0.01261497827497745,0.027276390038351184,0.0002843535611885231,28.292273766171135,1
2024-01-26,0.0170646867787716,0.005416517548776811,-0.011452731946565375,0.02620474751750408,0.016302551289391596,0.01679218403594214,-0.013391778756808026,0.0038079575994785734,0.01261497827497745,0.0022713813830405687,39.519159173411886,0
2024-01-29,0.0019285701821609713,-0.003942681409865867,-0.005859950266673519,-0.01145650520978996,0.01680190513085703,0.016919798266388227,0.02620474751750408,-0.013391778756808026,0.0038079575994785734,0.027276390038351184,37.86896672564019,1
2024-01-30,0.015599624355243646,0.016142201187733463,0.0005342428447963066,0.018267810432534833,0.01457006321092539,0.017336602952036654,-0.01145650520978996,0.02620474751750408,-0.013391778756808026,0.01261497827497745,45.87663968446153,0
2024-01-31,0.0017007646901683326,0.005296733984738733,0.003589863781009006,-0.012321010178280177,0.015343585412935203,0.017277277775404214,0.018267810432534833,-0.01145650520978996,0.02620474751750408,0.0038079575994785734,56.006756721866786,0
2024-02-01,-0.015239404643400789,-0.007617543100291058,0.007739811664935425,-0.016165569390367937,0.016763788232025217,0.01705604306716948,-0.012321010178280177,0.018267810432534833,-0.01145650520978996,-0.013391778756808026,50.962278268979794,1
2024-02-02,0.014293824751597572,0.025885384087104946,0.011428206553802278,0.03154330811255927,0.01890358879407645,0.018738749712026298,-0.016165569390367937,-0.012321010178280177,0.018267810432534833,0.02620474751750408,59.534886078772814,0
2024-02-05,-0.01716323513761242,-0.0053257196218404745,0.01204423352786299,-0.03401143378392259,0.021257491851182208,0.02009035358233905,0.03154330811255927,-0.016165569390367937,-0.012321010178280177,-0.01145650520978996,56.78072714157107,1
2024-02-06,-0.007678079702603924,0.0016363388117732747,0.009386488722919362,0.004246943742391738,0.020889518751987395,0.02015565790758636,-0.03401143378392259,0.03154330811255927,-0.016165569390367937,0.018267810432534833,58.93198303395392,0
2024-02-07,-0.01519493533236227,-0.008575435619425642,0.006721634514715413,-0.0130721446950558,0.021197946251943482,0.02021265719128978,0.004246943742391738,-0.03401143378392259,0.03154330811255927,-0.012321010178280177,55.52219162123075,0
2024-02-08,-0.019801134260482578,-0.016271741288489516,0.0036006907326200377,-0.008624272712251569,0.020966004699502223,0.017372332422547487,-0.0130721446950558,0.004246943742391738,-0.03401143378392259,-0.016165569390367937,53.09580628845053,0
2024-02-09,-0.014435729521884433,-0.021222434078414065,-0.0068861105864128636,-0.006165972977688563,0.01856842991956237,0.017412176565784847,-0.008624272712251569,-0.0130721446950558,0.004246943742391738,0.03154330811255927,45.73990877970867,1
2024-02-12,-0.0064253843160777535,-0.016384369174041846,-0.010023388984338077,0.004208212801736874,0.018602939685617523,0.0174391524186955,-0.006165972977688563,-0.008624272712251569,-0.0130721446950558,-0.03401143378392259,43.4956829596513,0
2024-02-13,-0.015143043125013689,-0.03260018136874243,-0.017725557119605773,-0.0169400518289058,0.01737790504512065,0.016934366757257888,0.004208212801736874,-0.006165972977688563,-0.008624272712251569,0.004246943742391738,39.22063299412715,1
2024-02-14,-0.0010128949023597844,-0.0224461198853535,-0.0214549565991633,0.01090282336396092,0.018085156349454092,0.017074342975309284,-0.0169400518289058,0.004208212801736874,-0.006165972977688563,-0.0130721446950558,44.64969251664978,1
2024-02-15,0.008465979915297961,-0.01372614215288892,-0.022005821227654043,0.009809452849885032,0.018074142668172897,0.017201145542787875,0.01090282336396092,-0.0169400518289058,0.004208212801736874,-0.008624272712251569,39.94472260067405,1
2024-02-16,0.02526833872302192,0.007000699993024551,-0.01781742207386383,0.0227486411407568,0.016408044301296564,0.017879960505143774,0.009809452849885032,0.01090282336396092,-0.0169400518289058,-0.006165972977688563,48.65751374112966,1
2024-02-19,0.03237071203108055,0.021226437453619074,-0.01079483798560732,0.015420289117354054,0.013019619236917128,0.017179751168197012,0.0227486411407568,0.009809452849885032,0.01090282336396092,0.004208212801736874,47.90698947652306,1
2024-02-20,0.08888770317129002,0.10327712706426984,0.013214791434481121,0.08241471754022867,0.02855100335052204,0.02492551982775217,0.015420289117354054,0.0227486411407568,0.009809452849885032,-0.0169400518289058,66.29321211544637,1
2024-02-21,0.06560164434481841,0.10401896116083131,0.03605223116902523,0.005915665897714338,0.027451123496904387,0.024925243050742164,0.08241471754022867,0.015420289117354054,0.0227486411407568,0.01090282336396092,71.08978578439863,1
2024-02-22,0.04393077746213225,0.10341104348851093,0.05697721277169299,0.005636568072731161,0.026620290293051314,0.02454750264734306,0.005915665897714338,0.08241471754022867,0.015420289117354054,0.009809452849885032,68.06017094249722,1
2024-02-23,0.022122939190492463,0.09844703318452686,0.07467212706769111,0.00036658004025704637,0.02616316087655739,0.024100039234458272,0.005636568072731161,0.005915665897714338,0.08241471754022867,0.0227486411407568,79.22328419087782,1
2024-02-26,0.013915029877519913,0.10574741757354289,0.09057207457228089,0.012743608548949653,0.025944788947028733,0.02385581518139249,0.00036658004025704637,0.005636568072731161,0.005915665897714338,0.015420289117354054,80.17291712710826,1
2024-02-27,0.013878103212781046,0.10642531412581535,0.09128041193489644,0.006131695086454734,0.023729887304208375,0.02367690355811216,0.012743608548949653,0.00036658004025704637,0.005636568072731161,0.08241471754022867,85.65078703827048,1
2024-02-28,0.01867262632251765,0.11239903547657426,0.09200837121972727,0.012151646545099247,0.023696274805917857,0.023351755209612284,0.006131695086454734,0.012743608548949653,0.00036658004025704637,0.005915665897714338,89.84516353349893,0
2024-02-29,-0.009038285677077873,0.07662601686823645,0.0864456227795285,-0.026639367310436313,0.027482922486805447,0.023994533635998294,0.012151646545099247,0.006131695086454734,0.012743608548949653,0.005636568072731161,80.92583318050433,1
2024-03-01,0.014385240796704002,0.10296369178606168,0.0873222986956983,0.03030351879687112,0.02786087800292568,0.023926409576046342,-0.026639367310436313,0.012151646545099247,0.006131695086454734,0.00036658004025704637,83.03572002992722,1
2024-03-04,0.012882783257757602,0.09825842933766404,0.08428975937897842,0.003650684797060659,0.0280629420503198,0.02202858093638214,0.03030351879687112,-0.026639367310436313,0.012151646545099247,0.012743608548949653,88.47952850552468,0
2024-03-05,0.005721230794977217,0.08575313617676827,0.07957662912070518,-0.004004673570886403,0.01436787742583095,0.022174639767332735,0.003650684797060659,0.03030351879687112,-0.026639367310436313,0.006131695086454734,86.41192940454216,1
2024-03-06,0.011959710365242016,0.0858819945426772,0.07304864355790874,0.008578649673387272,0.014419031936549025,0.021647508452054938,-0.004004673570886403,0.003650684797060659,0.03030351879687112,0.012151646545099247,86.43353120453996,1
2024-03-07,0.014300763805143779,0.08913319587936153,0.07377735948209718,0.012442741008420478,0.014617359276117957,0.021283454175319773,0.008578649673387272,-0.004004673570886403,0.003650684797060659,-0.026639367310436313,86.00331872803783,0
2024-03-08,0.0062863921099747255,0.07384896662361684,0.06714050298541463,-0.004749456122704217,0.014906481097493455,0.021230926984033904,0.012442741008420478,0.008578649673387272,-0.004004673570886403,0.03030351879687112,83.08661591113393,1
2024-03-11,0.011076469668603206,0.07323039044299517,0.06147301676871564,0.009016345441706009,0.014738690325993814,0.021194392173025812,-0.004749456122704217,0.012442741008420478,0.008578649673387272,0.003650684797060659,75.12568722220377,1
2024-03-12,0.02339788255987596,0.08415346591594708,0.059366532207492995,0.02151599152502215,0.015679019343356353,0.02036963414712792,0.009016345441706009,-0.004749456122704217,0.012442741008420478,-0.004004673570886403,77.75287345811654,0
2024-03-13,0.013230460122150234,0.06953872713386278,0.055573010512262044,-0.0029325775210130465,0.01577098618267685,0.020632009543911,0.02151599152502215,0.009016345441706009,-0.004749456122704217,0.008578649673387272,75.43731296349372,0
2024-03-14,-0.003519715159971626,0.043705116004949085,0.04739163622539899,-0.015137167916665428,0.013483425729262317,0.021447405698475343,-0.0029325775210130465,0.02151599152502215,0.009016345441706009,0.012442741008420478,68.44291961877246,1
2024-03-15,0.005501496280930329,0.04930399212943426,0.043562835073361006,0.014346166172850512,0.010982606865370876,0.021261461790810482,-0.015137167916665428,-0.0029325775210130465,0.02151599152502215,-0.004749456122704217,68.89498015366016,0
2024-03-18,0.00013600946802938552,0.03845681087116826,0.03831559012010932,-0.002263434045325318,0.011177333196592292,0.021363565427375126,0.014346166172850512,-0.015137167916665428,-0.0029325775210130465,0.009016345441706009,66.82930330483603,0
2024-03-19,-0.0052956994719767225,0.025866399754548075,0.031328002915020026,-0.008305450247000553,0.011581368960382596,0.012720727219254878,-0.002263434045325318,0.014346166172850512,-0.015137167916665428,0.02151599152502215,60.9530786219321,1
2024-03-20,6.831930735406999e-05,0.02594941488964464,0.025879327524559237,0.003876902966851252,0.011435577643492473,0.012712214264106169,-0.008305450247000553,-0.002263434045325318,0.014346166172850512,-0.0029325775210130465,73.15272077651998,1
2024-03-21,0.02609242936373901,0.055962995192630594,0.02911098939440948,0.03412149808007117,0.014977139574556332,0.014407201541003374,0.003876902966851252,-0.008305450247000553,-0.002263434045325318,-0.015137167916665428,74.25197328147746,0
2024-03-22,0.01577599941458474,0.04474853521255251,0.028522563847408477,-0.0057356945678354535,0.015051162877397703,0.014579885214202002,0.03412149808007117,0.003876902966851252,-0.008305450247000553,0.014346166172850512,70.6429381055209,1
2024-03-25,0.013945358796634943,0.043960441432786546,0.029602268382365127,0.0037539664161714732,0.014981150537719815,0.014465272082777942,-0.0057356945678354535,0.03412149808007117,0.003876902966851252,-0.002263434045325318,73.27652945563534,0
2024-03-26,0.0036196421534078205,0.035786714155240595,0.03205105863892199,-0.0038646156355975586,0.013852341133689584,0.014578404769465293,0.0037539664161714732,-0.0057356945678354535,0.03412149808007117,-0.008305450247000553,69.67280042817191,1
2024-03-27,0.0013018503516504243,0.03628009775764651,0.03493277016687002,0.004085048390880507,0.013764215708147023,0.014452232744870432,-0.0038646156355975586,0.0037539664161714732,-0.0057356945678354535,0.003876902966851252,67.87829852165089,1
2024-03-28,0.009055041940742914,0.04030616633414419,0.03097068355487842,0.00921257157324107,0.012384482155355979,0.012609677451247938,0.004085048390880507,-0.0038646156355975586,0.0037539664161714732,0.03412149808007117,72.34909536249597,1
2024-04-02,0.010426939783418243,0.04121423242944067,0.030469588085825894,0.005009256847348346,0.011939041920154232,0.011165802372911787,0.00921257157324107,0.004085048390880507,-0.0038646156355975586,-0.0057356945678354535,71.6080329763789,1
2024-04-03,0.02672734418542766,0.06069126447072226,0.03307978547336776,0.023722457928916186,0.013189457116293633,0.011991850179912483,0.005009256847348346,0.00921257157324107,0.004085048390880507,0.0037539664161714732,72.34909536249597,1
2024-04-04,0.03789200386744884,0.0794860995166018,0.040075552653034086,0.02420872960605607,0.013117589818235903,0.012508504553449326,0.023722457928916186,0.005009256847348346,0.00921257157324107,-0.0038646156355975586,78.12719924932287,0
2024-04-05,0.010588470979961517,0.05482608002049738,0.043774108166540815,-0.01786413704854606,0.015752569143993762,0.013629506172122496,0.02420872960605607,0.023722457928916186,0.005009256847348346,0.004085048390880507,76.10622364573018,1
2024-04-08,0.01808711904332405,0.06797722886980706,0.049003772755089825,0.017967615921451942,0.013389011903781093,0.013837934451130846,-0.01786413704854606,0.02420872960605607,0.023722457928916186,0.00921257157324107,76.83169842562401,0
2024-04-09,-0.009459706807594337,0.03952846943282706,0.04945601564832636,-0.022404616640555004,0.0158336914667772,0.015037292230897413,0.017967615921451942,-0.01786413704854606,0.02420872960605607,0.005009256847348346,68.11000263837059,1
2024-04-10,-0.007396866165778171,0.038240870406061944,0.04597782841522058,0.0030657133105684766,0.01583822292395792,0.015004487247080624,-0.022404616640555004,0.017967615921451942,-0.01786413704854606,0.023722457928916186,71.65166676060232,0
2024-04-11,-0.028298083049804634,0.00457320863074151,0.03382857552006979,-0.031306139449812316,0.019391389162283175,0.016401947742759812,0.0030657133105684766,-0.022404616640555004,0.017967615921451942,0.02420872960605607,60.270413312850785,0
2024-04-12,-0.025328848577247043,-0.0012780217240774272,0.02467583740224799,-0.004256479983301817,0.019450484756818553,0.01642419008654326,-0.031306139449812316,0.0030657133105684766,-0.022404616640555004,-0.01786413704854606,51.53893366104001,1
2024-04-15,-0.013275567564577706,-0.002130428131580042,0.011295088138731257,0.0015300482727927255,0.019228915207829694,0.01594550205458874,-0.004256479983301817,-0.031306139449812316,0.0030657133105684766,0.017967615921451942,53.61333877460238,0
2024-04-16,-0.02746296039501106,-0.027934377807474875,-0.00048472952007594383,-0.02577435816064204,0.020736992623329606,0.016866551919031535,0.0015300482727927255,-0.004256479983301817,-0.031306139449812316,-0.022404616640555004,45.8745857967307,1
2024-04-17,-0.00920642399625482,-0.02089452804111791,-0.011796709554785068,0.008146949370624056,0.01901066790427044,0.01693924529322967,-0.02577435816064204,0.0015300482727927255,-0.004256479983301817,0.0030657133105684766,48.868539266723005,1
2024-04-18,0.012659604599822627,-0.00133533248269746,-0.01381998158013864,0.022203557269726944,0.018679935095122245,0.017427678404216045,0.008146949370624056,-0.02577435816064204,0.0015300482727927255,-0.031306139449812316,53.04303871249291,1
2024-04-19,0.01955275765137343,0.0060033135669497195,-0.013289595837724044,0.0100590359298523,0.01860845806169631,0.01750830520428326,0.022203557269726944,0.008146949370624056,-0.02577435816064204,-0.004256479983301817,53.251231508579735,1
2024-04-22,0.03104355802062253,0.022053153853519802,-0.008719713243116933,0.01781283531297304,0.018589988254084713,0.0163113289497067,0.0100590359298523,0.022203557269726944,0.008146949370624056,0.0015300482727927255,55.88098425244333,1
2024-04-23,0.032238702534593155,0.035385400921050136,0.0030484212408723455,0.01604571593330892,0.0178849628768733,0.016495265770570353,0.01781283531297304,0.0100590359298523,0.022203557269726944,-0.02577435816064204,54.44072477410334,0
2024-04-24,0.014134433530929469,0.026789797004323823,0.012478980157819786,-0.005738479357908274,0.018029263996084975,0.01661063985108979,0.01604571593330892,0.01781283531297304,0.0100590359298523,0.008146949370624056,47.351855919262064,1
2024-04-25,0.059850380786381274,0.08908037695141302,0.027579360912569406,0.06511385319940008,0.023775194841517848,0.02160848237767474,-0.005738479357908274,0.01604571593330892,0.01781283531297304,0.022203557269726944,64.9852815868627,1
2024-04-26,0.041634835716831686,0.08434090660658367,0.040999080892261786,0.0017142460340194518,0.02343558415958807,0.02162627820065683,0.06511385319940008,-0.005738479357908274,0.01604571593330892,0.0100590359298523,62.553392017966196,0
2024-04-29,0.02297611413472378,0.07479494013918186,0.05065497159558663,-0.00343143575442907,0.02371185589763433,0.02170971586879284,0.0017142460340194518,0.06511385319940008,-0.005738479357908274,0.01781283531297304,68.02736210780738,0
2024-04-30,0.007615513830439458,0.06456169471249606,0.05651578414625291,-0.004675765721391854,0.020884252330895553,0.021824050936797165,-0.00343143575442907,0.0017142460340194518,0.06511385319940008,0.01604571593330892,66.01258701347865,1
2024-05-01,-0.0008839651924261727,0.06433344272181496,0.06527510883838605,0.0036932210452453895,0.021039643345524276,0.02136509809426384,-0.004675765721391854,-0.00343143575442907,0.0017142460340194518,-0.005738479357908274,77.36941077263629,0
2024-05-02,-0.009998516433542326,0.04936451651301521,0.05996256968494995,-0.012115351388584734,0.02201730300777953,0.021081409993297842,0.0036932210452453895,-0.004675765721391854,-0.00343143575442907,0.06511385319940008,73.95666201165163,1
2024-05-03,-0.0013817928118641243,0.052946573228487503,0.05440354046150131,0.006693993425959214,0.02202244824626079,0.020573246703810104,-0.012115351388584734,0.0036932210452453895,-0.004675765721391854,0.0017142460340194518,74.67247333634091,1
2024-05-07,0.031279133424670036,0.08970726342661739,0.05665598004288053,0.038773937567494574,0.023921786059903943,0.021845115622228836,0.006693993425959214,-0.012115351388584734,0.0036932210452453895,-0.00343143575442907,87.69811230849368,1
2024-05-08,0.028625550489216556,0.0900185652229053,0.05968451270191588,0.00616109907662534,0.023876278913504894,0.020924584259997693,0.038773937567494574,0.006693993425959214,-0.012115351388584734,-0.004675765721391854,87.65136488385426,1
2024-05-09,0.026622370242628923,0.09157732641390992,0.06327054431507251,0.007531248242633644,0.02328945882336557,0.020918979030600544,0.00616109907662534,0.038773937567494574,0.006693993425959214,0.0036932210452453895,86.89183653452265,1
2024-05-10,0.01730776628465991,0.08673014744051555,0.06824127708116823,0.003277142227154002,0.013432363098410869,0.01902439418298703,0.007531248242633644,0.00616109907662534,0.038773937567494574,-0.012115351388584734,86.49699083878906,1
2024-05-13,0.008460648891928546,0.08107701442655402,0.07200713841875195,0.0028004970625847042,0.013409348289112997,0.018856875199596092,0.003277142227154002,0.007531248242633644,0.00616109907662534,0.006693993425959214,85.4626582345978,1
2024-05-14,0.014384451735641735,0.0851183302372911,0.06973083861904783,0.012275748347802845,0.013247760112213547,0.01881613617881752,0.0028004970625847042,0.003277142227154002,0.007531248242633644,0.038773937567494574,85.2940897247464,0
2024-05-15,-0.00610976401803498,0.055507019102684074,0.061995561370860486,-0.019057006263202815,0.015222164990131265,0.018222184458299744,0.012275748347802845,0.0028004970625847042,0.003277142227154002,0.00616109907662534,78.62357451050353,1
2024-05-16,0.0007450615036357355,0.055285855805370154,0.05450018830948422,0.008411207500682612,0.01525013262908653,0.01822173276873811,-0.019057006263202815,0.012275748347802845,0.0028004970625847042,0.007531248242633644,69.96336771127008,1
2024-05-17,0.006734788666976188,0.05587490492664249,0.04881138191790613,0.008571840413841575,0.013946176162448974,0.01794995505400114,0.008411207500682612,-0.019057006263202815,0.012275748347802845,0.003277142227154002,71.52777630605756,0
2024-05-20,0.00468156398075914,0.04798489687121599,0.043101550225406626,0.0,0.014150659759056869,0.018035722905665262,0.008571840413841575,0.008411207500682612,-0.019057006263202815,0.0028004970625847042,73.30963965333726,1
2024-05-21,0.008062658989320237,0.044687975628143084,0.0363323810402254,0.0036841075338832864,0.008638739789756617,0.017894626899302768,0.0,0.008571840413841575,0.008411207500682612,0.012275748347802845,76.56532349199931,0
2024-05-22,-0.018702440383723817,0.01073350302365883,0.029996959758967545,-0.028440173708564,0.013147527198453874,0.019409933781533852,0.0036841075338832864,0.0,0.008571840413841575,-0.019057006263202815,62.01201641534712,1
2024-05-23,-0.002320185614849146,0.021875260665767282,0.024251714760338938,0.016649478641692174,0.014022254231465863,0.019418042762633363,-0.028440173708564,0.0036841075338832864,0.0,0.008411207500682612,70.34884081975194,1
2024-05-24,0.003575053958360108,0.024383281748820318,0.020734102256116493,0.005334554748570312,0.014077342160578911,0.013528348112766469,0.016649478641692174,-0.028440173708564,0.0036841075338832864,0.008571840413841575,70.17543155180185,1
2024-05-28,0.015056780650987367,0.03474742471249459,0.019398564136362095,0.013555691582401483,0.014628301926858385,0.013731656022790185,0.005334554748570312,0.016649478641692174,-0.028440173708564,0.0,65.00857947187302,0
2024-05-29,-0.004740457689924038,0.008868500162802828,0.013673777817934107,-0.022851598898378428,0.016060393336234026,0.014884679162527495,0.013555691582401483,0.005334554748570312,0.016649478641692174,0.0036841075338832864,53.81097348228633,1
2024-05-30,0.009049372859470273,0.02576740452584958,0.016568100745162795,0.020338159712726976,0.0160835455492448,0.015294061879412213,-0.022851598898378428,0.013555691582401483,0.005334554748570312,-0.028440173708564,57.443820044121885,1
2024-05-31,0.011075879484864881,0.028578107650049756,0.017310499162636717,0.006612711079378493,0.01602034677259723,0.015307273717206749,0.020338159712726976,-0.022851598898378428,0.013555691582401483,0.016649478641692174,58.32187000862636,0
2024-06-03,0.004582937434657097,0.020496035121253975,0.01584050165856188,-0.003643005200753966,0.015958410083359072,0.014953578587075534,0.006612711079378493,0.020338159712726976,-0.022851598898378428,0.005334554748570312,56.3611375745092,0
2024-06-04,-0.010948563771560504,-0.0019960058633895494,0.009051660591394395,-0.01934651302394483,0.017231712219189878,0.015844427066902866,-0.003643005200753966,0.006612711079378493,0.020338159712726976,0.013555691582401483,47.11286651610802,0
2024-06-05,-0.020407245751444925,-0.013431093505979375,0.007121482080394648,-0.010990435130186708,0.017430107594848292,0.013698223305238549,-0.01934651302394483,-0.003643005200753966,0.006612711079378493,-0.022851598898378428,49.381001714355826,1
2024-06-06,-0.002077576445512652,0.00176111121323963,0.003846679429328148,0.01632498987875696,0.015618749017252142,0.014100229655504537,-0.010990435130186708,-0.01934651302394483,-0.003643005200753966,0.020338159712726976,51.642573450623345,1
2024-06-07,0.005554284048637559,0.0059267540604976965,0.00037041263487092024,0.005076181269268475,0.0148382456097622,0.0140514556786717,0.01632498987875696,-0.010990435130186708,-0.01934651302394483,0.006612711079378493,50.670240409475,0
2024-06-10,-0.0019055473287132862,-0.005833059070473601,-0.003935010089725188,-0.011574203281136678,0.015252258177597707,0.014310868592895503,0.005076181269268475,0.01632498987875696,-0.010990435130186708,-0.003643005200753966,47.487440268431655,0
2024-06-11,-0.022993855023089815,-0.030987072385493142,-0.008181337859028748,-0.026901088463571185,0.016388821689290154,0.015515730772945085,-0.011574203281136678,0.005076181269268475,0.01632498987875696,-0.01934651302394483,40.49217911002084,0
2024-06-12,-0.021015113316014244,-0.03069993109626623,-0.009892714292103588,-0.0016756729403401619,0.015099572816595214,0.015183389405021938,-0.026901088463571185,-0.011574203281136678,0.005076181269268475,-0.010990435130186708,46.46983699165173,0
2024-06-13,-0.02763297429398104,-0.04542548547409053,-0.018298143303646763,-0.017156410323736257,0.01332823950444221,0.015076560062597884,-0.0016756729403401619,-0.026901088463571185,-0.011574203281136678,0.01632498987875696,37.355590116859844,0
2024-06-14,-0.02851920749343706,-0.05725319448439936,-0.029577514257203563,-0.015473691735512503,0.012763695999007672,0.015162457260456945,-0.017156410323736257,-0.0016756729403401619,-0.026901088463571185,0.005076181269268475,32.72285820109673,1
2024-06-17,-0.005146648255362263,-0.04106706278366701,-0.036106240648747345,0.01425432805587147,0.014642529685589722,0.015443231295817268,-0.015473691735512503,-0.017156410323736257,-0.0016756729403401619,-0.011574203281136678,32.64058223624325,1
2024-06-18,0.003165342397943416,-0.033487765058797025,-0.03653745390478269,0.0053541433325048305,0.01436149870683661,0.015540626474531548,0.01425432805587147,-0.015473691735512503,-0.017156410323736257,-0.026901088463571185,39.00136320018444,1
2024-06-19,0.008538668094939972,-0.027728786055533083,-0.03596040022836189,0.003392283133952709,0.014334541898907463,0.015534607487909078,0.0053541433325048305,0.01425432805587147,-0.015473691735512503,-0.0016756729403401619,32.233877159221166,1
2024-06-20,0.012261004658336905,-0.020595482894148476,-0.03245851356644447,0.006509998173802998,0.013164957659895112,0.01439375497555668,0.003392283133952709,0.0053541433325048305,0.01425432805587147,-0.017156410323736257,32.03008802366874,0
2024-06-21,-0.006064987367706887,-0.033350208059702346,-0.027451714996672094,-0.015500416309409014,0.01322799885917464,0.014134104227268001,0.006509998173802998,0.003392283133952709,0.0053541433325048305,-0.015473691735512503,29.873790800129555,1
2024-06-24,0.004452408713887079,-0.018618103668099684,-0.022968248352877696,0.013094255414843542,0.014303924516133354,0.014460840869942681,-0.015500416309409014,0.006509998173802998,0.003392283133952709,0.01425432805587147,39.09224750955629,0
2024-06-25,-0.002467854022843885,-0.022244378489720162,-0.019825450785351584,-0.00676825965702051,0.01183377016662821,0.014015191063846369,0.013094255414843542,-0.015500416309409014,0.006509998173802998,0.0053541433325048305,40.21084697278605,0
2024-06-26,-0.0030994059292157594,-0.02174168064694093,-0.018700234334900423,-0.0014562516795308808,0.011833399344154892,0.013217756439476253,-0.00676825965702051,0.013094255414843542,-0.015500416309409014,0.003392283133952709,32.83335367838535,1
2024-06-27,0.014117865605060897,-0.001119123201644201,-0.015024869715330347,0.018768567481095753,0.011962507222941017,0.013082256765119588,-0.0014562516795308808,-0.00676825965702051,0.013094255414843542,0.006509998173802998,38.56706891578824,0
2024-06-28,0.006068168515409811,-0.002530701837853755,-0.008547005682480013,-0.004060706002199406,0.010547913394139009,0.012926843878796834,0.018768567481095753,-0.0014562516795308808,-0.00676825965702051,-0.015500416309409014,40.60994020904798,1
2024-07-01,0.0212195182169419,0.019461570280218554,-0.0017214202288189373,0.020375038632512246,0.011394052540139997,0.013902547939055421,-0.004060706002199406,0.018768567481095753,-0.0014562516795308808,0.013094255414843542,56.97477965795692,0
2024-07-02,0.005055084235952689,0.008771410874677477,0.003697634783420778,-0.011558081095663501,0.01237853106748776,0.013475553969665294,0.020375038632512246,-0.004060706002199406,0.018768567481095753,-0.00676825965702051,53.21821607697139,1
2024-07-03,0.028281862053036066,0.04281938965047649,0.014137687470646476,0.034510274709126626,0.016054750099115667,0.015402867704193884,-0.011558081095663501,0.020375038632512246,-0.004060706002199406,-0.0014562516795308808,68.20729225169401,1
2024-07-04,0.0431487795302834,0.07035940294992238,0.026085083886012495,0.02802448803622967,0.017589489556411708,0.016205694360728905,0.034510274709126626,-0.011558081095663501,0.020375038632512246,0.018768567481095753,78.83871755292333,0
2024-07-05,0.014489434460707384,0.051402164458514976,0.036385524327742225,-0.017082919239338704,0.017825379447988763,0.016723576498763517,0.02802448803622967,0.034510274709126626,-0.011558081095663501,-0.004060706002199406,69.7351898381491,1
2024-07-08,0.013140492836674955,0.05671423208804627,0.04300858524504325,0.006778155093690188,0.01771213075816753,0.016513719237366123,-0.017082919239338704,0.02802448803622967,0.034510274709126626,0.020375038632512246,70.03745546662745,0
2024-07-09,-0.01642692381290889,0.029605616973962023,0.04680134288071436,-0.02415797982102132,0.019905055815645004,0.016273564389995228,0.006778155093690188,-0.017082919239338704,0.02802448803622967,-0.011558081095663501,61.25420043790836,1
2024-07-10,-0.004985270721895141,0.04022554349703222,0.04543733161792329,0.012835395247133586,0.01990193875964464,0.016432752604214264,-0.02415797982102132,0.006778155093690188,-0.017082919239338704,0.034510274709126626,62.47288338116185,1
2024-07-11,0.01044032237810466,0.05033444904727036,0.03948192266840045,0.013796455352866987,0.01961991114521282,0.015930592229699395,0.012835395247133586,-0.02415797982102132,0.006778155093690188,0.02802448803622967,69.31446712138623,0
2024-07-12,0.008020641211261781,0.04458686872559725,0.036275276536397616,-0.0006741227274493025,0.01945654161201932,0.015305903839673946,0.013796455352866987,0.012835395247133586,-0.02415797982102132,-0.017082919239338704,67.16588192938494,1
2024-07-15,0.019555590079601393,0.05491886286582148,0.03468498739088788,0.014725848763892447,0.01908034702788519,0.015321552927818791,-0.0006741227274493025,0.013796455352866987,0.012835395247133586,0.006778155093690188,71.63355207623869,1
2024-07-16,0.017043945694274587,0.05712228924135143,0.03940669792760776,0.0070625148202652045,0.01808972588017599,0.015329299196296211,0.014725848763892447,-0.0006741227274493025,0.013796455352866987,-0.02415797982102132,73.0686513991579,1
2024-07-17,0.021836363116815027,0.06674679662269134,0.04395070984642779,0.014627444834095499,0.0157413459424596,0.015475122564473774,0.0070625148202652045,0.014725848763892447,-0.0006741227274493025,0.012835395247133586,72.7469942195575,0
2024-07-18,0.007181587320112204,0.052038174257361014,0.04453674243251626,-0.00914437389120234,0.014165745482639495,0.015813149568555375,0.014627444834095499,0.0070625148202652045,0.014725848763892447,0.013796455352866987,70.82452915524408,1
2024-07-19,0.0019280193022044312,0.04653687786169525,0.044523017322700253,0.00021864535010582278,0.012558152234533153,0.015131741689322404,-0.00914437389120234,0.014627444834095499,0.0070625148202652045,-0.0006741227274493025,67.94424605460205,1
2024-07-22,0.007067156391050711,0.051002198805061516,0.04362672552191804,0.009575751981952398,0.012667337426136372,0.015059028500234429,0.00021864535010582278,-0.00914437389120234,0.014627444834095499,0.014725848763892447,73.48130549579993,0
2024-07-23,0.00278430082636838,0.043623928845827775,0.040726233932665945,-0.0015173129556082224,0.008403694146108906,0.01488191911266267,0.009575751981952398,0.00021864535010582278,-0.00914437389120234,0.0070625148202652045,67.27272106445224,0
2024-07-24,-0.00435922451401749,0.02886355882518621,0.03336824300208807,-0.00915241137777136,0.00929007276995543,0.015170206986033321,-0.0015173129556082224,0.009575751981952398,0.00021864535010582278,0.014627444834095499,56.39808004566556,0
2024-07-25,-0.005932145496781449,0.02243155628750282,0.028532963475072837,-0.002191541588845242,0.008768708750160852,0.014905010788350579,-0.00915241137777136,-0.0015173129556082224,0.009575751981952398,-0.00914437389120234,62.96293704825819,1
2024-07-26,0.006918743112928505,0.03292040574259292,0.025822999926766066,0.015240878913017387,0.009566237450989947,0.014970163556311018,-0.002191541588845242,-0.00915241137777136,-0.0015173129556082224,0.00021864535010582278,65.40359845733006,1
2024-07-29,0.011121263750973887,0.034432950043479904,0.023055282415905598,0.005817127774072551,0.008837732275566645,0.01453675247470877,0.015240878913017387,-0.002191541588845242,-0.00915241137777136,0.009575751981952398,80.30300227956863,1
2024-07-30,0.013642295994580333,0.03485249974441906,0.020924742222824477,0.005569864627816995,0.008774883419590693,0.014044143521632458,0.005817127774072551,0.015240878913017387,-0.002191541588845242,-0.0015173129556082224,79.11643731524028,0
2024-07-31,0.007845522381403569,0.030182869644374,0.022163463315479248,-0.0010687186941692058,0.00779391771070845,0.012284993698711846,0.005569864627816995,0.005817127774072551,0.015240878913017387,-0.00915241137777136,75.33933511789664,0
2024-08-01,-0.03498140499400104,-0.017531514819355776,0.018082439307334663,-0.04774284908130568,0.0173093552451994,0.01555874074613098,-0.0010687186941692058,0.005569864627816995,0.005817127774072551,-0.002191541588845242,50.68492641645369,0
2024-08-02,-0.07690267977799836,-0.0760256917808223,0.0009500493371221719,-0.06391057738547355,0.0259185102539598,0.020840426821592005,-0.04774284908130568,-0.0010687186941692058,0.005569864627816995,0.015240878913017387,30.795857494545857,0
2024-08-05,-0.06785409168073109,-0.08563828192121414,-0.01907876232868877,-0.013966078841175086,0.025106493953589562,0.020861882852291284,-0.06391057738547355,-0.04774284908130568,-0.0010687186941692058,0.005817127774072551,26.31578407775592,1
2024-08-06,-0.03628958740768218,-0.07501611795817797,-0.04018482112933064,0.00965258474017985,0.02582781107726143,0.020483548345729824,-0.013966078841175086,-0.06391057738547355,-0.04774284908130568,0.005569864627816995,24.018486737545388,1
2024-08-07,0.01187391620033762,-0.0448975948254392,-0.05610532114411859,0.030975419341314953,0.02893476048965734,0.021549479050208646,0.00965258474017985,-0.013966078841175086,-0.06391057738547355,-0.0010687186941692058,35.49738507662623,0
2024-08-08,0.016868614872891374,-0.0464095511350604,-0.06222845811389477,-0.0034985458425132814,0.02891777785854762,0.02126515720766919,0.030975419341314953,0.00965258474017985,-0.013966078841175086,-0.04774284908130568,34.88134058028061,1
2024-08-09,0.02812323937739425,-0.02656051182799113,-0.05318793419989276,0.019665179697860066,0.029314962782379755,0.02180976310780737,-0.0034985458425132814,0.030975419341314953,0.00965258474017985,-0.06391057738547355,37.524753971059695,1
2024-08-12,0.023435345851670508,-0.017070610351801463,-0.0395784221911587,0.008440821543351958,0.029442456455732628,0.021616381889415077,0.019665179697860066,-0.0034985458425132814,0.030975419341314953,-0.013966078841175086,40.00001173752312,0
2024-08-13,0.009113079431916526,-0.019092462786923448,-0.027950824138280206,-0.0038693850107710294,0.02919525162270793,0.021532717909852717,0.008440821543351958,0.019665179697860066,-0.0034985458425132814,0.00965258474017985,40.985233109056786,1
2024-08-14,0.013538252968610331,-0.006556431029350107,-0.019826270926730283,0.010661351163776292,0.029670924650198622,0.02139113000844697,-0.0038693850107710294,0.008440821543351958,0.019665179697860066,0.030975419341314953,44.0114226171067,1
2024-08-15,0.028727573460671563,0.021208861589311345,-0.0073087492406439525,0.027374553723998975,0.027150071877062084,0.02229002706329351,0.010661351163776292,-0.0038693850107710294,0.008440821543351958,-0.0034985458425132814,46.69683992724389,1
2024-08-16,0.02193375081944282,0.02375535205006729,0.0017825042270733782,0.0024120307629961982,0.01425950625454592,0.02229751868650712,0.027374553723998975,0.010661351163776292,-0.0038693850107710294,0.019665179697860066,45.91368714089669,1
2024-08-19,0.016964198143187392,0.027320443931437177,0.01018349102865046,0.0030614366511757295,0.01209298544718767,0.02219644958028483,0.0024120307629961982,0.027374553723998975,0.010661351163776292,0.008440821543351958,45.31104823730595,0
2024-08-20,-0.0023396540271515276,0.01488649956153032,0.01726655134507138,-0.013187004281953801,0.01423526568023973,0.022379926661144477,0.0030614366511757295,0.0024120307629961982,0.027374553723998975,-0.0038693850107710294,43.109540540780976,0
2024-08-21,-0.010256165634120462,0.010527760371819683,0.0209992982873759,-0.005101458910737326,0.012256965351059983,0.022320377485081273,-0.013187004281953801,0.0030614366511757295,0.0024120307629961982,0.010661351163776292,52.0811226819508,1
2024-08-22,-0.0057783366871347885,0.013568933852750709,0.019459715326880067,0.0024430341655307,0.01196143507472724,0.022329043382015124,-0.005101458910737326,-0.013187004281953801,0.0030614366511757295,0.027374553723998975,74.25592980958314,1
2024-08-23,0.01457249963673557,0.03649896019795995,0.02161152659772969,0.02215733139683512,0.012317203452369061,0.022637925265677525,0.0024430341655307,-0.005101458910737326,-0.013187004281953801,0.0024120307629961982,83.91608391608392,0
2024-08-27,0.012402138200741764,0.035968617053940166,0.023277784552175218,-0.0010854228931166299,0.012427160673773387,0.022593845022569208,0.02215733139683512,0.0024430341655307,-0.005101458910737326,0.0030614366511757295,82.3529411764706,0
2024-08-28,-0.01348256827205574,0.009923292271016848,0.023725744513278135,-0.027748986686096138,0.015993742376424393,0.023335002974893958,-0.0010854228931166299,0.02215733139683512,0.0024430341655307,-0.013187004281953801,63.55554651331024,1
2024-08-29,-0.005061592922232072,0.021406396167219732,0.026602640827979362,0.009556730896278858,0.01593172704012818,0.023483002904390236,-0.027748986686096138,-0.0010854228931166299,0.02215733139683512,-0.005101458910737326,67.14082491206125,1
2024-08-30,0.0026338760152773144,0.030744035184675944,0.02803631499178505,0.010342223817951404,0.013665418254631547,0.020941358065128573,0.009556730896278858,-0.027748986686096138,-0.0010854228931166299,0.0024430341655307,65.26314871651792,0
2024-09-02,4.4014963260119444e-05,0.02094473693028731,0.020899802063007122,-0.005487885723498285,0.013756832047708997,0.014445463348801597,0.010342223817951404,0.009556730896278858,-0.027748986686096138,0.02215733139683512,60.79630797990428,0
2024-09-03,-0.01178500968325713,-0.001264915063649119,0.01064555255960653,-0.018214590079214953,0.014753142882763129,0.014753681165132442,-0.005487885723498285,0.010342223817951404,0.009556730896278858,-0.0010854228931166299,55.292486508289684,1
2024-09-04,-0.008729566343277484,-0.001818336053621361,0.00697209364367013,0.0029098795976755807,0.01434615619698767,0.014692884799306355,-0.018214590079214953,-0.005487885723498285,0.010342223817951404,-0.027748986686096138,53.070165067243614,1
2024-09-05,0.010523079551137737,0.016692815564643082,0.0061054874830228645,0.021449163276551324,0.015882121243708455,0.013890916851986434,0.0029098795976755807,-0.018214590079214953,-0.005487885723498285,0.009556730896278858,51.21581089849282,0
2024-09-06,-0.016958935709450174,-0.019054783895197547,-0.002132004716669633,-0.034271252451435016,0.01950435479533114,0.016177922937163077,0.021449163276551324,0.0029098795976755807,-0.018214590079214953,0.010342223817951404,40.69912352388734,1
2024-09-09,-0.00013391880913027343,-0.006332413532606496,-0.00619932492968811,0.01416228617602934,0.018542447873729564,0.015898450711807746,-0.034271252451435016,0.021449163276551324,0.0029098795976755807,-0.005487885723498285,44.117642834934266,0
2024-09-10,-0.027204182283647294,-0.037989868298172635,-0.01108730713896866,-0.033132157395596065,0.020833509720491007,0.017547890351454133,0.01416228617602934,-0.034271252451435016,0.021449163276551324,-0.018214590079214953,40.0640934725275,0
2024-09-11,-0.02669082154949376,-0.044000868775152635,-0.017784736452620464,-0.007178463543488085,0.019419806042435518,0.01759410748342482,-0.033132157395596065,0.01416228617602934,-0.034271252451435016,0.0029098795976755807,39.72455935380304,1
2024-09-12,-0.002099856229135,-0.028023224745108877,-0.0259779184097666,0.015908172747413546,0.02000695277096124,0.017814000067262005,-0.007178463543488085,-0.033132157395596065,0.01416228617602934,0.021449163276551324,43.21358586372343,1
2024-09-13,0.00926431062660904,-0.01524009040261376,-0.024279468491270717,0.011597573051980885,0.02010611283197352,0.016828266634430277,0.015908172747413546,-0.007178463543488085,-0.033132157395596065,-0.034271252451435016,40.23108735241691,0
2024-09-16,0.011349084073931426,-0.014305939574568938,-0.025367129957893808,-0.0006784751975973136,0.020103510057755104,0.016804913306199685,0.011597573051980885,0.015908172747413546,-0.007178463543488085,0.01416228617602934,40.31578957512773,1
2024-09-17,0.021891185609164143,0.004430660012935794,-0.017086482242059775,0.01793770068666725,0.020262476765129486,0.01734383759198767,-0.0006784751975973136,0.011597573051980885,0.015908172747413546,-0.033132157395596065,51.21682140390366,0
2024-09-18,0.007437457741717335,-0.0017084807151501735,-0.009078418105843755,-0.006688988150796652,0.020382136916483128,0.017161079221334776,0.01793770068666725,-0.0006784751975973136,0.011597573051980885,-0.007178463543488085,47.13804194850918,1
2024-09-19,0.017839561751963995,0.016192550311374454,-0.0016181444527020306,0.018397920916204763,0.020043906242683186,0.017631517032672735,-0.006688988150796652,0.01793770068666725,-0.0006784751975973136,0.015908172747413546,49.19093808516747,0
2024-09-20,0.008764130400398251,0.011870236911920573,0.0030791206962221818,-0.003961245974582326,0.016292620720363356,0.017654782539300015,0.018397920916204763,-0.006688988150796652,0.01793770068666725,0.011597573051980885,49.56522373711872,0
2024-09-23,-0.008969013573953855,-0.0023577865112903718,0.006671059889363784,-0.01577987216084024,0.01668567945264588,0.01721517888953721,-0.003961245974582326,0.018397920916204763,-0.006688988150796652,-0.0006784751975973136,50.165009853589424,1
2024-09-24,0.003991117341118011,0.012805437306504963,0.008779280825441882,0.014235102535630718,0.012561555532765908,0.017576273617703593,-0.01577987216084024,-0.003961245974582326,0.018397920916204763,0.01793770068666725,52.81249771515458,0
2024-09-25,-0.009936122365310496,-0.0013534599403831615,0.008668796649193622,-0.014235102535630685,0.013449756376341966,0.016726243485509072,0.014235102535630718,-0.01577987216084024,-0.003961245974582326,-0.006688988150796652,44.22868509003186,1
2024-09-26,0.007677990843561577,0.01564511444306871,0.00790641819301574,0.01710205415046082,0.013575142159975183,0.017039030131769294,-0.014235102535630685,0.014235102535630718,-0.01577987216084024,0.018397920916204763,57.294116675564645,1
2024-09-27,0.015189096886311093,0.025291268119274735,0.009951024162836442,0.009642840151707752,0.01346388680168894,0.017017868992110843,0.01710205415046082,-0.014235102535630685,0.014235102535630718,-0.003961245974582326,56.317691386769084,0
2024-09-30,-0.006811430589800493,0.004855362875944236,0.011746806019598877,-0.020714698012278127,0.015506729476743529,0.017615176937417543,0.009642840151707752,0.01710205415046082,-0.014235102535630685,-0.01577987216084024,60.07703439516793,0
2024-10-01,-0.02246942403451757,-0.016110803528836426,0.006504779146576434,-0.02183544762429983,0.015943392745691055,0.01782338244909322,-0.020714698012278127,0.009642840151707752,0.01710205415046082,0.014235102535630718,55.38462094084458,1
2024-10-02,-0.017622141654061174,-0.013098195602067153,0.004605097736639863,0.0022732449295558193,0.015926379936014,0.0178170569292663,-0.02183544762429983,-0.020714698012278127,0.009642840151707752,-0.014235102535630685,52.035613184379514,0
2024-10-03,-0.014644420726372176,-0.014876744601785341,-0.00023577668843599575,-0.0038675549918652696,0.01431201845011324,0.017036221219634263,0.0022732449295558193,-0.02183544762429983,-0.020714698012278127,0.01710205415046082,47.60639765728731,1
2024-10-04,0.01909823601635874,0.014881190871721461,-0.004138016332087435,0.030971927142348612,0.018026305930318263,0.016787201001122288,-0.0038675549918652696,0.0022732449295558193,-0.02183544762429983,0.009642840151707752,55.918830766690036,1
2024-10-07,0.02968208381572235,0.02882868673416028,-0.0008287966693559801,0.014915801614298327,0.01769286065159266,0.01681862122287404,0.030971927142348612,-0.0038675549918652696,0.0022732449295558193,-0.020714698012278127,55.31428244578854,0
2024-10-08,0.01632706730525757,0.020766069860931102,0.004367690971217808,-0.005239029543590521,0.01736912149456718,0.014860363947264005,0.014915801614298327,0.030971927142348612,-0.0038675549918652696,-0.02183544762429983,55.69620342071057,1
2024-10-09,0.016661505523194897,0.027039642470455538,0.010208055376228486,0.009584028890846176,0.016682380920599992,0.014749737498763606,-0.005239029543590521,0.014915801614298327,0.030971927142348612,0.0022732449295558193,53.61446048926698,1
2024-10-10,0.008375859201373625,0.026398152494356175,0.017872594954083887,0.002165440487645229,0.015960710084020596,0.01445741301992458,0.009584028890846176,-0.005239029543590521,0.014915801614298327,-0.0038675549918652696,55.352793807972304,1
2024-10-11,0.020333156899525306,0.04386123544764464,0.02305921197309102,0.020129211579838293,0.016853515330754364,0.014851430366898961,0.002165440487645229,0.009584028890846176,-0.005239029543590521,0.030971927142348612,64.97043044246885,0
2024-10-14,0.004745457129957664,0.028097184197194203,0.023241435829867152,-0.012586884925371385,0.01575138587859773,0.015249244899512128,0.020129211579838293,0.002165440487645229,0.009584028890846176,0.014915801614298327,57.73809523809523,1
2024-10-15,0.00485147214363657,0.031114068506473025,0.026135799260771142,0.004925630101291794,0.012967487581455838,0.014833334875196951,-0.012586884925371385,0.020129211579838293,0.002165440487645229,-0.005239029543590521,63.57947783255747,1
2024-10-16,0.012169099281630347,0.041222869047327526,0.028704462313972723,0.012736321437033092,0.013026028144516694,0.014872316802277127,0.004925630101291794,-0.012586884925371385,0.020129211579838293,0.009584028890846176,62.78772178900103,1
2024-10-17,0.034220868300613105,0.07247172530436607,0.03698519163184666,0.03339521321418461,0.014678080184984116,0.01602591252388985,0.012736321437033092,0.004925630101291794,-0.012586884925371385,0.002165440487645229,67.63070277991636,0
2024-10-18,0.016703734246470647,0.056418646196711775,0.03906242360728207,-0.011696064665335392,0.014459543930121154,0.0163111355174682,0.03339521321418461,0.012736321437033092,0.004925630101291794,0.020129211579838293,70.53362897370005,0
2024-10-21,0.0004590116736484795,0.041757194037707945,0.041279234713446744,-0.010373537007328057,0.015086720381453974,0.016020392137246757,-0.011696064665335392,0.03339521321418461,0.012736321437033092,-0.012586884925371385,74.60122152645502,1
2024-10-22,0.0038545849995181847,0.04880265633891634,0.04477548044413204,0.010167104755288071,0.014787580594066941,0.015903340499262106,-0.010373537007328057,-0.011696064665335392,0.03339521321418461,0.004925630101291794,75.76111675721884,0
2024-10-23,-0.013830823229142752,0.027937518852230614,0.042354134630470774,-0.016863116900837437,0.016329139728302577,0.016066504061154594,0.010167104755288071,-0.010373537007328057,-0.011696064665335392,0.012736321437033092,70.47927864196197,1
2024-10-24,0.02466128677530177,0.0658388188000738,0.04018648167567784,0.040729649432054274,0.02016172652969571,0.017903022171794247,-0.016863116900837437,0.010167104755288071,-0.010373537007328057,0.03339521321418461,72.29037358415566,0
2024-10-25,-0.002108237225647569,0.03456401672983489,0.03674973110663404,-0.027175067670447594,0.02220004496458985,0.0191850536425068,0.040729649432054274,-0.016863116900837437,0.010167104755288071,-0.011696064665335392,61.26556819106154,1
2024-10-28,-0.0021459026127301772,0.03246193489257965,0.034682262262514474,0.0016556674220873666,0.021585361011143247,0.018391008692680334,-0.027175067670447594,0.040729649432054274,-0.016863116900837437,-0.010373537007328057,62.99901523737422,0
2024-10-29,-0.011753005897467639,0.015511226423604585,0.027588479887896922,-0.012484556503690021,0.022174118589234425,0.01781757251425697,0.0016556674220873666,-0.027175067670447594,0.040729649432054274,0.010167104755288071,57.81399634316226,1
2024-10-30,-0.0013612000373165456,0.024772775415119686,0.02616959750954284,0.013724494856731344,0.022229368071821565,0.017937065315089634,-0.012484556503690021,0.0016556674220873666,-0.027175067670447594,-0.016863116900837437,59.963601102741094,0
2024-10-31,-0.011734359214293222,0.0014547467202024045,0.013345709281170404,-0.01918326568003771,0.020125383757740516,0.018637193288682248,0.013724494856731344,-0.012484556503690021,0.0016556674220873666,0.040729649432054274,51.50409469172836,1
2024-11-01,0.0018321220631944968,0.011466252962629486,0.009616512275124833,0.012968205433777467,0.02047003743521843,0.017674527628726573,-0.01918326568003771,0.013724494856731344,-0.012484556503690021,-0.027175067670447594,57.00000332918663,1
2024-11-04,0.012473999626505528,0.020686185501878507,0.008111009150262083,0.011981113614171151,0.020514823607799982,0.017582993986678574,0.012968205433777467,-0.01918326568003771,0.013724494856731344,0.0016556674220873666,58.32598178465043,1
2024-11-05,0.013155686992065485,0.023027492648882708,0.009743621620607268,0.00573299651299623,0.020355224997002912,0.01748566273845874,0.011981113614171151,0.012968205433777467,-0.01918326568003771,-0.012484556503690021,57.11694034246624,1
2024-11-06,0.05397458532264099,0.07221844721036041,0.017309584255425614,0.05269084864672583,0.0249064590916868,0.020648752726819833,0.00573299651299623,0.011981113614171151,0.012968205433777467,0.013724494856731344,60.81191373163769,0
2024-11-07,0.022763924671698632,0.04941144684424481,0.026054421288959517,-0.016797222245175533,0.023101438033125126,0.021243106016281755,0.05269084864672583,0.00573299651299623,0.011981113614171151,-0.01918326568003771,59.3851154260386,0
2024-11-08,0.004473205632093524,0.03634415561122828,0.031729019550182036,-0.009300575897397235,0.021177890001440196,0.021135926142259513,-0.016797222245175533,0.05269084864672583,0.00573299651299623,0.012968205433777467,59.52959882147251,1
2024-11-11,0.026949278608741745,0.06794224372591295,0.0399172247072479,0.035735498257802,0.023369727616686268,0.021979903547384865,-0.009300575897397235,-0.016797222245175533,0.05269084864672583,0.011981113614171151,63.496701669223974,0
2024-11-12,0.004564433450142236,0.04999184407023316,0.04522100236425053,-0.01215876769380505,0.023338968733997045,0.022337724687538432,0.035735498257802,-0.009300575897397235,-0.016797222245175533,0.00573299651299623,64.34396041628776,1
2024-11-13,0.00927985679215726,0.0508261510284127,0.041164295469350076,0.005229046823472712,0.023243233371999288,0.022259828337317503,-0.01215876769380505,0.035735498257802,-0.009300575897397235,0.05269084864672583,59.168082659619486,0
2024-11-14,-0.0016340950711725144,0.039266137933038125,0.04096717726666199,-0.008730290959618497,0.02216019590583259,0.02134597133471634,0.005229046823472712,-0.01215876769380505,0.035735498257802,-0.016797222245175533,63.9449653275516,1
2024-11-15,0.0029390295639197817,0.04677916316036623,0.04371166372447188,0.010660048363658659,0.022111599888628167,0.021159420767185536,-0.008730290959618497,0.005229046823472712,-0.01215876769380505,-0.009300575897397235,65.43536137032271,1
2024-11-18,0.008583695544950531,0.04836929101422682,0.039446994478509634,0.005767028535662551,0.02205906222154972,0.02091238754163864,0.010660048363658659,-0.008730290959618497,0.005229046823472712,0.035735498257802,69.91870523846585,0
2024-11-19,-0.009485094626819901,0.02546119578456274,0.035280933403234904,-0.01935419376002986,0.02357857827006507,0.021503829855578215,0.005767028535662551,0.010660048363658659,-0.008730290959618497,-0.01215876769380505,62.05083518150607,1
2024-11-20,0.0024388543858384626,0.03357784699439925,0.03106323390431487,0.01204368090345836,0.016874183571917136,0.021084161925402023,-0.01935419376002986,0.005767028535662551,0.010660048363658659,0.005229046823472712,69.30694592316928,1
2024-11-21,0.012021689033916205,0.04530029543208869,0.03288329366729359,0.014187284151366593,0.016215891579739596,0.019433688016389086,0.01204368090345836,-0.01935419376002986,0.005767028535662551,-0.008730290959618497,69.63490843633588,0
2024-11-22,-0.007333052303075904,0.020402128103361727,0.027940066374513295,-0.020968284337056733,0.017593165199659862,0.01897291280674701,0.014187284151366593,0.01204368090345836,-0.01935419376002986,0.010660048363658659,61.66952606733627,1
2024-11-25,0.015366210344690101,0.0414773514229978,0.02571598386107765,0.024768403001705415,0.015489251520620329,0.019570315522078614,-0.020968284337056733,0.014187284151366593,0.01204368090345836,0.005767028535662551,64.70589643257544,0
2024-11-26,0.001035780724110813,0.026321777678748104,0.025259833306204404,-0.01029357795779239,0.015321580302144732,0.019477175356474682,0.024768403001705415,-0.020968284337056733,0.014187284151366593,-0.01935419376002986,52.63160008145681,0
2024-11-27,-0.006636460961242374,0.015092156445377647,0.021873781906315948,-0.007693824858222719,0.015500207273202643,0.019528290659821774,-0.01029357795779239,0.024768403001705415,-0.020968284337056733,0.01204368090345836,55.00983578643425,1
2024-11-28,0.01504766500396082,0.03360886865938584,0.018286041429741662,0.023472096308031286,0.016769158187338096,0.019263673520167272,-0.007693824858222719,-0.01029357795779239,0.024768403001705415,0.014187284151366593,62.43146785300436,0
2024-11-29,0.004990610458982747,0.023909273766458128,0.0188247164805202,-0.004915942309023414,0.01672865419261901,0.01931363123885064,0.023472096308031286,-0.007693824858222719,-0.01029357795779239,-0.020968284337056733,53.36179038405294,0
2024-12-02,0.001982240731232432,0.016405182803574503,0.014394408888740662,-0.0036076435234183545,0.016738168311184208,0.019314749061484945,-0.004915942309023414,0.023472096308031286,-0.007693824858222719,0.024768403001705415,55.991057276761694,1
2024-12-03,0.005854186953423657,0.019289858843484442,0.013357474735732344,0.006635724261823295,0.015215835157375467,0.01932050054320447,-0.0036076435234183545,-0.004915942309023414,0.023472096308031286,-0.01029357795779239,56.381808377749294,0
2024-12-04,-0.006029793785010562,0.008891805307956968,0.01501211907526745,-0.00949314113147411,0.01537396230009169,0.015717771118704458,0.006635724261823295,-0.0036076435234183545,-0.004915942309023414,-0.007693824858222719,56.07064999178111,1
2024-12-05,0.012756412405343642,0.027161856832016662,0.014223997251678,0.020580285515745523,0.016089854806786853,0.01574251164295785,-0.00949314113147411,0.006635724261823295,-0.0036076435234183545,0.023472096308031286,58.54166388511126,0
2024-12-06,0.001588580889670288,0.014015414403558246,0.01240712379413278,-0.010331641168287515,0.014705966847328701,0.015785261779451346,0.020580285515745523,-0.00949314113147411,0.006635724261823295,-0.004915942309023414,54.01014114948311,1
2024-12-09,0.00840491752156236,0.023194392057631186,0.014666206281915173,0.010331641168287478,0.012922409446684826,0.013884249110877279,-0.010331641168287515,0.020580285515745523,-0.00949314113147411,-0.0036076435234183545,62.44681327686058,0
2024-12-10,-0.00392091745294143,0.009090250689336665,0.013062384674324523,-0.012599980840103211,0.013173800796350072,0.013907101640322767,0.010331641168287478,-0.010331641168287515,0.020580285515745523,0.006635724261823295,55.55556990836307,1
2024-12-11,0.0018786399078201121,0.016932961077309017,0.015026092552361536,0.009230475865021098,0.01298464238192218,0.013995341083696404,-0.012599980840103211,0.010331641168287478,-0.010331641168287515,-0.00949314113147411,54.34783762482386,1
2024-12-12,0.014693805553906314,0.02961036720359833,0.01470055455946051,0.015074327557573491,0.011718296742493627,0.014092802838288128,0.009230475865021098,-0.012599980840103211,0.010331641168287478,0.020580285515745523,65.13455814430873,0
2024-12-13,0.0063503694302742275,0.022711065224764848,0.016257454949565098,-0.004814000394266848,0.011711566826551889,0.014056044534024507,0.015074327557573491,0.009230475865021098,-0.012599980840103211,-0.010331641168287515,57.287714977071175,1
2024-12-16,0.007642079377329969,0.024290374228666867,0.016522032170018797,0.003335166801049717,0.011540108615146694,0.014031337144324769,-0.004814000394266848,0.015074327557573491,0.009230475865021098,0.010331641168287478,62.41697832722981,0
2024-12-17,-0.014050415149166273,0.0008511786360305695,0.015113951072306842,-0.021502184913837628,0.013723412158700364,0.014208712099110036,0.003335166801049717,-0.004814000394266848,0.015074327557573491,-0.012599980840103211,56.76326152113308,1
2024-12-18,-0.005029829114065798,0.008763604519206991,0.013863162974012466,0.00940563786760476,0.013574211049481541,0.01411932534821932,-0.021502184913837628,0.003335166801049717,-0.004814000394266848,0.009230475865021098,52.582759292509,0
2024-12-19,-0.02275540403860654,-0.016477076072551444,0.006424520526387312,-0.025793153580041934,0.014370296394691381,0.015035012852997527,0.00940563786760476,-0.021502184913837628,0.003335166801049717,0.015074327557573491,45.895962077710216,0
2024-12-20,-0.015993620662893338,-0.017043571125546664,-0.0010670159103649546,0.0,0.014135432173134356,0.014239633910325589,-0.025793153580041934,0.00940563786760476,-0.021502184913837628,-0.004814000394266848,46.9267036292868,1
2024-12-23,-0.004338853049647318,-0.011561977599721662,-0.007254601198608879,0.005173935419446821,0.013734716136805259,0.013118436671202011,0.0,-0.025793153580041934,0.00940563786760476,0.003335166801049717,46.42004460377369,1
2024-12-24,0.0038470003396293695,-0.004682994375938443,-0.008497305578122782,0.007426414068984343,0.013516023961970656,0.013012342475572035,0.005173935419446821,0.0,-0.025793153580041934,-0.021502184913837628,51.75330546032893,1
2024-12-27,0.010644372072327934,-0.0007073251432692107,-0.011232138157876825,0.005109316253685166,0.013255274708520772,0.012902714826078042,0.007426414068984343,0.005173935419446821,0.0,0.00940563786760476,46.442958298617,0
2024-12-30,0.006615727377506264,-0.0012072156302823656,-0.007771528692651741,-0.0005663887556788179,0.012061627056724629,0.011783617146936444,0.005109316253685166,0.007426414068984343,0.005173935419446821,-0.025793153580041934,49.92786746637778,1
