Date,Open,High,Low,Close,Volume
2015-01-02,242.1999969482422,245.60000610351562,241.5500030517578,243.14999389648438,20219711
2015-01-05,242.3000030517578,243.14999389648438,234.1999969482422,234.6999969482422,39050852
2015-01-06,234.0500030517578,235.85000610351562,230.25,230.35000610351562,37573308
2015-01-07,232.10000610351562,233.4600067138672,230.14999389648438,230.60000610351562,37219841
2015-01-08,234.3000030517578,238.35000610351562,231.5500030517578,237.0500030517578,41082776
2015-01-09,235.39999389648438,235.39999389648438,228.3000030517578,231.0,46867721
2015-01-12,231.35000610351562,233.7729949951172,228.1999969482422,231.39999389648438,34490093
2015-01-13,230.25,234.89999389648438,229.64999389648438,233.0,25844745
2015-01-14,231.0,232.81900024414062,222.89999389648438,223.5500030517578,60864512
2015-01-15,227.5,229.25,219.54400634765625,227.9499969482422,56132853
2015-01-16,226.8000030517578,227.14300537109375,223.35000610351562,224.35000610351562,43987461
2015-01-19,224.14999389648438,230.3000030517578,223.0500030517578,230.0,55228983
2015-01-20,231.39999389648438,237.78199768066406,230.64999389648438,235.25,50977535
2015-01-21,235.25,238.0,234.25,237.89999389648438,28672971
2015-01-22,238.5,243.4290008544922,236.6999969482422,243.39999389648438,65363101
2015-01-23,244.1999969482422,246.16700744628906,241.07400512695312,243.14999389648438,43954371
2015-01-26,240.35000610351562,241.75,239.1999969482422,240.75,30093855
2015-01-27,240.89999389648438,241.5,237.6999969482422,239.4499969482422,24688504
2015-01-28,241.75,243.0,235.1999969482422,236.85000610351562,29917309
2015-01-29,234.89999389648438,237.60000610351562,233.6999969482422,236.5500030517578,27623329
2015-01-30,237.75,239.35000610351562,234.14999389648438,234.14999389648438,30434587
2015-02-02,236.5500030517578,237.9499969482422,233.25,235.85000610351562,37110013
2015-02-03,239.9499969482422,248.85000610351562,238.8000030517578,248.4499969482422,66603907
2015-02-04,248.75,250.0,245.0500030517578,248.75,45978031
2015-02-05,246.0500030517578,248.85000610351562,244.10000610351562,248.8000030517578,26413977
2015-02-06,248.0500030517578,257.6000061035156,246.9499969482422,255.4499969482422,50807751
2015-02-09,253.39999389648438,255.1199951171875,249.39999389648438,253.64999389648438,31406863
2015-02-10,253.3000030517578,254.43600463867188,248.39999389648438,253.1999969482422,52510700
2015-02-11,253.0,254.4499969482422,249.10000610351562,251.0,34724177
2015-02-12,251.60000610351562,256.70001220703125,251.0500030517578,253.35000610351562,41779731
2015-02-13,255.6999969482422,260.25,254.60000610351562,256.45001220703125,41448524
2015-02-16,254.3000030517578,259.1629943847656,254.3000030517578,258.79998779296875,18762501
2015-02-17,256.6000061035156,258.1000061035156,254.2209930419922,257.54998779296875,26978599
2015-02-18,260.29998779296875,263.7080078125,258.20001220703125,260.3500061035156,47455508
2015-02-19,259.1000061035156,262.3070068359375,257.45001220703125,260.3999938964844,36082492
2015-02-20,259.1000061035156,264.21600341796875,257.95001220703125,261.5,39275392
2015-02-23,264.0,264.25,260.3500061035156,262.8500061035156,39601203
2015-02-24,262.79998779296875,264.70001220703125,261.1000061035156,264.0,26668647
2015-02-25,262.95001220703125,269.9389953613281,262.5,262.8999938964844,25320216
2015-02-26,263.20001220703125,264.95001220703125,260.5,262.1000061035156,23202372
2015-02-27,261.0,263.70001220703125,256.0,256.8999938964844,41803803
2015-03-02,255.0,264.0,254.20899963378906,262.75,44514567
2015-03-03,257.5,263.0639953613281,253.39999389648438,254.3000030517578,66495839
2015-03-04,255.0500030517578,262.3999938964844,252.89999389648438,262.3999938964844,48202782
2015-03-05,262.20001220703125,266.0,262.010986328125,266.0,59603687
2015-03-06,266.0,268.1700134277344,264.45001220703125,265.0,36330501
2015-03-09,263.75,264.8500061035156,260.04998779296875,262.70001220703125,40265273
2015-03-10,259.3999938964844,260.95001220703125,254.3000030517578,254.3000030517578,41894665
2015-03-11,252.14999389648438,263.9809875488281,250.5,255.0,39519142
2015-03-12,255.0,257.8500061035156,252.0,254.5,35839890
2015-03-13,256.0,256.3999938964844,248.14999389648438,250.0,38870903
2015-03-16,251.60000610351562,256.718994140625,251.39999389648438,251.85000610351562,29822569
2015-03-17,252.75,254.6999969482422,238.7830047607422,250.0,35199431
2015-03-18,251.3000030517578,253.3000030517578,250.1999969482422,252.35000610351562,37933134
2015-03-19,253.1999969482422,254.72500610351562,252.10000610351562,252.8000030517578,44500418
2015-03-20,253.0500030517578,255.3000030517578,251.10000610351562,255.3000030517578,61802208
2015-03-23,255.85000610351562,257.95001220703125,246.53799438476562,257.1499938964844,27104068
2015-03-24,257.20001220703125,259.8999938964844,256.8500061035156,258.45001220703125,36456067
2015-03-25,258.45001220703125,260.0,250.6439971923828,251.89999389648438,41860488
2015-03-26,250.14999389648438,251.7779998779297,246.4499969482422,250.0,40638745
2015-03-27,250.9499969482422,253.25799560546875,243.14999389648438,244.25,45277658
2015-03-30,247.39999389648438,248.9499969482422,245.0,247.8000030517578,34875856
2015-03-31,248.5,248.5,242.0,242.60000610351562,46741243
2015-04-01,243.39999389648438,252.14999389648438,243.39999389648438,249.3000030517578,49780346
2015-04-02,250.64999389648438,255.50999450683594,249.9499969482422,254.75,38046988
2015-04-07,257.20001220703125,259.0,256.0,258.0,35822684
2015-04-08,258.0,258.1000061035156,255.6999969482422,255.9499969482422,29089328
2015-04-09,257.8999938964844,258.87298583984375,256.29998779296875,257.95001220703125,28388642
2015-04-10,259.5,259.8999938964844,255.75,257.04998779296875,44749195
2015-04-13,255.89999389648438,260.04998779296875,255.89999389648438,259.45001220703125,28900664
2015-04-14,259.95001220703125,264.1499938964844,259.8999938964844,262.1499938964844,50441866
2015-04-15,263.29998779296875,263.29998779296875,259.3399963378906,259.6499938964844,36941797
2015-04-16,261.45001220703125,262.1000061035156,257.5,260.3500061035156,34927443
2015-04-17,260.70001220703125,261.3500061035156,254.0749969482422,255.3000030517578,41661498
2015-04-20,255.5500030517578,258.7330017089844,254.0,257.25,26487252
2015-04-21,258.6499938964844,259.6499938964844,253.64999389648438,255.0,31108276
2015-04-22,255.25,256.75,252.35000610351562,253.3000030517578,34203659
2015-04-23,254.60000610351562,261.5379943847656,253.1750030517578,258.45001220703125,38191193
2015-04-24,259.0,265.25,258.6000061035156,261.75,51429607
2015-04-27,263.25,264.20001220703125,258.6499938964844,263.75,34999068
2015-04-28,264.5,265.0,258.97100830078125,261.3999938964844,34098106
2015-04-29,260.0,264.1499938964844,253.9499969482422,256.95001220703125,50518060
2015-04-30,258.1000061035156,258.20001220703125,252.8000030517578,255.3000030517578,38686597
2015-05-01,254.5,257.8800048828125,252.0,254.35000610351562,28669658
2015-05-05,255.64999389648438,257.95001220703125,250.1999969482422,250.1999969482422,22382946
2015-05-06,250.10000610351562,253.0500030517578,247.64999389648438,249.4499969482422,43993493
2015-05-07,246.85000610351562,250.10000610351562,243.0500030517578,248.89999389648438,44742242
2015-05-08,262.5,265.25,257.29998779296875,258.04998779296875,96188190
2015-05-11,258.0,263.04998779296875,256.82000732421875,260.79998779296875,45026160
2015-05-12,259.04998779296875,259.2229919433594,256.3999938964844,257.45001220703125,38611349
2015-05-13,259.25,262.0,257.80999755859375,260.25,42586838
2015-05-14,260.29998779296875,263.04998779296875,258.6499938964844,262.1000061035156,24223492
2015-05-15,263.0,264.95001220703125,261.29998779296875,261.6499938964844,37139540
2015-05-18,261.0,263.79998779296875,258.79998779296875,261.1499938964844,23762274
2015-05-19,261.54998779296875,264.54998779296875,261.5350036621094,262.70001220703125,34247039
2015-05-20,262.0,272.15301513671875,262.0,271.54998779296875,89154839
2015-05-21,270.95001220703125,273.3999938964844,270.1499938964844,271.04998779296875,41727032
2015-05-22,271.70001220703125,272.29998779296875,269.95001220703125,270.1499938964844,29614695
2015-05-26,269.25,270.3999938964844,263.45001220703125,264.8999938964844,42622520
2015-05-27,265.6499938964844,270.54998779296875,264.0,269.25,36448458
2015-05-28,268.6499938964844,271.95001220703125,267.20001220703125,271.1000061035156,36484250
2015-05-29,270.1499938964844,272.0,267.95001220703125,270.0,39224439
2015-06-01,270.0,271.6499938964844,265.79998779296875,266.3999938964844,29111023
2015-06-02,267.25,269.04998779296875,262.75,267.6499938964844,33553754
2015-06-03,267.25,273.3500061035156,267.04998779296875,271.20001220703125,31894286
2015-06-04,270.6499938964844,270.95001220703125,265.5899963378906,266.3999938964844,38019254
2015-06-05,265.79998779296875,267.5,263.20001220703125,265.45001220703125,40717019
2015-06-08,265.5,266.1679992675781,261.95001220703125,262.0,31704736
2015-06-09,263.3500061035156,265.3999938964844,260.45001220703125,261.54998779296875,35781703
2015-06-10,261.70001220703125,268.0,258.8500061035156,267.1499938964844,46584538
2015-06-11,267.04998779296875,271.3500061035156,266.0,268.75,33185579
2015-06-12,268.1499938964844,270.6000061035156,266.5,269.70001220703125,31896396
2015-06-15,267.3500061035156,268.60400390625,264.20001220703125,264.95001220703125,39522320
2015-06-16,263.25,264.6000061035156,261.45001220703125,263.6499938964844,28754554
2015-06-17,263.5,264.5,260.6499938964844,261.8999938964844,35525683
2015-06-18,260.8500061035156,267.5,258.20001220703125,261.54998779296875,30685643
2015-06-19,260.95001220703125,266.5,259.92999267578125,265.75,68268596
2015-06-22,269.0,272.95001220703125,267.04998779296875,272.45001220703125,40009875
2015-06-23,273.0,274.06500244140625,272.0,272.45001220703125,29674041
2015-06-24,271.75,276.6189880371094,271.45001220703125,274.45001220703125,51287874
2015-06-25,273.8500061035156,276.6000061035156,272.0,272.8999938964844,40061655
2015-06-26,271.45001220703125,276.1619873046875,269.70001220703125,272.3500061035156,31441420
2015-06-29,263.5,269.1000061035156,261.885009765625,264.25,54158099
2015-06-30,262.5,265.29998779296875,260.5,260.5,48682385
2015-07-01,262.79998779296875,267.45001220703125,261.6499938964844,266.54998779296875,37900544
2015-07-02,266.70001220703125,267.6000061035156,265.25,266.3999938964844,15356017
2015-07-03,265.5,266.12200927734375,261.3500061035156,262.95001220703125,20630344
2015-07-06,259.20001220703125,261.20001220703125,256.8999938964844,258.79998779296875,33628335
2015-07-07,259.6499938964844,259.6499938964844,251.8000030517578,252.14999389648438,39396892
2015-07-08,259.0,262.2749938964844,257.27398681640625,257.29998779296875,87780445
2015-07-09,258.0,262.45001220703125,256.5,261.1499938964844,34329384
2015-07-10,263.0,270.45001220703125,262.25,268.04998779296875,45805231
2015-07-13,272.04998779296875,275.3080139160156,270.8500061035156,273.70001220703125,53933584
2015-07-14,274.25,276.0299987792969,272.45098876953125,276.0,32793529
2015-07-15,275.0,278.04998779296875,273.4150085449219,278.04998779296875,33663508
2015-07-16,278.95001220703125,281.25,278.75,280.0,39786031
2015-07-17,279.95001220703125,280.6000061035156,278.3500061035156,280.1000061035156,34270713
2015-07-20,280.1000061035156,281.95001220703125,279.3999938964844,280.8500061035156,22794355
2015-07-21,280.8500061035156,283.75,280.25,283.1499938964844,32384446
2015-07-22,281.0,282.8500061035156,279.6000061035156,281.3999938964844,28637984
2015-07-23,283.1000061035156,284.75,280.3999938964844,281.75,28649144
2015-07-24,280.79998779296875,282.8999938964844,280.0,282.1499938964844,35596813
2015-07-27,280.1000061035156,281.45001220703125,275.70001220703125,276.79998779296875,41053743
2015-07-28,277.29998779296875,280.8500061035156,277.29998779296875,279.6000061035156,31760658
2015-07-29,283.5,288.70001220703125,283.3500061035156,284.6000061035156,57312024
2015-07-30,286.0,288.8500061035156,285.8500061035156,287.04998779296875,42573711
2015-07-31,287.5,289.45001220703125,286.3500061035156,288.95001220703125,40987558
2015-08-03,287.54998779296875,289.8999938964844,286.3999938964844,288.20001220703125,33963175
2015-08-04,286.54998779296875,287.6000061035156,279.8500061035156,282.1499938964844,50299034
2015-08-05,282.25,284.75,281.1000061035156,282.0,60374911
2015-08-06,280.0,282.6499938964844,279.3500061035156,282.0,32879931
2015-08-07,282.75,283.20001220703125,280.8999938964844,281.25,20205652
2015-08-10,282.20001220703125,282.8500061035156,278.0,282.6000061035156,45503931
2015-08-11,281.79998779296875,282.0,278.29998779296875,278.3500061035156,27438960
2015-08-12,276.1499938964844,276.29998779296875,269.3999938964844,271.1499938964844,55583256
2015-08-13,274.8999938964844,277.54998779296875,274.25,275.54998779296875,35524505
2015-08-14,276.5,277.1000061035156,272.75,274.3500061035156,22866367
2015-08-17,276.8999938964844,277.20001220703125,272.37298583984375,273.95001220703125,21732772
2015-08-18,273.5,275.1499938964844,272.25,274.04998779296875,20907881
2015-08-19,272.6499938964844,273.0,267.54998779296875,267.8999938964844,26889552
2015-08-20,265.5,270.04998779296875,264.25,265.1499938964844,30765978
2015-08-21,261.95001220703125,264.70001220703125,256.79998779296875,256.79998779296875,38649169
2015-08-24,247.60000610351562,251.85000610351562,237.3000030517578,244.6999969482422,95800341
2015-08-25,249.9499969482422,260.79998779296875,249.10000610351562,256.3500061035156,64279552
2015-08-26,254.60000610351562,258.79998779296875,250.8000030517578,252.0,48887274
2015-08-27,258.79998779296875,264.3500061035156,258.1000061035156,262.6000061035156,45542709
2015-08-28,260.5,263.45001220703125,257.75,261.45001220703125,43554775
2015-09-01,265.8999938964844,265.95001220703125,250.75,253.14999389648438,43535518
2015-09-02,254.0,258.8999938964844,250.3000030517578,253.8000030517578,28381044
2015-09-03,256.3500061035156,258.79998779296875,255.5,257.29998779296875,27927333
2015-09-04,254.60000610351562,255.0,250.0,250.89999389648438,31456305
2015-09-07,252.25,254.6999969482422,251.64999389648438,253.0,18072664
2015-09-08,254.5500030517578,260.0,253.81500244140625,258.5,29842241
2015-09-09,265.0,266.4100036621094,262.0,262.5,34297916
2015-09-10,258.79998779296875,261.29998779296875,257.3999938964844,258.6000061035156,32064628
2015-09-11,259.04998779296875,259.54998779296875,256.6000061035156,258.45001220703125,18996962
2015-09-14,258.45001220703125,260.25,252.89999389648438,254.5,26097874
2015-09-15,255.0,261.0,253.85000610351562,259.6499938964844,43010829
2015-09-16,263.5,263.75,260.25,262.5,31479147
2015-09-17,263.0,263.54998779296875,259.04998779296875,260.45001220703125,37409872
2015-09-18,258.45001220703125,258.6000061035156,250.1999969482422,253.25,71056711
2015-09-21,251.8000030517578,257.20001220703125,250.39999389648438,254.89999389648438,25774865
2015-09-22,255.39999389648438,255.5500030517578,246.64999389648438,246.64999389648438,41528376
2015-09-23,247.5500030517578,251.60000610351562,246.10000610351562,248.1999969482422,24949647
2015-09-24,248.8000030517578,250.89999389648438,245.89999389648438,246.4499969482422,23852360
2015-09-25,250.8000030517578,256.25,248.22500610351562,254.9499969482422,31433038
2015-09-28,254.14999389648438,255.1999969482422,245.1999969482422,245.1999969482422,35400077
2015-09-29,241.0,243.35000610351562,236.64999389648438,239.0,41888256
2015-09-30,243.5,247.20899963378906,243.0,244.14999389648438,40715567
2015-10-01,247.5500030517578,249.8000030517578,245.75,247.14999389648438,34456601
2015-10-02,248.5500030517578,253.4600067138672,244.75,248.5500030517578,32907386
2015-10-05,253.6999969482422,256.6499938964844,251.5500030517578,256.20001220703125,30445454
2015-10-06,257.3500061035156,257.8999938964844,254.35000610351562,255.35000610351562,22825541
2015-10-07,256.1000061035156,259.3999938964844,254.3000030517578,255.75,34680485
2015-10-08,253.0,256.239990234375,252.39999389648438,254.75,24812157
2015-10-09,256.75,259.5,254.5,257.0,24011025
2015-10-12,256.8500061035156,257.75,255.3000030517578,256.54998779296875,14712630
2015-10-13,257.20001220703125,257.3919982910156,247.58200073242188,251.39999389648438,40728752
2015-10-14,248.25,251.4499969482422,245.8000030517578,246.0500030517578,29455900
2015-10-15,245.0,249.3000030517578,241.79200744628906,248.0,48316260
2015-10-16,250.3000030517578,252.39999389648438,249.10000610351562,250.8000030517578,24683825
2015-10-19,251.5,254.64999389648438,251.3000030517578,254.64999389648438,33340057
2015-10-20,255.0,255.75,251.9499969482422,252.60000610351562,25404848
2015-10-21,253.3000030517578,253.35000610351562,246.10000610351562,248.0500030517578,40003127
2015-10-22,247.5,251.67999267578125,246.25,250.64999389648438,25943995
2015-10-23,252.9499969482422,254.25799560546875,250.87100219726562,251.25,34709267
2015-10-26,252.0,253.10000610351562,250.35000610351562,250.9499969482422,19325332
2015-10-27,250.1999969482422,252.47999572753906,249.48500061035156,250.85000610351562,23323226
2015-10-28,250.85000610351562,253.85000610351562,247.14999389648438,253.14999389648438,24344309
2015-10-29,246.0,249.0,235.85000610351562,237.25,86342195
2015-10-30,234.0,236.3350067138672,230.6999969482422,232.0,60170767
2015-11-02,230.39999389648438,237.80999755859375,229.75,236.0500030517578,49312915
2015-11-03,235.9499969482422,236.30799865722656,231.75,233.5,44068449
2015-11-04,233.6999969482422,234.25,232.10000610351562,232.35000610351562,40623102
2015-11-05,231.5,232.10000610351562,227.7830047607422,228.14999389648438,40421368
2015-11-06,228.75,233.60000610351562,226.6999969482422,232.39999389648438,54794204
2015-11-09,235.0,238.4499969482422,233.9499969482422,234.0500030517578,41307714
2015-11-10,235.5500030517578,235.56900024414062,229.39999389648438,230.60000610351562,33506822
2015-11-11,231.85000610351562,234.89999389648438,229.39999389648438,232.10000610351562,25897944
2015-11-12,231.6999969482422,232.14999389648438,225.25,225.6999969482422,41604332
2015-11-13,225.0,226.5500030517578,223.14999389648438,225.10000610351562,40145721
2015-11-16,223.0,225.4499969482422,222.38499450683594,224.39999389648438,25005955
2015-11-17,226.5500030517578,229.0,225.60000610351562,227.4499969482422,32216671
2015-11-18,226.0,227.89999389648438,225.6999969482422,227.89999389648438,21167614
2015-11-19,229.5,231.5500030517578,227.4499969482422,229.9499969482422,28447540
2015-11-20,229.5,230.25,221.3000030517578,221.89999389648438,58492815
2015-11-23,220.5,222.9499969482422,218.13999938964844,220.5500030517578,28477143
2015-11-24,219.5,220.5500030517578,215.39999389648438,220.0500030517578,40258237
2015-11-25,220.9499969482422,222.89999389648438,218.6999969482422,221.5,33440257
2015-11-26,222.0500030517578,225.6999969482422,221.25,225.1999969482422,21186962
2015-11-27,223.89999389648438,226.02999877929688,223.10000610351562,224.3000030517578,15829447
2015-11-30,223.5,224.5,221.5,223.1999969482422,27498730
2015-12-01,228.5,234.5500030517578,227.0,233.5,68770791
2015-12-02,234.5,236.21800231933594,233.6999969482422,234.75,32691724
2015-12-03,235.10000610351562,238.10000610351562,230.3000030517578,230.3000030517578,41233133
2015-12-04,230.0500030517578,234.41400146484375,227.3000030517578,229.60000610351562,28696589
2015-12-07,231.85000610351562,232.25,227.0,228.0,19533483
2015-12-08,227.35000610351562,228.0500030517578,221.60000610351562,222.10000610351562,28836435
2015-12-09,222.0,225.25,219.60000610351562,221.9499969482422,27506177
2015-12-10,220.64999389648438,223.39999389648438,216.64999389648438,218.0,59328192
2015-12-11,217.9499969482422,218.3000030517578,209.3820037841797,211.1999969482422,48587947
2015-12-14,213.85000610351562,214.75,209.0500030517578,209.10000610351562,42068185
2015-12-15,211.14999389648438,216.39999389648438,210.96299743652344,214.8000030517578,31559019
2015-12-16,216.3000030517578,217.4499969482422,213.75,215.75,25341801
2015-12-17,219.85000610351562,220.6999969482422,217.72500610351562,218.75,29172437
2015-12-18,216.0500030517578,221.89999389648438,216.0500030517578,217.60000610351562,54977089
2015-12-21,216.3000030517578,220.6999969482422,215.75,216.39999389648438,22814632
2015-12-22,218.5500030517578,221.27999877929688,217.7100067138672,219.0,18438800
2015-12-23,220.6999969482422,223.0500030517578,219.39999389648438,222.3000030517578,20864400
2015-12-24,222.89999389648438,223.8000030517578,220.5500030517578,221.6999969482422,5576663
2015-12-29,221.6999969482422,224.85000610351562,221.35000610351562,222.60000610351562,17024340
2015-12-30,222.8000030517578,223.0,219.10000610351562,220.6999969482422,15513552
2015-12-31,220.0,220.0,217.5500030517578,218.89999389648438,5181681
2016-01-04,216.35000610351562,217.0,212.64999389648438,214.25,28332220
2016-01-05,214.85000610351562,217.60000610351562,212.0500030517578,215.25,20472926
2016-01-06,214.89999389648438,214.89999389648438,209.85000610351562,211.75,26042785
2016-01-07,206.60000610351562,208.85000610351562,201.60000610351562,205.5500030517578,41970431
2016-01-08,206.0,208.64999389648438,200.14999389648438,200.14999389648438,42733252
2016-01-11,200.0,203.35000610351562,199.39999389648438,199.6999969482422,45116284
2016-01-12,201.0,204.9499969482422,199.77000427246094,202.35000610351562,31436248
2016-01-13,204.35000610351562,205.8000030517578,200.33599853515625,201.6999969482422,41349239
2016-01-14,198.25,200.14999389648438,192.52000427246094,197.6999969482422,57104764
2016-01-15,196.4499969482422,198.85000610351562,190.97000122070312,191.8000030517578,49774602
2016-01-18,191.3000030517578,198.0,185.85000610351562,187.64999389648438,37826678
2016-01-19,190.0,193.60000610351562,187.9250030517578,189.89999389648438,35139323
2016-01-20,185.89999389648438,186.0,179.90199279785156,182.0500030517578,52318608
2016-01-21,182.0,186.60000610351562,179.98699951171875,186.14999389648438,65099459
2016-01-22,190.9499969482422,192.9499969482422,188.1999969482422,190.75,50097304
2016-01-25,191.9499969482422,192.25,181.35000610351562,181.85000610351562,48650638
2016-01-26,178.5,183.8000030517578,175.14999389648438,183.0,60932969
2016-01-27,182.5,182.5,178.25,181.8000030517578,40891761
2016-01-28,181.0,183.75399780273438,176.5,178.39999389648438,36740224
2016-01-29,181.35000610351562,186.0,180.5500030517578,186.0,57835626
2016-02-01,188.89999389648438,188.89999389648438,180.89999389648438,182.8000030517578,38834066
2016-02-02,182.35000610351562,183.03799438476562,172.6999969482422,173.75,45374492
2016-02-03,172.3000030517578,172.89999389648438,163.5,165.60000610351562,73258391
2016-02-04,167.6999969482422,175.8000030517578,167.0500030517578,173.64999389648438,80582665
2016-02-05,174.4499969482422,175.0500030517578,169.64999389648438,173.14999389648438,48965004
2016-02-08,177.85000610351562,177.85000610351562,163.60000610351562,163.89999389648438,61112475
2016-02-09,163.14999389648438,165.6999969482422,154.3000030517578,156.25,69827807
2016-02-10,156.8000030517578,161.9499969482422,156.5,159.0,82269718
2016-02-11,157.3000030517578,157.6999969482422,147.75,147.85000610351562,87421203
2016-02-12,150.75,157.1999969482422,150.3000030517578,157.1999969482422,65583733
2016-02-15,162.0,163.3000030517578,159.39999389648438,160.75,40965023
2016-02-16,161.75,162.64999389648438,155.60000610351562,161.4499969482422,40946815
2016-02-17,161.6999969482422,168.76400756835938,161.0,168.14999389648438,42633762
2016-02-18,169.35000610351562,169.5,160.74000549316406,161.75,54745700
2016-02-19,160.5,164.75,160.35000610351562,161.6999969482422,49234427
2016-02-22,162.8000030517578,165.75,160.44500732421875,165.14999389648438,20956651
2016-02-23,163.3000030517578,167.6999969482422,160.89999389648438,161.5500030517578,37983040
2016-02-24,161.14999389648438,162.0,155.25,156.75,40169026
2016-02-25,159.1999969482422,165.35000610351562,158.78799438476562,164.85000610351562,53040842
2016-02-26,166.35000610351562,169.99099731445312,162.89999389648438,169.10000610351562,55463331
2016-02-29,167.85000610351562,172.91400146484375,166.11900329589844,172.0500030517578,55849036
2016-03-01,166.0500030517578,169.1529998779297,152.8000030517578,158.10000610351562,143251124
2016-03-02,159.75,162.60000610351562,155.92300415039062,162.39999389648438,83273822
2016-03-03,164.10000610351562,167.1199951171875,162.89999389648438,166.3000030517578,68395935
2016-03-04,166.0500030517578,174.8179931640625,165.49200439453125,174.3000030517578,73756344
2016-03-07,173.10000610351562,173.91600036621094,165.0,173.6999969482422,40593955
2016-03-08,172.64999389648438,175.39999389648438,170.10000610351562,172.0,76553713
2016-03-09,170.9499969482422,173.06900024414062,167.40199279785156,168.1999969482422,40560129
2016-03-10,164.6999969482422,171.88499450683594,159.89999389648438,159.89999389648438,65783785
2016-03-11,162.85000610351562,170.5,162.4040069580078,166.0,47408631
2016-03-14,166.60000610351562,167.85000610351562,162.625,163.25,37775080
2016-03-15,162.1999969482422,164.85000610351562,161.35000610351562,163.5500030517578,36616371
2016-03-16,163.0,165.39599609375,162.89999389648438,164.0,49488295
2016-03-17,165.25,165.8000030517578,159.35000610351562,160.60000610351562,74742589
2016-03-18,160.0,163.64999389648438,160.0,162.1999969482422,59524807
2016-03-21,161.9499969482422,163.35000610351562,160.14999389648438,160.5,32708862
2016-03-22,159.4499969482422,159.64999389648438,154.44700622558594,157.1999969482422,59749406
2016-03-23,157.4499969482422,159.1999969482422,155.64999389648438,156.4499969482422,50463596
2016-03-24,155.10000610351562,156.5500030517578,152.60000610351562,152.60000610351562,46024814
2016-03-29,154.0500030517578,156.51199340820312,149.85000610351562,151.0,43111779
2016-03-30,152.60000610351562,152.9320068359375,151.0500030517578,151.64999389648438,67777312
2016-03-31,151.35000610351562,152.35000610351562,148.3000030517578,150.0,54550695
2016-04-01,148.8000030517578,151.6439971923828,146.5500030517578,150.0,42059700
2016-04-04,149.39999389648438,151.10000610351562,148.35000610351562,150.25,31541453
2016-04-05,148.25,148.6999969482422,143.91099548339844,146.60000610351562,78218756
2016-04-06,147.64999389648438,150.52499389648438,146.89999389648438,149.5500030517578,59767039
2016-04-07,149.60000610351562,150.35000610351562,146.5500030517578,147.10000610351562,37767274
2016-04-08,147.3000030517578,151.75,147.25,150.6999969482422,45780423
2016-04-11,150.35000610351562,155.1999969482422,149.39999389648438,153.5,35902903
2016-04-12,154.0500030517578,156.75,152.5500030517578,155.64999389648438,40249184
2016-04-13,157.6999969482422,166.8000030517578,157.40699768066406,166.8000030517578,69966034
2016-04-14,166.89999389648438,169.0500030517578,162.58200073242188,169.0,55747834
2016-04-15,168.35000610351562,170.10000610351562,166.6999969482422,166.89999389648438,52600702
2016-04-18,164.5,169.15499877929688,162.60000610351562,167.6999969482422,35589076
2016-04-19,168.14999389648438,172.31199645996094,167.1999969482422,167.8000030517578,39979466
2016-04-20,167.0,171.81100463867188,165.97999572753906,171.14999389648438,40769233
2016-04-21,172.0,173.89999389648438,170.35000610351562,171.9499969482422,49165309
2016-04-22,170.5,172.81300354003906,169.71299743652344,171.5,29372191
2016-04-25,171.10000610351562,173.60000610351562,169.9499969482422,170.35000610351562,62860186
2016-04-26,171.39999389648438,174.31700134277344,169.5,173.9499969482422,49907720
2016-04-27,180.25,182.0,172.5500030517578,174.8000030517578,63765072
2016-04-28,172.1999969482422,175.0,171.10000610351562,174.39999389648438,47783034
2016-04-29,171.8000030517578,174.85000610351562,171.25,171.5,63013667
2016-05-03,171.75,172.4499969482422,164.5500030517578,164.75,56338248
2016-05-04,164.4499969482422,165.5500030517578,160.25,162.4499969482422,45931021
2016-05-05,162.64999389648438,164.2550048828125,160.39999389648438,160.9499969482422,32746333
2016-05-06,159.9499969482422,163.25,157.85000610351562,162.0,33173809
2016-05-09,163.0,163.89999389648438,158.0,158.4499969482422,35743357
2016-05-10,159.1999969482422,164.0760040283203,159.1999969482422,163.3000030517578,39804227
2016-05-11,163.25,164.5500030517578,160.0,163.60000610351562,29916018
2016-05-12,162.75,165.5500030517578,161.8000030517578,162.85000610351562,48733584
2016-05-13,161.85000610351562,165.64999389648438,160.60000610351562,165.35000610351562,35781641
2016-05-16,164.0,164.3000030517578,162.4499969482422,163.5,25217333
2016-05-17,163.6999969482422,166.8000030517578,162.0,164.25,34180989
2016-05-18,162.9499969482422,170.75,162.3560028076172,170.39999389648438,51448705
2016-05-19,170.25,175.25,169.64999389648438,170.64999389648438,47214051
2016-05-20,173.14999389648438,175.9499969482422,172.89999389648438,175.85000610351562,45215941
2016-05-23,175.60000610351562,178.5500030517578,174.17999267578125,175.6999969482422,37751331
2016-05-24,173.5500030517578,182.0500030517578,172.10000610351562,181.39999389648438,42931162
2016-05-25,180.6999969482422,186.6999969482422,180.4499969482422,185.75,60316069
2016-05-26,186.89999389648438,186.89999389648438,182.8000030517578,184.8000030517578,44331325
2016-05-27,185.25,187.3000030517578,184.75,186.1999969482422,27230015
2016-05-31,186.5500030517578,188.14999389648438,181.52999877929688,182.39999389648438,47907064
2016-06-01,182.0,182.04800415039062,177.14999389648438,179.9499969482422,42805647
2016-06-02,180.4499969482422,185.0500030517578,180.10000610351562,180.39999389648438,40051652
2016-06-03,181.9499969482422,183.39999389648438,177.25,179.64999389648438,29555292
2016-06-06,179.5,182.5500030517578,178.75,180.10000610351562,38197828
2016-06-07,181.35000610351562,183.10000610351562,178.9499969482422,180.25,24456046
2016-06-08,179.0500030517578,180.0,176.89999389648438,178.0500030517578,30376289
2016-06-09,177.85000610351562,178.39999389648438,175.39999389648438,176.0500030517578,30037205
2016-06-10,175.6999969482422,175.6999969482422,168.4499969482422,169.39999389648438,44750644
2016-06-13,167.0,167.5500030517578,163.5500030517578,165.14999389648438,41436851
2016-06-14,161.14999389648438,162.5500030517578,159.3000030517578,160.0500030517578,63316712
2016-06-15,161.9499969482422,164.28900146484375,160.3000030517578,160.9499969482422,45194603
2016-06-16,157.75,160.33999633789062,155.78399658203125,158.5,41635541
2016-06-17,161.1999969482422,166.75,160.1479949951172,165.75,87695628
2016-06-20,172.89999389648438,177.63900756835938,171.89999389648438,176.85000610351562,63959244
2016-06-21,176.75,181.1790008544922,175.39999389648438,180.35000610351562,50303255
2016-06-22,180.0500030517578,184.8000030517578,178.25,182.0,59432490
2016-06-23,182.9499969482422,187.4499969482422,181.0500030517578,186.9499969482422,69230282
2016-06-24,131.0,166.9499969482422,131.0,153.89999389648438,345720341
2016-06-27,148.0,155.64999389648438,121.0999984741211,127.19999694824219,324668157
2016-06-28,134.9499969482422,137.60000610351562,125.02999877929688,131.5,160582903
2016-06-29,138.0,138.35000610351562,132.89999389648438,137.9499969482422,118228084
2016-06-30,138.0,139.35000610351562,134.35000610351562,138.60000610351562,100950677
2016-07-01,140.64999389648438,143.3000030517578,135.4499969482422,140.0,91077140
2016-07-04,140.75,141.5500030517578,135.75,136.5500030517578,42395491
2016-07-05,136.25,139.35000610351562,134.39999389648438,135.85000610351562,70932286
2016-07-06,134.0500030517578,136.75,130.14999389648438,131.64999389648438,87263933
2016-07-07,132.89999389648438,137.60000610351562,132.6999969482422,134.75,46922884
2016-07-08,134.5500030517578,141.89999389648438,131.7100067138672,139.25,49577485
2016-07-11,142.0,146.39999389648438,139.6999969482422,145.39999389648438,63915075
2016-07-12,146.0,152.35000610351562,144.6999969482422,148.5500030517578,74088737
2016-07-13,147.89999389648438,151.25,144.13299560546875,145.10000610351562,82826893
2016-07-14,146.85000610351562,150.8000030517578,144.9550018310547,148.0,66591166
2016-07-15,146.64999389648438,152.60000610351562,146.5,149.8000030517578,75008664
2016-07-18,150.64999389648438,152.1999969482422,148.9499969482422,150.9499969482422,40881808
2016-07-19,150.3000030517578,152.25,147.39999389648438,150.39999389648438,35411295
2016-07-20,150.0,152.0,148.5,150.9499969482422,40188853
2016-07-21,149.14999389648438,153.5,149.14999389648438,151.89999389648438,45128323
2016-07-22,151.25,153.25,150.14999389648438,151.8000030517578,30043612
2016-07-25,151.35000610351562,151.8000030517578,149.10000610351562,151.0,28741068
2016-07-26,150.5,152.0,148.16799926757812,149.0,43328772
2016-07-27,150.0,150.9499969482422,147.72000122070312,149.75,40102814
2016-07-28,150.0,150.96099853515625,145.85000610351562,146.5,48530941
2016-07-29,150.4499969482422,159.85000610351562,147.1439971923828,154.5500030517578,114349697
2016-08-01,157.0,157.25,149.6999969482422,151.39999389648438,61889663
2016-08-02,150.64999389648438,152.10400390625,145.8000030517578,146.0,47437379
2016-08-03,146.35000610351562,149.64999389648438,145.25,148.3000030517578,54152674
2016-08-04,148.8000030517578,152.0,148.1999969482422,148.85000610351562,56492306
2016-08-05,148.89999389648438,152.64999389648438,148.35000610351562,152.0,38758513
2016-08-08,157.0,158.1999969482422,155.06700134277344,157.39999389648438,55863770
2016-08-09,156.9499969482422,162.89999389648438,156.0,161.1999969482422,68394429
2016-08-10,160.0500030517578,164.3000030517578,159.8000030517578,163.6999969482422,41935735
2016-08-11,162.0500030517578,163.25,160.01800537109375,163.25,39927296
2016-08-12,163.0,166.10000610351562,163.0,163.39999389648438,30886671
2016-08-15,164.60000610351562,165.64999389648438,163.06399536132812,163.5500030517578,24263452
2016-08-16,162.25,163.85000610351562,161.25,161.75,29427011
2016-08-17,163.0,163.75,158.89999389648438,160.14999389648438,71229139
2016-08-18,160.64999389648438,161.89999389648438,159.35000610351562,160.64999389648438,36619265
2016-08-19,160.64999389648438,161.25,158.4810028076172,160.35000610351562,30692286
2016-08-22,161.0500030517578,163.24400329589844,159.1999969482422,160.0500030517578,25327765
2016-08-23,161.35000610351562,165.60000610351562,160.9499969482422,164.60000610351562,37672688
2016-08-24,163.10000610351562,168.0500030517578,162.3000030517578,166.5500030517578,39674874
2016-08-25,165.75,166.8000030517578,163.75,164.35000610351562,28150000
2016-08-26,163.60000610351562,166.5500030517578,163.14999389648438,166.0,27054906
2016-08-30,165.0,169.6999969482422,165.0,169.14999389648438,53494393
2016-08-31,169.4499969482422,175.0,169.1999969482422,172.25,60135714
2016-09-01,173.25,177.39999389648438,169.75,171.5500030517578,52656119
2016-09-02,173.10000610351562,175.5,169.0189971923828,174.3000030517578,62995077
2016-09-05,174.39999389648438,174.85400390625,171.64999389648438,173.25,29104327
2016-09-06,172.8000030517578,173.64999389648438,169.20199584960938,169.6999969482422,33395953
2016-09-07,166.9499969482422,170.1999969482422,164.75,169.75,39274536
2016-09-08,169.75,176.10499572753906,168.39999389648438,173.1999969482422,42105066
2016-09-09,172.9499969482422,177.30299377441406,172.052001953125,174.75,46137147
2016-09-12,171.3000030517578,172.4499969482422,167.5,170.0500030517578,49005058
2016-09-13,170.5,171.6999969482422,168.25,170.60000610351562,68280242
2016-09-14,171.60000610351562,171.89999389648438,168.8000030517578,170.3000030517578,34615802
2016-09-15,169.25,171.10000610351562,167.9669952392578,169.5,43641176
2016-09-16,167.8000030517578,167.85000610351562,164.0330047607422,164.6999969482422,113454519
2016-09-19,167.0,168.3000030517578,165.2030029296875,167.0,35633192
2016-09-20,165.39999389648438,167.4499969482422,163.97300720214844,166.4499969482422,36240761
2016-09-21,172.60000610351562,173.89999389648438,170.5,171.60000610351562,47424096
2016-09-22,172.85000610351562,174.41799926757812,170.35000610351562,173.1999969482422,33596677
2016-09-23,172.4499969482422,172.4499969482422,170.5399932861328,171.39999389648438,34047150
2016-09-26,169.10000610351562,171.0,165.8000030517578,168.10000610351562,53209171
2016-09-27,169.25,172.39999389648438,164.4499969482422,165.9499969482422,74818005
2016-09-28,166.0,168.5,165.60000610351562,166.10000610351562,35145499
2016-09-29,168.25,168.6999969482422,166.64999389648438,167.3000030517578,26470038
2016-09-30,162.89999389648438,167.8000030517578,155.9499969482422,167.8000030517578,117264694
2016-10-03,167.75,168.39999389648438,165.4499969482422,168.1999969482422,33873563
2016-10-04,169.1999969482422,171.5500030517578,168.5,169.25,76371807
2016-10-05,169.0,172.6999969482422,168.4499969482422,172.4499969482422,47452833
2016-10-06,173.0,175.35000610351562,173.0,174.25,58204075
2016-10-07,173.64999389648438,175.3000030517578,170.4499969482422,173.60000610351562,57671030
2016-10-10,173.25,173.8000030517578,168.39999389648438,172.3000030517578,42151000
2016-10-11,171.75,172.9499969482422,170.3000030517578,172.39999389648438,69986691
2016-10-12,172.25,173.14999389648438,168.25,168.4499969482422,63645274
2016-10-13,167.0500030517578,168.4499969482422,164.39999389648438,166.5,48168546
2016-10-14,166.64999389648438,173.14999389648438,166.64999389648438,170.14999389648438,100571191
2016-10-17,168.85000610351562,171.35000610351562,168.4499969482422,169.5500030517578,30941725
2016-10-18,169.75,174.35000610351562,169.75,174.0,39387506
2016-10-19,175.0,178.64999389648438,174.39999389648438,177.39999389648438,48798830
2016-10-20,178.10000610351562,183.8000030517578,178.0,183.10000610351562,73323480
2016-10-21,183.10000610351562,184.6999969482422,182.0709991455078,183.1999969482422,52720691
2016-10-24,183.10000610351562,185.4499969482422,182.9499969482422,183.5,47684140
2016-10-25,183.4499969482422,185.6999969482422,181.64999389648438,183.6999969482422,31817041
2016-10-26,183.0,183.8000030517578,179.8000030517578,181.8000030517578,39926097
2016-10-27,184.8000030517578,192.0,179.25,190.5,86513948
2016-10-28,189.75,193.0,185.31300354003906,191.3000030517578,60128488
2016-10-31,190.1999969482422,191.6999969482422,188.89999389648438,190.3000030517578,40797797
2016-11-01,189.3000030517578,190.0500030517578,186.3000030517578,186.6999969482422,41313876
2016-11-02,184.6999969482422,184.89999389648438,181.5,182.0500030517578,44867745
2016-11-03,181.75,190.10000610351562,180.14999389648438,185.3000030517578,54937697
2016-11-04,183.1999969482422,186.4550018310547,179.73500061035156,181.35000610351562,52390506
2016-11-07,184.10000610351562,185.4499969482422,182.39999389648438,185.1999969482422,32737609
2016-11-08,184.0500030517578,186.47500610351562,182.6999969482422,185.9499969482422,27898948
2016-11-09,178.4499969482422,193.0500030517578,175.45899963378906,192.89999389648438,92034440
2016-11-10,197.0,205.0,186.31300354003906,201.10000610351562,121529803
2016-11-11,200.85000610351562,205.0,198.39999389648438,201.75,69174432
2016-11-14,205.0,212.76800537109375,204.1999969482422,212.3000030517578,81569337
2016-11-15,213.35000610351562,214.10000610351562,208.89999389648438,211.89999389648438,59272967
2016-11-16,211.0,214.39999389648438,208.49200439453125,209.60000610351562,47852029
2016-11-17,207.5,212.85000610351562,205.89999389648438,212.6999969482422,46020522
2016-11-18,213.5500030517578,214.60000610351562,209.60000610351562,212.25,48837663
2016-11-21,213.0,213.14999389648438,209.89999389648438,210.60000610351562,30536128
2016-11-22,212.35000610351562,214.8000030517578,211.3000030517578,212.35000610351562,38172982
2016-11-23,212.3000030517578,214.85499572753906,209.39999389648438,213.35000610351562,33555637
2016-11-24,214.0500030517578,215.60000610351562,211.75,215.4499969482422,29151308
2016-11-25,215.4499969482422,216.5,214.10000610351562,215.5,26393569
2016-11-28,214.0500030517578,214.25,210.35000610351562,211.89999389648438,37582077
2016-11-29,214.0,216.5,210.85000610351562,214.25,41605699
2016-11-30,213.4499969482422,216.89999389648438,211.85000610351562,215.9499969482422,47668673
2016-12-01,215.0,219.25,214.4499969482422,219.0500030517578,43643166
2016-12-02,217.6999969482422,267.32000732421875,211.10000610351562,212.9499969482422,60217443
2016-12-05,210.8000030517578,220.4499969482422,210.5,216.8000030517578,50466816
2016-12-06,215.75,227.27000427246094,212.63400268554688,226.75,64700826
2016-12-07,229.0,235.72500610351562,225.30799865722656,234.85000610351562,62594961
2016-12-08,235.5,240.1999969482422,233.67999267578125,239.0,59079687
2016-12-09,237.0,238.35000610351562,230.5500030517578,233.10000610351562,55294637
2016-12-12,232.5,234.1999969482422,227.02499389648438,227.5500030517578,56733341
2016-12-13,227.85000610351562,231.35000610351562,225.98899841308594,230.10000610351562,45813371
2016-12-14,227.89999389648438,228.25,221.75,221.75,66400017
2016-12-15,221.25,230.25,221.25,229.4499969482422,61953816
2016-12-16,229.89999389648438,230.14999389648438,226.7949981689453,228.14999389648438,54968261
2016-12-19,227.14999389648438,227.30599975585938,221.25,222.0500030517578,39900955
2016-12-20,222.5500030517578,227.75,221.61900329589844,227.64999389648438,29052053
2016-12-21,227.25,229.3000030517578,225.5,228.75,43712472
2016-12-22,227.9499969482422,229.8000030517578,225.60000610351562,227.0,20402149
2016-12-23,226.25,227.39999389648438,223.1959991455078,224.9499969482422,12081273
2016-12-28,225.5,226.0500030517578,223.5,224.75,24881132
2016-12-29,222.9499969482422,223.64999389648438,220.5,222.35000610351562,24654062
2016-12-30,221.35000610351562,223.4499969482422,220.08299255371094,223.4499969482422,15871501
2017-01-03,226.10000610351562,234.5500030517578,224.8000030517578,231.89999389648438,55552090
2017-01-04,233.4499969482422,235.0,231.1699981689453,235.0,31177764
2017-01-05,234.5,236.89999389648438,230.85000610351562,232.5500030517578,36901986
2017-01-06,231.75,235.9499969482422,231.5,235.25,28600450
2017-01-09,239.0,240.0,232.5500030517578,234.0500030517578,32589710
2017-01-10,233.64999389648438,237.3000030517578,230.0500030517578,236.25,31718216
2017-01-11,236.5500030517578,237.5,231.75,234.1999969482422,36655762
2017-01-12,232.8000030517578,235.0500030517578,231.6999969482422,232.25,28992021
2017-01-13,231.0500030517578,236.14999389648438,231.0500030517578,235.25,39301433
2017-01-16,233.5,233.5,229.1999969482422,231.10000610351562,28280597
2017-01-17,229.0,235.5500030517578,229.0,231.60000610351562,48407947
2017-01-18,231.35000610351562,235.01699829101562,226.25,227.60000610351562,43766069
2017-01-19,229.3000030517578,235.01699829101562,226.8000030517578,228.3000030517578,37558870
2017-01-20,228.0,229.4499969482422,226.39999389648438,227.39999389648438,54380881
2017-01-23,225.25,225.3000030517578,222.14999389648438,224.5,28342201
2017-01-24,225.8000030517578,229.39999389648438,225.75,228.64999389648438,36563063
2017-01-25,230.0500030517578,233.0,230.0500030517578,230.85000610351562,41402288
2017-01-26,232.0,236.17999267578125,231.60000610351562,232.35000610351562,52157732
2017-01-27,231.85000610351562,234.5749969482422,228.4499969482422,230.60000610351562,28619310
2017-01-30,227.60000610351562,228.10000610351562,222.8000030517578,223.39999389648438,68379387
2017-01-31,222.8000030517578,226.0500030517578,219.10000610351562,219.4499969482422,48441418
2017-02-01,221.75,223.9499969482422,219.9499969482422,222.10000610351562,32776938
2017-02-02,223.89999389648438,224.6999969482422,220.1999969482422,221.35000610351562,42923195
2017-02-03,222.5,230.14999389648438,221.3000030517578,228.85000610351562,43542033
2017-02-06,229.5,233.35000610351562,227.35499572753906,227.39999389648438,42267862
2017-02-07,226.60000610351562,229.14999389648438,225.4499969482422,226.0500030517578,33574738
2017-02-08,225.64999389648438,227.8000030517578,221.10000610351562,224.9499969482422,41800806
2017-02-09,226.0,230.1999969482422,225.64999389648438,229.5500030517578,35017596
2017-02-10,231.0500030517578,231.35000610351562,226.60000610351562,228.64999389648438,36606240
2017-02-13,228.6999969482422,233.35000610351562,228.25,232.35000610351562,43470017
2017-02-14,231.1999969482422,236.60000610351562,230.6999969482422,235.25,42280267
2017-02-15,236.0,241.0,234.73800659179688,239.25,56437420
2017-02-16,238.75,240.6999969482422,237.31199645996094,238.0,34933624
2017-02-17,237.10000610351562,237.20799255371094,233.5500030517578,237.0,39329071
2017-02-20,237.8000030517578,240.01800537109375,236.9550018310547,237.5,39921131
2017-02-21,235.85000610351562,237.5500030517578,233.5,235.9499969482422,27779089
2017-02-22,238.0,240.1999969482422,233.1999969482422,235.14999389648438,41900244
2017-02-23,240.0,244.39999389648438,224.75,229.0500030517578,101825857
2017-02-24,229.4499969482422,238.8249969482422,221.97500610351562,225.89999389648438,45639146
2017-02-27,225.0,228.5500030517578,224.10000610351562,225.0,141718211
2017-02-28,224.5,227.4499969482422,222.75,226.5,67908759
2017-03-01,228.10000610351562,233.39999389648438,224.58200073242188,232.89999389648438,56748348
2017-03-02,230.39999389648438,235.14999389648438,229.10000610351562,229.5,58832685
2017-03-03,225.75,231.8000030517578,225.25,231.39999389648438,45689044
2017-03-06,228.8000030517578,229.9499969482422,226.89999389648438,226.9499969482422,32187324
2017-03-07,227.3000030517578,228.64999389648438,226.10000610351562,227.0500030517578,35044891
2017-03-08,226.0500030517578,233.6999969482422,225.9499969482422,232.3000030517578,51738303
2017-03-09,231.0,233.5,230.0,232.1999969482422,40862590
2017-03-10,232.39999389648438,234.14999389648438,230.85000610351562,231.85000610351562,40321888
2017-03-13,232.0,232.0,229.0,230.1999969482422,31282402
2017-03-14,230.5,230.5,225.9499969482422,226.5500030517578,43785364
2017-03-15,226.64999389648438,228.8000030517578,225.64999389648438,227.5,43924854
2017-03-16,229.14999389648438,230.1999969482422,227.60000610351562,229.4499969482422,50162188
2017-03-17,235.0,235.35000610351562,229.08700561523438,230.39999389648438,73609268
2017-03-20,229.35000610351562,230.75,227.85000610351562,228.3000030517578,23214061
2017-03-21,229.5,233.23699951171875,227.4499969482422,230.0,43334005
2017-03-22,228.0500030517578,229.44000244140625,221.94000244140625,224.5500030517578,63753003
2017-03-23,225.1999969482422,225.5,222.9499969482422,223.89999389648438,34561906
2017-03-24,226.14999389648438,227.75,224.72500610351562,226.9499969482422,40143210
2017-03-27,224.0,229.9499969482422,220.89999389648438,224.1999969482422,41205128
2017-03-28,226.14999389648438,228.39999389648438,224.0,228.10000610351562,36878067
2017-03-29,228.5500030517578,228.96299743652344,224.9499969482422,227.3000030517578,25611188
2017-03-30,226.89999389648438,228.4499969482422,224.6999969482422,228.0500030517578,42483919
2017-03-31,227.8000030517578,227.9499969482422,225.08799743652344,225.10000610351562,47777985
2017-04-03,225.0500030517578,225.25,220.39999389648438,221.4499969482422,32265178
2017-04-04,221.14999389648438,223.0,216.6999969482422,217.75,48827684
2017-04-05,218.64999389648438,219.9239959716797,215.8000030517578,218.60000610351562,42916752
2017-04-06,216.64999389648438,217.3000030517578,213.60000610351562,216.39999389648438,46255713
2017-04-07,214.64999389648438,215.64999389648438,213.73199462890625,215.3000030517578,39411693
2017-04-10,215.5,216.85000610351562,212.75,216.1999969482422,30052090
2017-04-11,216.3000030517578,217.61300659179688,213.6999969482422,215.0,37315733
2017-04-12,215.8000030517578,218.10800170898438,213.5,213.6999969482422,31565816
2017-04-13,213.75,213.75,210.10000610351562,212.64999389648438,42248903
2017-04-18,213.0,213.0,205.60000610351562,207.3000030517578,56685240
2017-04-19,206.39999389648438,209.89999389648438,206.39999389648438,208.5,40331126
2017-04-20,207.64999389648438,209.39999389648438,206.10000610351562,207.75,39346696
2017-04-21,207.3000030517578,209.39999389648438,205.88699340820312,207.9499969482422,37576926
2017-04-24,215.64999389648438,220.14999389648438,213.6269989013672,219.1999969482422,65475250
2017-04-25,218.6999969482422,223.39999389648438,217.6999969482422,222.8000030517578,44227722
2017-04-26,222.8000030517578,225.5,220.10000610351562,224.64999389648438,42177568
2017-04-27,223.14999389648438,225.14999389648438,223.14999389648438,223.9499969482422,60183495
2017-04-28,213.0,218.09100341796875,207.75,212.25,99386155
2017-05-02,209.9499969482422,211.6999969482422,207.1999969482422,209.85000610351562,78983672
2017-05-03,206.0,209.9499969482422,205.8000030517578,208.9499969482422,40394551
2017-05-04,209.9499969482422,212.10000610351562,207.9499969482422,211.85000610351562,42576213
2017-05-05,207.75,209.89999389648438,205.75,206.35000610351562,61065156
2017-05-08,206.6999969482422,209.35000610351562,204.5,204.89999389648438,49673081
2017-05-09,205.8000030517578,207.14700317382812,204.82400512695312,205.3000030517578,31076614
2017-05-10,206.0,210.39999389648438,205.5,209.9499969482422,43534561
2017-05-11,210.89999389648438,210.89999389648438,205.64999389648438,206.5500030517578,36617684
2017-05-12,206.0500030517578,206.4550018310547,204.75,205.89999389648438,30616010
2017-05-15,206.6999969482422,210.89999389648438,205.5,210.60000610351562,55592453
2017-05-16,211.3000030517578,213.25,209.1999969482422,211.60000610351562,32886360
2017-05-17,213.0,213.3000030517578,208.60000610351562,209.5,41009680
2017-05-18,208.10000610351562,213.14999389648438,205.10000610351562,212.25,58947592
2017-05-19,213.5500030517578,214.14999389648438,210.13800048828125,213.6999969482422,53924313
2017-05-22,214.60000610351562,216.10000610351562,212.68099975585938,213.64999389648438,30438685
2017-05-23,213.9499969482422,217.25,213.64999389648438,214.25,41267517
2017-05-24,214.3000030517578,216.72500610351562,213.1999969482422,216.4499969482422,42715516
2017-05-25,216.6999969482422,217.10000610351562,212.9499969482422,214.0500030517578,21482505
2017-05-26,213.5,213.75,209.58700561523438,211.64999389648438,32508938
2017-05-30,210.5,210.697998046875,208.3000030517578,209.1999969482422,36400400
2017-05-31,209.1999969482422,215.40499877929688,206.60000610351562,210.0,79506925
2017-06-01,211.10000610351562,214.5570068359375,208.0989990234375,211.10000610351562,48295008
2017-06-02,212.5500030517578,214.4499969482422,210.4739990234375,210.89999389648438,34571548
2017-06-05,211.14999389648438,211.89999389648438,209.5449981689453,211.6999969482422,22486743
2017-06-06,210.85000610351562,211.60000610351562,208.89999389648438,209.5,29144274
2017-06-07,209.89999389648438,213.9499969482422,208.0500030517578,208.14999389648438,45634186
2017-06-08,209.14999389648438,209.14999389648438,202.3000030517578,205.39999389648438,60463671
2017-06-09,203.5,207.5500030517578,202.10000610351562,206.60000610351562,68772462
2017-06-12,206.0500030517578,207.63900756835938,204.1999969482422,205.25,34223624
2017-06-13,206.64999389648438,208.3000030517578,205.64999389648438,206.3000030517578,37023332
2017-06-14,206.9499969482422,208.1999969482422,203.5,203.5,71255468
2017-06-15,203.60000610351562,203.8000030517578,200.8000030517578,203.14999389648438,37791049
2017-06-16,203.85000610351562,206.3000030517578,201.6999969482422,203.25,63714189
2017-06-19,204.5,207.39999389648438,204.14999389648438,206.75,3019939
2017-06-20,206.3000030517578,207.0500030517578,202.78900146484375,202.8000030517578,4038453
2017-06-21,201.89999389648438,202.14999389648438,199.6999969482422,200.14999389648438,5449453
2017-06-22,199.85000610351562,199.75,195.4499969482422,196.0,13633620
2017-06-23,195.89999389648438,198.89999389648438,194.4499969482422,197.5500030517578,15458558
2017-06-26,198.35000610351562,202.10000610351562,197.47500610351562,197.47500610351562,51037539
2017-06-27,200.35000610351562,203.85000610351562,199.6999969482422,202.61099243164062,9336346
2017-06-28,201.9499969482422,204.60000610351562,200.89999389648438,203.4499969482422,10363102
2017-06-29,205.5500030517578,210.26300048828125,205.10000610351562,205.5,15823763
2017-06-30,205.9499969482422,207.14999389648438,202.0,202.75,5096293
2017-07-03,203.5500030517578,207.60000610351562,203.5500030517578,207.0500030517578,32201762
2017-07-04,206.0,209.35000610351562,205.3000030517578,206.9499969482422,28407424
2017-07-05,207.3000030517578,207.3000030517578,203.43600463867188,204.1999969482422,37017298
2017-07-06,205.64999389648438,210.0,203.64999389648438,209.14999389648438,36322682
2017-07-07,209.0,209.5500030517578,206.5,208.14999389648438,27769804
2017-07-10,209.35000610351562,210.0,206.36199951171875,207.6999969482422,24280854
2017-07-11,208.3000030517578,208.9499969482422,205.17599487304688,205.75,19801390
2017-07-12,206.5500030517578,210.1999969482422,206.0,208.0,29155254
2017-07-13,210.5,213.14999389648438,208.5,211.3000030517578,49329661
2017-07-14,212.0,212.60000610351562,207.35000610351562,208.5,47490398
2017-07-17,208.9499969482422,209.8000030517578,207.0260009765625,209.0500030517578,15960482
2017-07-18,208.5,209.25,204.5500030517578,205.0500030517578,32392948
2017-07-19,205.85000610351562,206.64999389648438,204.14999389648438,206.3000030517578,32844722
2017-07-20,206.8000030517578,208.85000610351562,205.0500030517578,208.1999969482422,26480344
2017-07-21,207.60000610351562,207.85000610351562,203.8000030517578,205.0500030517578,31192222
2017-07-24,204.4499969482422,207.8769989013672,203.37399291992188,205.5,45887652
2017-07-25,206.5,211.0500030517578,206.35000610351562,209.6999969482422,32927851
2017-07-26,209.6999969482422,212.75,208.39999389648438,211.1999969482422,34818852
2017-07-27,210.0,211.3000030517578,207.9499969482422,208.60000610351562,35748314
2017-07-28,207.35000610351562,213.89999389648438,202.4499969482422,205.10000610351562,46984715
2017-07-31,203.9499969482422,206.39999389648438,201.1999969482422,203.0,50907891
2017-08-01,204.3000030517578,207.39999389648438,203.64999389648438,206.60000610351562,58112789
2017-08-02,207.0,208.0,205.61500549316406,207.6999969482422,32057721
2017-08-03,206.8000030517578,208.85000610351562,205.1999969482422,208.5,54506181
2017-08-04,207.25,210.75,207.25,210.35000610351562,25077232
2017-08-07,210.0,211.0,209.17999267578125,210.0,40789337
2017-08-08,211.14999389648438,211.1999969482422,209.4499969482422,210.35000610351562,21010826
2017-08-09,209.14999389648438,209.85000610351562,206.3000030517578,208.75,44309770
2017-08-10,207.10000610351562,210.0,204.36500549316406,204.8000030517578,35019576
2017-08-11,203.25,203.91299438476562,198.9499969482422,199.35000610351562,38018819
2017-08-14,200.6999969482422,202.5,199.5,199.8000030517578,26733473
2017-08-15,200.64999389648438,202.14999389648438,199.1999969482422,200.4499969482422,25083848
2017-08-16,201.3000030517578,201.9499969482422,200.73899841308594,200.75,20662125
2017-08-17,199.6999969482422,200.64999389648438,196.89500427246094,197.25,32882767
2017-08-18,195.0,196.1999969482422,193.3000030517578,195.64999389648438,32289600
2017-08-21,194.0500030517578,194.60000610351562,192.25,193.25,27412481
2017-08-22,194.4499969482422,194.9499969482422,192.85000610351562,193.3000030517578,24295794
2017-08-23,192.3000030517578,194.75,192.10000610351562,192.85000610351562,26929957
2017-08-24,193.5,195.6999969482422,193.0500030517578,194.5,27528155
2017-08-25,195.14999389648438,195.83999633789062,194.1999969482422,194.3000030517578,21900389
2017-08-29,192.5,192.5,189.42999267578125,190.35000610351562,31951300
2017-08-30,191.89999389648438,193.5,190.68899536132812,190.6999969482422,24268026
2017-08-31,191.5,192.25,190.0,191.10000610351562,32271117
2017-09-01,193.85000610351562,194.39999389648438,190.3000030517578,192.14999389648438,23721351
2017-09-04,189.89999389648438,191.39999389648438,189.4499969482422,190.1999969482422,15619212
2017-09-05,190.35000610351562,190.625,187.5,187.89999389648438,22060310
2017-09-06,186.60000610351562,187.60000610351562,184.6999969482422,185.85000610351562,33111872
2017-09-07,186.1999969482422,186.75,183.85000610351562,184.0,29739440
2017-09-08,183.75,188.39999389648438,183.10000610351562,187.60000610351562,38784724
2017-09-11,189.0,189.0,183.90199279785156,186.64999389648438,86562472
2017-09-12,186.64999389648438,192.5,185.6929931640625,191.35000610351562,57524204
2017-09-13,190.5500030517578,193.75,189.6999969482422,191.5500030517578,66004703
2017-09-14,191.0500030517578,192.60000610351562,188.85000610351562,189.8000030517578,45577631
2017-09-15,188.75,190.41400146484375,186.0500030517578,186.64999389648438,69312959
2017-09-18,188.10000610351562,190.41400146484375,186.8000030517578,187.4499969482422,25217243
2017-09-19,186.89999389648438,189.0,185.89999389648438,188.3000030517578,43154941
2017-09-20,187.5,188.1999969482422,184.6999969482422,185.89999389648438,36404300
2017-09-21,186.5,191.60000610351562,186.0,190.39999389648438,51114905
2017-09-22,190.0,191.9499969482422,186.5,191.5500030517578,31308572
2017-09-25,190.35000610351562,190.64999389648438,188.8000030517578,189.6999969482422,25308345
2017-09-26,189.1999969482422,189.9499969482422,187.8000030517578,188.3000030517578,23629490
2017-09-27,189.35000610351562,192.1999969482422,188.3000030517578,190.25,31641716
2017-09-28,191.10000610351562,195.35000610351562,191.10000610351562,192.1999969482422,46470022
2017-09-29,192.75,194.0500030517578,191.5,193.35000610351562,28016234
2017-10-02,192.5,194.14999389648438,191.22500610351562,192.6999969482422,32128057
2017-10-03,193.10000610351562,194.10000610351562,192.51800537109375,193.64999389648438,30653839
2017-10-04,193.9499969482422,194.0500030517578,192.0,192.35000610351562,27410610
2017-10-05,190.0,192.14999389648438,189.0,190.14999389648438,43251720
2017-10-06,190.9499969482422,191.60000610351562,189.39999389648438,190.1999969482422,27738250
2017-10-09,190.0,191.10000610351562,187.60000610351562,188.35000610351562,26159584
2017-10-10,188.25,191.1999969482422,188.1999969482422,190.0,43914836
2017-10-11,191.3000030517578,191.49600219726562,189.44900512695312,190.39999389648438,38047429
2017-10-12,190.60000610351562,193.39999389648438,189.8000030517578,193.0500030517578,36146771
2017-10-13,192.4499969482422,192.74899291992188,189.64999389648438,191.25,28479219
2017-10-16,191.9499969482422,192.0,188.69900512695312,189.25,32884726
2017-10-17,189.89999389648438,192.8000030517578,189.3000030517578,191.35000610351562,35957387
2017-10-18,192.25,192.89999389648438,190.10000610351562,192.64999389648438,28717709
2017-10-19,192.14999389648438,193.1999969482422,191.0500030517578,192.0,40185076
2017-10-20,193.5,195.72000122070312,193.0500030517578,195.6999969482422,47803754
2017-10-23,195.39999389648438,195.75,193.14999389648438,195.4499969482422,25821543
2017-10-24,195.4499969482422,198.1649932861328,194.60299682617188,198.0,31883742
2017-10-25,198.0,198.60000610351562,195.6999969482422,197.0,40174169
2017-10-26,189.5,190.93899536132812,180.39999389648438,182.39999389648438,159880023
2017-10-27,182.6999969482422,185.39999389648438,182.3000030517578,183.8000030517578,88917554
2017-10-30,184.25,185.9499969482422,182.9499969482422,183.5,65752823
2017-10-31,184.39999389648438,186.64999389648438,183.69000244140625,185.9499969482422,58150594
2017-11-01,186.0500030517578,186.91000366210938,183.5,184.10000610351562,126480244
2017-11-02,184.0,186.14999389648438,183.5500030517578,185.0,78630013
2017-11-03,184.6999969482422,185.0,182.8000030517578,183.25,53617792
2017-11-06,182.0,183.3000030517578,179.85000610351562,182.0,44583068
2017-11-07,182.5,183.25,181.33999633789062,181.35000610351562,54328146
2017-11-08,181.14999389648438,181.39999389648438,179.25,179.4499969482422,49243369
2017-11-09,179.4499969482422,180.5500030517578,178.39999389648438,179.4499969482422,43230765
2017-11-10,179.35000610351562,180.1999969482422,178.4499969482422,179.14999389648438,56936029
2017-11-13,179.25,179.4499969482422,177.3000030517578,178.89999389648438,98992113
2017-11-14,179.14999389648438,181.3000030517578,178.75,180.6999969482422,52607264
2017-11-15,180.0,182.64999389648438,178.60000610351562,182.39999389648438,43864443
2017-11-16,182.64999389648438,186.0500030517578,182.4499969482422,185.4499969482422,64669126
2017-11-17,184.5500030517578,186.10000610351562,183.75,185.0,66355298
2017-11-20,186.1999969482422,189.25,186.14999389648438,188.75,43732596
2017-11-21,189.3000030517578,190.3000030517578,187.9499969482422,189.1999969482422,52269715
2017-11-22,189.8000030517578,190.14999389648438,188.5,189.1999969482422,36885505
2017-11-23,187.8000030517578,189.85000610351562,187.75,188.75,22932407
2017-11-24,189.0,189.85000610351562,187.8000030517578,189.35000610351562,69658322
2017-11-27,188.9499969482422,189.5,185.5500030517578,187.5,37415009
2017-11-28,187.14999389648438,187.35000610351562,184.0500030517578,187.35000610351562,41048278
2017-11-29,189.85000610351562,194.4499969482422,189.64999389648438,194.25,79538404
2017-11-30,193.6999969482422,195.75,191.6999969482422,193.5,72175125
2017-12-01,192.5,193.0,188.85000610351562,189.39999389648438,43627557
2017-12-04,192.60000610351562,195.4499969482422,191.9499969482422,194.25,54254951
2017-12-05,194.5500030517578,194.89999389648438,190.5500030517578,191.6999969482422,40010235
2017-12-06,190.0,191.5,189.0500030517578,191.0,31864442
2017-12-07,191.85000610351562,192.5,190.75,191.64999389648438,27722346
2017-12-08,192.10000610351562,198.64999389648438,192.10000610351562,196.39999389648438,59495467
2017-12-11,198.0500030517578,199.85000610351562,195.89999389648438,198.60000610351562,53208643
2017-12-12,199.0500030517578,200.75,197.5500030517578,200.60000610351562,40285470
2017-12-13,200.10000610351562,204.0,199.7259979248047,202.677001953125,67221862
2017-12-14,201.60000610351562,204.60000610351562,201.35000610351562,202.6999969482422,58129231
2017-12-15,201.1999969482422,202.25,198.4499969482422,202.25,68863272
2017-12-18,203.3000030517578,204.5,202.6999969482422,204.5,35226775
2017-12-19,203.64999389648438,205.14999389648438,203.3000030517578,204.1999969482422,38070571
2017-12-20,204.0500030517578,205.3000030517578,203.39999389648438,203.5500030517578,51934903
2017-12-21,202.5500030517578,205.3000030517578,201.85000610351562,204.5500030517578,36042132
2017-12-22,202.89999389648438,203.10000610351562,201.64999389648438,202.14999389648438,17852431
2017-12-27,202.9499969482422,203.4499969482422,202.0500030517578,202.64999389648438,28131455
2017-12-28,203.0,203.5500030517578,201.89999389648438,203.39999389648438,20631269
2017-12-29,203.25,203.85000610351562,201.85000610351562,203.10000610351562,15181039
2018-01-02,203.9499969482422,204.64999389648438,202.64999389648438,203.1999969482422,23759135
2018-01-03,203.1999969482422,204.3000030517578,202.60000610351562,203.6999969482422,26003107
2018-01-04,203.75,205.9499969482422,203.0500030517578,204.5,41817624
2018-01-05,204.35000610351562,205.10000610351562,199.05999755859375,199.17999267578125,58768373
2018-01-08,199.0,203.3000030517578,198.75999450683594,200.10000610351562,55607013
2018-01-09,200.35000610351562,202.5,198.75999450683594,201.8000030517578,38643646
2018-01-10,197.0,203.0500030517578,197.0,201.1999969482422,85664577
2018-01-11,200.0,200.8000030517578,194.47999572753906,196.10000610351562,124866096
2018-01-12,197.17999267578125,198.55999755859375,193.63999938964844,194.5,62954316
2018-01-15,200.0,200.0,194.8000030517578,195.5399932861328,38161003
2018-01-16,195.5,200.25,194.55999755859375,199.39999389648438,75894038
2018-01-17,198.82000732421875,201.4499969482422,197.44000244140625,198.52000427246094,53204596
2018-01-18,199.67999267578125,200.0500030517578,197.89999389648438,199.3000030517578,36794397
2018-01-19,200.0,202.10000610351562,198.3000030517578,200.5,47896486
2018-01-22,201.75,209.1999969482422,201.4499969482422,209.1999969482422,92915773
2018-01-23,209.85000610351562,210.39999389648438,207.5,209.1999969482422,54340331
2018-01-24,209.0,210.89999389648438,208.5,208.5,36895346
2018-01-25,208.10000610351562,210.5,207.5500030517578,210.3000030517578,42719168
2018-01-26,210.0,211.9499969482422,209.64999389648438,210.0,68123589
2018-01-29,209.89999389648438,210.3000030517578,207.5,207.64999389648438,41036237
2018-01-30,206.14999389648438,207.0,200.10000610351562,201.75,54603987
2018-01-31,203.3000030517578,204.1999969482422,199.13999938964844,199.94000244140625,53613477
2018-02-01,201.85000610351562,203.0500030517578,197.10000610351562,197.33999633789062,46811134
2018-02-02,197.82000732421875,198.32000732421875,195.32000732421875,195.55999755859375,38872443
2018-02-05,193.8000030517578,196.33999633789062,192.89999389648438,193.9199981689453,45753135
2018-02-06,188.6199951171875,192.16000366210938,187.13999938964844,189.05999755859375,82124653
2018-02-07,191.10000610351562,194.0399932861328,190.1199951171875,193.1999969482422,93588729
2018-02-08,192.5399932861328,197.89999389648438,191.33999633789062,194.10000610351562,64720143
2018-02-09,192.89999389648438,194.86000061035156,191.6199951171875,192.89999389648438,144212087
2018-02-12,195.0,196.25999450683594,192.55999755859375,193.32000732421875,40766079
2018-02-13,193.72000122070312,195.86000061035156,192.82000732421875,193.0,30184717
2018-02-14,195.17999267578125,196.32000732421875,192.72000122070312,195.6999969482422,35424730
2018-02-15,197.3000030517578,200.0500030517578,196.97999572753906,198.5,48541201
2018-02-16,199.44000244140625,200.1999969482422,197.86000061035156,200.0500030517578,52709789
2018-02-19,200.6999969482422,202.60000610351562,200.3000030517578,201.0,30775951
2018-02-20,201.75,202.6999969482422,200.0,201.0500030517578,55803915
2018-02-21,201.0,202.60000610351562,199.89999389648438,202.10000610351562,73438598
2018-02-22,207.8000030517578,215.0,207.8000030517578,211.0,108366042
2018-02-23,208.5,210.6999969482422,208.5,209.8000030517578,46441488
2018-02-26,209.89999389648438,211.39999389648438,208.5,208.5,45828616
2018-02-27,209.6999969482422,212.3000030517578,209.1999969482422,212.0,75807825
2018-02-28,210.9499969482422,215.8000030517578,210.89999389648438,213.5,81046305
2018-03-01,211.25,212.75,210.35000610351562,211.25,55056984
2018-03-02,208.89999389648438,210.5,204.0,205.3000030517578,61214079
2018-03-05,204.35000610351562,207.1999969482422,204.10000610351562,207.1999969482422,86995443
2018-03-06,210.0,212.85000610351562,209.1999969482422,211.35000610351562,56515338
2018-03-07,211.35000610351562,212.14999389648438,210.25,210.9499969482422,72558950
2018-03-08,213.0,213.25,210.5500030517578,212.3000030517578,46362521
2018-03-09,212.6999969482422,213.14999389648438,210.0,210.75,40946591
2018-03-12,212.0500030517578,214.14999389648438,210.8000030517578,211.5,39289664
2018-03-13,211.8000030517578,213.35000610351562,209.64999389648438,209.6999969482422,47728134
2018-03-14,209.10000610351562,209.39999389648438,207.25,207.39999389648438,51810247
2018-03-15,207.39999389648438,209.0,205.5,207.0,72189652
2018-03-16,206.35000610351562,210.60000610351562,205.9499969482422,209.5,64316443
2018-03-19,215.0,220.10000610351562,213.8000030517578,217.0,100833219
2018-03-20,216.0500030517578,217.39999389648438,215.6999969482422,215.9499969482422,48334830
2018-03-21,215.5500030517578,216.0500030517578,210.0,211.4499969482422,47770479
2018-03-22,209.64999389648438,210.85000610351562,205.9499969482422,207.0,40465039
2018-03-23,205.10000610351562,205.64999389648438,202.39999389648438,204.35000610351562,51836215
2018-03-26,204.9499969482422,207.6999969482422,204.0500030517578,205.89999389648438,49037824
2018-03-27,208.10000610351562,209.35000610351562,205.60000610351562,206.14999389648438,43549367
2018-03-28,205.0500030517578,206.0,202.25,206.0,52744816
2018-03-29,207.10000610351562,208.25,204.14999389648438,206.5,64604049
2018-04-03,205.3000030517578,210.0,205.1999969482422,206.85000610351562,56800094
2018-04-04,207.0,208.10000610351562,202.5500030517578,207.39999389648438,40605934
2018-04-05,211.35000610351562,212.1999969482422,208.8000030517578,212.1999969482422,50014939
2018-04-06,211.89999389648438,211.89999389648438,209.5500030517578,209.5500030517578,39367016
2018-04-09,211.25,211.39999389648438,208.0,211.1999969482422,40824992
2018-04-10,212.6999969482422,214.8000030517578,211.64999389648438,214.75,47633985
2018-04-11,213.9499969482422,215.60000610351562,213.35000610351562,214.60000610351562,57975849
2018-04-12,214.5500030517578,216.8000030517578,214.5,216.0,35579006
2018-04-13,216.75,219.10000610351562,212.8000030517578,213.35000610351562,49698774
2018-04-16,215.0,216.39999389648438,213.39999389648438,213.8000030517578,124872788
2018-04-17,213.9499969482422,213.9499969482422,211.5,211.75,47065417
2018-04-18,212.4499969482422,214.35000610351562,211.10000610351562,214.0,57783345
2018-04-19,213.9499969482422,215.75,213.5500030517578,214.1999969482422,57974131
2018-04-20,215.3000030517578,216.64999389648438,214.35000610351562,215.5,41349994
2018-04-23,215.35000610351562,216.64999389648438,214.64999389648438,216.35000610351562,118217783
2018-04-24,216.75,216.75,214.60000610351562,215.39999389648438,32704204
2018-04-25,213.85000610351562,215.4499969482422,212.0,213.0,54388956
2018-04-26,208.5,217.64999389648438,207.1999969482422,210.0,87651927
2018-04-27,210.5,210.64999389648438,206.6999969482422,208.9499969482422,72486645
2018-04-30,208.8000030517578,209.4499969482422,206.9499969482422,207.25,57926034
2018-05-01,206.75,208.3000030517578,205.14999389648438,205.5,26414858
2018-05-02,205.89999389648438,206.75,204.0500030517578,205.4499969482422,55382600
2018-05-03,205.64999389648438,206.5500030517578,202.0500030517578,202.6999969482422,50081359
2018-05-04,202.0,205.60000610351562,200.85000610351562,205.60000610351562,79776275
2018-05-08,206.10000610351562,207.1999969482422,203.6999969482422,206.89999389648438,61290361
2018-05-09,207.1999969482422,211.1999969482422,207.1999969482422,210.9499969482422,47175088
2018-05-10,213.5,214.60000610351562,210.89999389648438,213.8000030517578,39586132
2018-05-11,213.6999969482422,214.64999389648438,212.1999969482422,214.4499969482422,24559430
2018-05-14,214.25,216.8000030517578,211.5500030517578,211.89999389648438,30761349
2018-05-15,212.25,213.3000030517578,210.60000610351562,211.60000610351562,33125052
2018-05-16,211.10000610351562,211.9499969482422,208.5,208.5,35591185
2018-05-17,209.10000610351562,210.0500030517578,207.85000610351562,209.0,52548787
2018-05-18,209.0,209.8000030517578,206.64999389648438,207.5,47992028
2018-05-21,208.64999389648438,210.75,208.1999969482422,208.89999389648438,31741219
2018-05-22,209.5500030517578,211.5500030517578,208.60000610351562,211.10000610351562,36993710
2018-05-23,212.14999389648438,212.64999389648438,207.5,208.8000030517578,48188515
2018-05-24,209.0500030517578,209.8000030517578,205.0500030517578,205.3000030517578,56732534
2018-05-25,206.64999389648438,208.0500030517578,203.0500030517578,206.1999969482422,42638275
2018-05-29,203.5500030517578,203.6999969482422,197.1199951171875,198.75999450683594,80551999
2018-05-30,198.5,199.5800018310547,196.25999450683594,199.17999267578125,63534542
2018-05-31,199.6999969482422,201.0500030517578,196.25999450683594,197.24000549316406,66922727
2018-06-01,198.6199951171875,203.1999969482422,198.6199951171875,201.89999389648438,44908763
2018-06-04,203.14999389648438,204.6999969482422,202.25,204.5500030517578,36941868
2018-06-05,203.4499969482422,203.4499969482422,197.8000030517578,197.8000030517578,52802094
2018-06-06,198.27999877929688,201.64999389648438,197.72000122070312,201.25,98506035
2018-06-07,201.25,203.39999389648438,200.25,201.14999389648438,40826403
2018-06-08,200.14999389648438,200.60000610351562,197.8800048828125,199.0,35815683
2018-06-11,200.75,201.4499969482422,199.5,200.0,39582247
2018-06-12,201.0,201.4499969482422,198.5800018310547,198.82000732421875,58642308
2018-06-13,199.1999969482422,200.14999389648438,197.72000122070312,197.8800048828125,52338989
2018-06-14,197.33999633789062,201.25,195.67999267578125,200.60000610351562,53958702
2018-06-15,199.9600067138672,200.89999389648438,194.0,194.5399932861328,76095469
2018-06-18,194.75999450683594,197.16000366210938,193.5800018310547,194.9600067138672,26562810
2018-06-19,192.16000366210938,194.13999938964844,190.47999572753906,193.0,52893403
2018-06-20,194.5,196.3800048828125,193.52000427246094,193.6999969482422,43594187
2018-06-21,193.67999267578125,194.24000549316406,189.3000030517578,190.1999969482422,45896670
2018-06-22,190.86000061035156,194.5,190.47999572753906,194.02000427246094,31857132
2018-06-25,192.5800018310547,192.9600067138672,190.3000030517578,190.4600067138672,30477268
2018-06-26,190.86000061035156,192.05999755859375,188.9199981689453,189.05999755859375,31013944
2018-06-27,189.47999572753906,189.89999389648438,186.02000427246094,188.0,81278782
2018-06-28,186.75999450683594,190.22000122070312,186.5800018310547,189.9199981689453,40182754
2018-06-29,191.83999633789062,193.10000610351562,188.8800048828125,189.0,40829966
2018-07-02,186.77999877929688,187.5800018310547,184.9199981689453,185.39999389648438,45534173
2018-07-03,186.02000427246094,186.8800048828125,184.4199981689453,185.75999450683594,112941066
2018-07-04,185.0399932861328,186.83999633789062,185.0399932861328,185.75999450683594,49836923
2018-07-05,186.02000427246094,189.0399932861328,186.02000427246094,186.60000610351562,29031826
2018-07-06,186.86000061035156,187.3000030517578,184.94000244140625,186.5,26715611
2018-07-09,186.5,188.97999572753906,186.0800018310547,188.3800048828125,48483437
2018-07-10,188.5800018310547,191.3800048828125,186.02000427246094,186.47999572753906,31844390
2018-07-11,186.0,188.1999969482422,183.5399932861328,187.4600067138672,55985713
2018-07-12,188.13999938964844,190.4600067138672,185.8800048828125,189.5,76077919
2018-07-13,190.47999572753906,191.1999969482422,189.16000366210938,189.67999267578125,35192127
2018-07-16,190.0,193.75999450683594,188.86000061035156,189.69000244140625,38742128
2018-07-17,191.24000549316406,192.77999877929688,188.36000061035156,188.36000061035156,48822488
2018-07-18,188.94000244140625,190.0,186.1199951171875,188.89999389648438,43510397
2018-07-19,188.63999938964844,190.13999938964844,185.44000244140625,185.52000427246094,49980327
2018-07-20,185.24000549316406,187.0800018310547,183.32000732421875,186.77999877929688,45066501
2018-07-23,186.5,187.33999633789062,184.9600067138672,186.5800018310547,42342468
2018-07-24,188.0,191.05999755859375,187.24000549316406,189.33999633789062,129353852
2018-07-25,189.22000122070312,190.8800048828125,187.25999450683594,188.0,40256331
2018-07-26,188.9199981689453,190.33999633789062,188.5,189.17999267578125,25851699
2018-07-27,191.05999755859375,191.44000244140625,190.10000610351562,190.89999389648438,43018685
2018-07-30,190.1199951171875,193.83999633789062,190.0,192.9600067138672,33163761
2018-07-31,192.74000549316406,196.1199951171875,192.4199981689453,193.9600067138672,35121549
2018-08-01,195.02000427246094,195.75999450683594,190.3000030517578,191.6999969482422,133232332
2018-08-02,197.5,197.5,185.17999267578125,186.5399932861328,195187405
2018-08-03,186.94000244140625,190.94000244140625,186.94000244140625,188.6999969482422,45961471
2018-08-06,188.89999389648438,189.4199981689453,186.83999633789062,188.55999755859375,181057065
2018-08-07,188.55999755859375,190.24000549316406,187.0,189.36000061035156,35712022
2018-08-08,189.25999450683594,193.60000610351562,189.10000610351562,193.1199951171875,45918718
2018-08-09,191.33999633789062,191.72000122070312,189.22000122070312,191.5,31744420
2018-08-10,190.3800048828125,190.55999755859375,186.0800018310547,187.63999938964844,41570399
2018-08-13,186.55999755859375,187.44000244140625,184.44000244140625,184.5,35928796
2018-08-14,184.82000732421875,185.52000427246094,183.3000030517578,183.9600067138672,65386513
2018-08-15,185.17999267578125,185.25999450683594,179.24000549316406,179.8000030517578,94325775
2018-08-16,180.60000610351562,182.4199981689453,180.0,182.17999267578125,37612805
2018-08-17,182.36000061035156,184.17999267578125,181.5399932861328,182.60000610351562,24124066
2018-08-20,183.17999267578125,185.02000427246094,182.83999633789062,183.72000122070312,28754161
2018-08-21,182.77999877929688,185.33999633789062,182.6999969482422,184.39999389648438,28271396
2018-08-22,183.8800048828125,185.89999389648438,183.75999450683594,185.1999969482422,31380373
2018-08-23,185.36000061035156,185.66000366210938,183.13999938964844,183.13999938964844,48603130
2018-08-24,182.36000061035156,185.0,182.36000061035156,183.66000366210938,27437058
2018-08-28,185.0,185.5399932861328,182.94000244140625,183.6999969482422,27523590
2018-08-29,183.5399932861328,183.97999572753906,180.0399932861328,181.44000244140625,38206958
2018-08-30,181.3800048828125,181.3800048828125,178.1999969482422,178.3000030517578,39664086
2018-08-31,178.8000030517578,178.8800048828125,175.17999267578125,175.6999969482422,55999433
2018-09-03,176.89999389648438,177.8000030517578,176.24000549316406,177.52000427246094,42328205
2018-09-04,178.72000122070312,181.10000610351562,178.0,181.02000427246094,46907935
2018-09-05,180.24000549316406,180.55999755859375,177.74000549316406,178.0,87522028
2018-09-06,177.74000549316406,178.63999938964844,175.94000244140625,176.1999969482422,56094829
2018-09-07,176.22000122070312,176.27999877929688,172.4199981689453,174.5,55377621
2018-09-10,174.63999938964844,177.25999450683594,173.5,176.8000030517578,108272589
2018-09-11,176.5800018310547,176.8000030517578,173.6999969482422,174.74000549316406,46928387
2018-09-12,174.5,174.74000549316406,171.74000549316406,172.22000122070312,44363997
2018-09-13,172.63999938964844,174.32000732421875,171.74000549316406,172.1999969482422,37694060
2018-09-14,172.0,172.4199981689453,171.0,171.0800018310547,52296269
2018-09-17,170.6199951171875,171.77999877929688,169.1999969482422,171.13999938964844,37770697
2018-09-18,170.8000030517578,171.22000122070312,169.10000610351562,169.4600067138672,37577249
2018-09-19,169.0,173.39999389648438,168.33999633789062,173.1199951171875,65874933
2018-09-20,174.10000610351562,175.24000549316406,173.4199981689453,174.25999450683594,53951833
2018-09-21,175.3000030517578,177.75999450683594,174.6199951171875,176.5,91188368
2018-09-24,175.8000030517578,177.6199951171875,175.52000427246094,175.97999572753906,27564081
2018-09-25,175.97999572753906,176.3800048828125,174.52000427246094,175.1199951171875,72762296
2018-09-26,175.17999267578125,176.10000610351562,173.97999572753906,175.60000610351562,35147625
2018-09-27,174.77999877929688,177.25999450683594,173.8000030517578,176.67999267578125,66701076
2018-09-28,175.0,175.17999267578125,170.8800048828125,171.77999877929688,59694245
2018-10-01,172.6999969482422,174.13999938964844,170.6999969482422,172.39999389648438,51310092
2018-10-02,171.39999389648438,171.55999755859375,169.39999389648438,170.27999877929688,54657741
2018-10-03,171.60000610351562,172.89999389648438,170.39999389648438,172.52000427246094,61715180
2018-10-04,172.10000610351562,176.47999572753906,171.66000366210938,174.3000030517578,53882628
2018-10-05,175.10000610351562,175.82000732421875,172.94000244140625,172.94000244140625,44503624
2018-10-08,172.47999572753906,172.55999755859375,168.55999755859375,169.0,34660360
2018-10-09,169.9600067138672,169.9600067138672,167.17999267578125,167.75999450683594,33198560
2018-10-10,168.0,173.44000244140625,167.5,171.63999938964844,108893129
2018-10-11,169.0,170.86000061035156,167.32000732421875,168.0,78297935
2018-10-12,167.6999969482422,170.5,164.94000244140625,165.0,66516750
2018-10-15,164.13999938964844,165.05999755859375,162.72000122070312,163.36000061035156,43756978
2018-10-16,163.39999389648438,164.0,161.24000549316406,162.83999633789062,40971219
2018-10-17,163.39999389648438,165.13999938964844,162.8000030517578,164.9600067138672,39514446
2018-10-18,165.22000122070312,166.17999267578125,164.1199951171875,165.0,54750514
2018-10-19,164.8000030517578,164.97999572753906,162.47999572753906,163.4199981689453,39041376
2018-10-22,164.86000061035156,166.10000610351562,164.27999877929688,165.32000732421875,65195405
2018-10-23,163.24000549316406,166.22000122070312,163.1999969482422,165.75999450683594,63482466
2018-10-24,169.0,171.8800048828125,164.1199951171875,170.6999969482422,78197132
2018-10-25,169.75999450683594,174.10000610351562,168.9199981689453,172.05999755859375,49989302
2018-10-26,170.0,170.16000366210938,166.4600067138672,168.05999755859375,53724595
2018-10-29,168.39999389648438,174.24000549316406,167.75999450683594,173.0,41751357
2018-10-30,173.02000427246094,173.22000122070312,169.16000366210938,169.9600067138672,36174619
2018-10-31,171.9600067138672,173.6999969482422,171.33999633789062,172.5,64958723
2018-11-01,172.4600067138672,178.27999877929688,171.77999877929688,175.5399932861328,52198345
2018-11-02,178.5,181.0,175.72000122070312,175.72000122070312,145881987
2018-11-05,176.3800048828125,176.5800018310547,174.8000030517578,174.89999389648438,23418021
2018-11-06,175.0,175.6199951171875,171.97999572753906,172.9600067138672,26906631
2018-11-07,173.10000610351562,176.63999938964844,173.10000610351562,175.39999389648438,45259728
2018-11-08,176.13999938964844,180.0,176.13999938964844,178.89999389648438,36094586
2018-11-09,176.8000030517578,178.0,173.33999633789062,176.8000030517578,41871763
2018-11-12,177.1999969482422,177.22000122070312,170.6199951171875,170.74000549316406,43030561
2018-11-13,171.6999969482422,175.5800018310547,170.86000061035156,175.4600067138672,43385986
2018-11-14,175.0,176.75999450683594,172.52000427246094,173.5800018310547,34710962
2018-11-15,173.02000427246094,174.44000244140625,160.47999572753906,166.44000244140625,98099954
2018-11-16,167.47999572753906,168.94000244140625,163.44000244140625,164.97999572753906,57852586
2018-11-19,165.0,167.8000030517578,165.0,166.0800018310547,23590867
2018-11-20,164.8000030517578,165.9199981689453,160.67999267578125,161.5399932861328,37539709
2018-11-21,163.0399932861328,166.9199981689453,162.02000427246094,166.63999938964844,40538141
2018-11-22,166.74000549316406,167.5800018310547,164.39999389648438,165.52000427246094,33473310
2018-11-23,165.39999389648438,167.5,163.05999755859375,164.5399932861328,36989462
2018-11-26,166.4600067138672,169.3000030517578,166.4600067138672,168.6999969482422,35798057
2018-11-27,167.02000427246094,169.0,165.1199951171875,168.36000061035156,35348177
2018-11-28,168.47999572753906,170.0800018310547,166.16000366210938,166.8000030517578,46528217
2018-11-29,167.39999389648438,169.0,166.3800048828125,167.24000549316406,48274071
2018-11-30,167.55999755859375,167.55999755859375,161.5399932861328,162.8800048828125,56930709
2018-12-03,165.0399932861328,167.5399932861328,162.77999877929688,163.39999389648438,39053819
2018-12-04,164.10000610351562,165.52000427246094,158.8800048828125,159.1199951171875,77755231
2018-12-05,155.0800018310547,161.33999633789062,153.44000244140625,158.4600067138672,69986594
2018-12-06,157.02000427246094,157.17999267578125,152.3800048828125,153.32000732421875,69360218
2018-12-07,154.22000122070312,157.63999938964844,153.32000732421875,154.36000061035156,52239594
2018-12-10,153.39999389648438,155.3800048828125,152.22000122070312,153.36000061035156,61971887
2018-12-11,152.1999969482422,155.32000732421875,151.16000366210938,154.0399932861328,53710603
2018-12-12,152.8800048828125,159.47999572753906,151.67999267578125,159.0,85761698
2018-12-13,160.0399932861328,163.25999450683594,158.75999450683594,159.02000427246094,55348886
2018-12-14,156.8800048828125,159.0,155.39999389648438,158.44000244140625,44436672
2018-12-17,156.39999389648438,158.3800048828125,152.02000427246094,152.83999633789062,60747200
2018-12-18,152.05999755859375,155.10000610351562,152.05999755859375,152.1999969482422,38879220
2018-12-19,152.1999969482422,153.5,151.02000427246094,151.4600067138672,33971431
2018-12-20,148.8000030517578,150.3000030517578,147.74000549316406,147.83999633789062,83225321
2018-12-21,148.0800018310547,149.0,146.16000366210938,149.0,104312937
2018-12-24,148.05999755859375,149.4199981689453,146.3000030517578,146.36000061035156,21661736
2018-12-27,148.72000122070312,149.24000549316406,145.0,146.0800018310547,28846377
2018-12-28,145.25999450683594,150.39999389648438,145.25999450683594,150.13999938964844,23548059
2018-12-31,148.10000610351562,150.52000427246094,147.75999450683594,150.52000427246094,11218424
2019-01-02,148.44000244140625,151.1999969482422,145.44000244140625,150.67999267578125,30140271
2019-01-03,149.4199981689453,154.22000122070312,148.63999938964844,150.25999450683594,43761563
2019-01-04,153.0399932861328,156.5800018310547,150.94000244140625,155.10000610351562,34380996
2019-01-07,155.16000366210938,157.10000610351562,152.77999877929688,155.4199981689453,41121106
2019-01-08,156.10000610351562,159.24000549316406,155.75999450683594,157.32000732421875,23750186
2019-01-09,159.0,159.0,156.17999267578125,156.82000732421875,29908109
2019-01-10,156.52000427246094,159.4600067138672,155.44000244140625,159.33999633789062,24283222
2019-01-11,158.52000427246094,158.86000061035156,155.5399932861328,157.22000122070312,29964836
2019-01-14,156.0800018310547,159.3000030517578,156.0,159.1199951171875,39430540
2019-01-15,161.0,162.36000061035156,157.74000549316406,159.10000610351562,31620615
2019-01-16,160.32000732421875,161.86000061035156,158.5800018310547,161.39999389648438,52890246
2019-01-17,159.75999450683594,161.13999938964844,157.8000030517578,160.3800048828125,25949153
2019-01-18,161.77999877929688,166.02000427246094,160.6199951171875,165.86000061035156,40871801
2019-01-21,165.86000061035156,165.94000244140625,163.17999267578125,164.9600067138672,19081195
2019-01-22,163.0800018310547,164.10000610351562,161.94000244140625,163.25999450683594,23556175
2019-01-23,162.44000244140625,163.22000122070312,160.82000732421875,162.86000061035156,16472115
2019-01-24,163.55999755859375,164.55999755859375,161.5,162.66000366210938,23991637
2019-01-25,163.5,164.4199981689453,163.0,164.10000610351562,29903977
2019-01-28,163.10000610351562,163.10000610351562,159.10000610351562,160.0800018310547,26265295
2019-01-29,160.0,162.5399932861328,159.32000732421875,161.3000030517578,64362766
2019-01-30,160.5,162.4600067138672,159.1999969482422,161.83999633789062,51379013
2019-01-31,160.6999969482422,161.8000030517578,156.66000366210938,158.17999267578125,49242728
2019-02-01,159.05999755859375,159.5399932861328,155.6999969482422,158.6199951171875,48364111
2019-02-04,158.5,159.60000610351562,157.55999755859375,158.39999389648438,35033974
2019-02-05,158.33999633789062,161.5399932861328,158.1999969482422,160.52000427246094,35828717
2019-02-06,159.82000732421875,161.83999633789062,158.5800018310547,161.5800018310547,42470095
2019-02-07,160.44000244140625,161.36000061035156,156.4199981689453,156.4199981689453,44383164
2019-02-08,156.94000244140625,158.0399932861328,154.94000244140625,155.94000244140625,33753322
2019-02-11,157.47999572753906,157.9199981689453,155.5399932861328,156.83999633789062,23954410
2019-02-12,157.83999633789062,158.5800018310547,157.27999877929688,158.05999755859375,18314982
2019-02-13,158.17999267578125,159.05999755859375,156.94000244140625,158.02000427246094,16834071
2019-02-14,158.39999389648438,159.36000061035156,156.3800048828125,156.9600067138672,16196805
2019-02-15,156.8800048828125,159.94000244140625,156.55999755859375,159.5,24137384
2019-02-18,160.0,160.13999938964844,158.0,158.1199951171875,21331507
2019-02-19,158.0,159.05999755859375,157.1999969482422,159.0,24078775
2019-02-20,158.60000610351562,161.39999389648438,157.97999572753906,160.8800048828125,46171558
2019-02-21,165.6999969482422,168.63999938964844,160.0,160.77999877929688,54673325
2019-02-22,158.74000549316406,160.32000732421875,155.9600067138672,156.13999938964844,64590604
2019-02-25,156.4600067138672,159.72000122070312,154.60000610351562,159.22000122070312,123302392
2019-02-26,158.60000610351562,165.3000030517578,157.97999572753906,164.89999389648438,94779694
2019-02-27,163.67999267578125,168.36000061035156,163.67999267578125,166.89999389648438,54904955
2019-02-28,162.86000061035156,166.0800018310547,162.02000427246094,164.16000366210938,48669408
2019-03-01,165.32000732421875,165.3800048828125,162.0399932861328,162.5,37978418
2019-03-04,163.3800048828125,165.1999969482422,163.05999755859375,163.74000549316406,56376661
2019-03-05,164.0,165.6199951171875,163.4199981689453,164.55999755859375,153922400
2019-03-06,164.97999572753906,166.4199981689453,163.97999572753906,165.32000732421875,82958305
2019-03-07,164.9199981689453,165.47999572753906,160.0399932861328,162.27999877929688,53376219
2019-03-08,160.02000427246094,160.66000366210938,157.83999633789062,158.77999877929688,48810878
2019-03-11,159.86000061035156,161.0,159.0,161.0,29078530
2019-03-12,162.83999633789062,165.52000427246094,162.0800018310547,162.86000061035156,51935288
2019-03-13,162.05999755859375,164.6999969482422,161.63999938964844,163.89999389648438,106573971
2019-03-14,164.9199981689453,167.05999755859375,164.16000366210938,164.97999572753906,45237564
2019-03-15,165.5,165.94000244140625,164.4199981689453,165.94000244140625,69892412
2019-03-18,166.0,166.22000122070312,165.1999969482422,166.22000122070312,41757822
2019-03-19,166.5399932861328,169.44000244140625,165.39999389648438,168.60000610351562,37292304
2019-03-20,168.44000244140625,168.9199981689453,164.33999633789062,164.44000244140625,50566922
2019-03-21,163.77999877929688,164.1999969482422,160.22000122070312,160.5800018310547,40966425
2019-03-22,160.4600067138672,162.0,155.0,155.44000244140625,54265702
2019-03-25,155.39999389648438,156.5399932861328,153.4199981689453,155.5399932861328,33837424
2019-03-26,155.55999755859375,156.16000366210938,152.8000030517578,153.3000030517578,39907078
2019-03-27,154.6199951171875,157.82000732421875,153.39999389648438,155.5399932861328,47161776
2019-03-28,155.5399932861328,155.97999572753906,152.9199981689453,153.0800018310547,29229204
2019-03-29,154.44000244140625,155.39999389648438,152.97999572753906,154.67999267578125,33607623
2019-04-01,155.1999969482422,158.5800018310547,155.0,158.32000732421875,33997748
2019-04-02,158.3800048828125,161.13999938964844,157.82000732421875,160.0,29387265
2019-04-03,161.89999389648438,164.16000366210938,160.97999572753906,164.0,108305713
2019-04-04,164.44000244140625,165.25999450683594,162.60000610351562,164.66000366210938,46618350
2019-04-05,165.44000244140625,165.82000732421875,162.1199951171875,162.75999450683594,46549562
2019-04-08,162.44000244140625,163.32000732421875,160.97999572753906,162.1199951171875,27047782
2019-04-09,161.60000610351562,163.89999389648438,160.67999267578125,161.44000244140625,22958172
2019-04-10,162.25999450683594,162.89999389648438,160.44000244140625,161.13999938964844,15023648
2019-04-11,162.05999755859375,164.8800048828125,161.55999755859375,163.67999267578125,25734878
2019-04-12,163.9600067138672,167.72000122070312,162.94000244140625,165.9600067138672,37877028
2019-04-15,168.0,168.52000427246094,166.05999755859375,167.67999267578125,35424658
2019-04-16,168.4600067138672,169.36000061035156,166.6999969482422,167.39999389648438,30302038
2019-04-17,168.75999450683594,170.0800018310547,167.86000061035156,168.9199981689453,37307158
2019-04-18,169.39999389648438,170.0,166.6199951171875,169.39999389648438,36191982
2019-04-23,169.82000732421875,170.4600067138672,164.24000549316406,166.5800018310547,38797261
2019-04-24,165.33999633789062,167.10000610351562,164.0,166.3800048828125,69575842
2019-04-25,165.5,165.5,159.0800018310547,160.39999389648438,39058951
2019-04-26,160.0800018310547,161.67999267578125,158.25999450683594,161.0399932861328,32612328
2019-04-29,161.75999450683594,164.72000122070312,161.4199981689453,164.6999969482422,31281940
2019-04-30,165.0399932861328,165.39999389648438,162.9199981689453,164.27999877929688,43942256
2019-05-01,164.55999755859375,167.0800018310547,163.5399932861328,163.5399932861328,15992214
2019-05-02,163.66000366210938,166.13999938964844,162.74000549316406,164.5399932861328,21953392
2019-05-03,164.10000610351562,165.9600067138672,163.17999267578125,163.67999267578125,30493616
2019-05-07,162.47999572753906,162.89999389648438,159.1199951171875,159.4199981689453,57021032
2019-05-08,159.0,159.8000030517578,156.8000030517578,159.55999755859375,36524855
2019-05-09,158.86000061035156,159.0,156.36000061035156,156.86000061035156,67875683
2019-05-10,157.94000244140625,159.75999450683594,156.82000732421875,157.52000427246094,32144009
2019-05-13,158.52000427246094,158.97999572753906,154.39999389648438,155.10000610351562,27545969
2019-05-14,155.13999938964844,157.72000122070312,155.05999755859375,157.63999938964844,22838968
2019-05-15,161.39999389648438,161.39999389648438,157.86000061035156,160.0,33142294
2019-05-16,159.3000030517578,160.97999572753906,158.17999267578125,160.67999267578125,21533907
2019-05-17,159.39999389648438,160.1199951171875,157.05999755859375,158.74000549316406,21583524
2019-05-20,159.13999938964844,159.4600067138672,154.94000244140625,156.36000061035156,25184744
2019-05-21,156.8000030517578,158.8000030517578,156.17999267578125,157.0,30334065
2019-05-22,156.89999389648438,157.44000244140625,152.36000061035156,152.82000732421875,69987679
2019-05-23,151.5800018310547,151.82000732421875,147.66000366210938,149.5,39043440
2019-05-24,150.77999877929688,151.55999755859375,148.8800048828125,149.25999450683594,29139281
2019-05-28,149.13999938964844,150.86000061035156,148.4600067138672,150.66000366210938,48841492
2019-05-29,148.86000061035156,150.9199981689453,148.0,150.75999450683594,29141132
2019-05-30,151.44000244140625,153.77999877929688,150.66000366210938,150.89999389648438,22478909
2019-05-31,149.33999633789062,150.44000244140625,148.44000244140625,149.33999633789062,46562842
2019-06-03,148.0399932861328,150.32000732421875,147.5,149.47999572753906,44774283
2019-06-04,149.27999877929688,154.39999389648438,149.0800018310547,154.10000610351562,49006117
2019-06-05,154.1999969482422,154.1999969482422,151.05999755859375,152.5,67049984
2019-06-06,153.33999633789062,153.52000427246094,149.60000610351562,151.24000549316406,31278842
2019-06-07,151.67999267578125,152.55999755859375,150.1999969482422,151.05999755859375,21154119
2019-06-10,151.97999572753906,153.74000549316406,150.6999969482422,153.0800018310547,21160315
2019-06-11,152.6199951171875,154.05999755859375,151.52000427246094,152.22000122070312,22900404
2019-06-12,150.77999877929688,151.3000030517578,149.6199951171875,150.47999572753906,24086085
2019-06-13,149.67999267578125,150.1199951171875,148.74000549316406,149.52000427246094,31869890
2019-06-14,148.75999450683594,149.32000732421875,147.82000732421875,149.0,24241710
2019-06-17,149.25999450683594,151.63999938964844,149.25999450683594,150.74000549316406,26511504
2019-06-18,150.5,152.74000549316406,149.3000030517578,151.60000610351562,30884820
2019-06-19,151.27999877929688,153.86000061035156,151.22000122070312,153.22000122070312,30129518
2019-06-20,152.75999450683594,153.52000427246094,150.4600067138672,150.47999572753906,27212037
2019-06-21,150.83999633789062,152.63999938964844,148.6999969482422,148.6999969482422,79909331
2019-06-24,149.0,149.86000061035156,147.8000030517578,148.4600067138672,58858446
2019-06-25,147.47999572753906,147.63999938964844,145.77999877929688,146.89999389648438,27052544
2019-06-26,146.66000366210938,149.3000030517578,146.63999938964844,149.3000030517578,40422872
2019-06-27,150.44000244140625,151.8800048828125,149.33999633789062,150.0,21677392
2019-06-28,150.0,150.83999633789062,148.8000030517578,149.8000030517578,27885051
2019-07-01,151.77999877929688,153.0800018310547,151.32000732421875,152.52000427246094,93933886
2019-07-02,154.0800018310547,154.72000122070312,152.10000610351562,153.77999877929688,26919563
2019-07-03,153.52000427246094,154.97999572753906,152.9600067138672,154.97999572753906,21486262
2019-07-04,154.9600067138672,156.44000244140625,154.36000061035156,155.9600067138672,19335461
2019-07-05,155.5800018310547,158.4600067138672,155.33999633789062,157.22000122070312,38847901
2019-07-08,157.1199951171875,159.0,155.60000610351562,156.9199981689453,84330908
2019-07-09,156.47999572753906,157.22000122070312,154.4600067138672,156.44000244140625,24010608
2019-07-10,156.83999633789062,158.94000244140625,156.3000030517578,156.47999572753906,34723823
2019-07-11,156.97999572753906,158.13999938964844,156.05999755859375,157.94000244140625,28734987
2019-07-12,159.0800018310547,159.83999633789062,157.17999267578125,157.1999969482422,23590936
2019-07-15,156.8000030517578,157.32000732421875,154.72000122070312,156.77999877929688,20102161
2019-07-16,156.33999633789062,158.5800018310547,156.33999633789062,158.0800018310547,28751304
2019-07-17,157.97999572753906,158.0,155.10000610351562,155.77999877929688,19276599
2019-07-18,154.8800048828125,156.75999450683594,154.5,156.32000732421875,27047530
2019-07-19,156.8800048828125,157.32000732421875,154.75999450683594,155.6199951171875,26541048
2019-07-22,156.27999877929688,157.4199981689453,155.3800048828125,156.60000610351562,23556379
2019-07-23,157.39999389648438,161.02000427246094,157.16000366210938,160.10000610351562,30747922
2019-07-24,160.0,160.52000427246094,158.1999969482422,159.9199981689453,20769565
2019-07-25,161.25999450683594,161.5,157.86000061035156,159.5399932861328,33082431
2019-07-26,159.16000366210938,160.47999572753906,158.3800048828125,160.0800018310547,19674229
2019-07-29,159.3000030517578,161.3000030517578,158.94000244140625,160.82000732421875,36762512
2019-07-30,160.27999877929688,160.6199951171875,157.3000030517578,157.72000122070312,36105583
2019-07-31,157.0,160.27999877929688,152.6199951171875,154.0800018310547,58800125
2019-08-01,155.5,159.52999877929688,154.3800048828125,155.8800048828125,49978955
2019-08-02,154.32000732421875,154.63999938964844,151.75999450683594,153.16000366210938,214718672
2019-08-05,150.97999572753906,151.63999938964844,146.5399932861328,147.3000030517578,282344614
2019-08-06,147.5,149.5,145.86000061035156,147.24000549316406,62402418
2019-08-07,148.36000061035156,148.77999877929688,145.97999572753906,147.5399932861328,29807601
2019-08-08,146.3000030517578,147.0800018310547,143.52000427246094,145.9199981689453,99598938
2019-08-09,144.32000732421875,147.32000732421875,143.32000732421875,143.75999450683594,27373127
2019-08-12,144.75999450683594,145.0,141.47999572753906,141.47999572753906,92185786
2019-08-13,141.47999572753906,142.66000366210938,140.22000122070312,141.10000610351562,35453739
2019-08-14,141.33999633789062,141.97999572753906,138.0800018310547,138.75999450683594,40414641
2019-08-15,138.75999450683594,139.3000030517578,136.46800231933594,137.1999969482422,46069480
2019-08-16,138.55999755859375,140.0,137.27999877929688,139.82000732421875,41389283
2019-08-19,140.3000030517578,141.52000427246094,140.1199951171875,140.60000610351562,40913390
2019-08-20,140.55999755859375,141.36900329589844,137.9199981689453,138.47999572753906,113580699
2019-08-21,138.5,140.4600067138672,138.5,139.17999267578125,87447577
2019-08-22,138.5399932861328,140.3000030517578,138.39999389648438,139.32000732421875,30987696
2019-08-23,140.55999755859375,141.1999969482422,138.0399932861328,138.0399932861328,28748111
2019-08-27,137.74000549316406,138.0399932861328,136.47999572753906,136.67999267578125,57867087
2019-08-28,136.97999572753906,137.75999450683594,134.6999969482422,136.16000366210938,65332813
2019-08-29,135.5,137.82000732421875,135.14100646972656,137.5399932861328,37868778
2019-08-30,138.24000549316406,138.47999572753906,135.8000030517578,136.60000610351562,30570424
2019-09-02,137.5399932861328,138.9600067138672,137.2209930419922,137.5399932861328,17558771
2019-09-03,137.39999389648438,137.85899353027344,136.05999755859375,137.32000732421875,23726386
2019-09-04,137.9199981689453,138.5399932861328,136.82000732421875,137.36000061035156,64499402
2019-09-05,138.0,140.02000427246094,137.33999633789062,139.82000732421875,38887890
2019-09-06,139.83999633789062,141.1199951171875,138.66000366210938,140.10000610351562,32240129
2019-09-09,139.8000030517578,140.77999877929688,138.3800048828125,140.77999877929688,70595248
2019-09-10,140.0399932861328,149.0,140.0399932861328,147.67999267578125,82448390
2019-09-11,148.8800048828125,150.16000366210938,147.77000427246094,148.6999969482422,67572371
2019-09-12,148.6999969482422,149.3000030517578,131.03599548339844,148.6999969482422,45365639
2019-09-13,149.0,157.3000030517578,148.3979949951172,150.11300659179688,55723247
2019-09-16,155.36000061035156,156.67999267578125,152.89999389648438,153.47999572753906,58826500
2019-09-17,152.75999450683594,153.28900146484375,149.05999755859375,149.1999969482422,77556704
2019-09-18,150.0,150.23899841308594,148.0,148.0,46776416
2019-09-19,148.39999389648438,150.47999572753906,147.67999267578125,150.47999572753906,27138898
2019-09-20,151.0,153.13999938964844,150.27999877929688,151.5399932861328,81170079
2019-09-23,150.60000610351562,151.16000366210938,147.27999877929688,149.25999450683594,21093444
2019-09-24,149.0,150.02000427246094,146.69900512695312,147.0399932861328,28001800
2019-09-25,145.77999877929688,148.1199951171875,144.3800048828125,148.1199951171875,45278202
2019-09-26,147.67999267578125,149.74000549316406,147.4199981689453,149.13999938964844,36969316
2019-09-27,149.5399932861328,151.24000549316406,148.89999389648438,150.9199981689453,28929397
2019-09-30,151.13999938964844,151.97999572753906,150.0399932861328,150.39999389648438,27681120
2019-10-01,150.27999877929688,152.0,149.60000610351562,149.63999938964844,34175644
2019-10-02,149.25999450683594,149.25999450683594,144.32000732421875,144.32000732421875,38770652
2019-10-03,143.4600067138672,143.83999633789062,139.9600067138672,142.05999755859375,31833504
2019-10-04,142.86000061035156,143.10000610351562,140.6999969482422,142.94000244140625,23361466
2019-10-07,142.97999572753906,144.33999633789062,141.17999267578125,144.33999633789062,26154335
2019-10-08,146.0800018310547,146.0800018310547,142.8000030517578,143.94000244140625,38081192
2019-10-09,143.66000366210938,145.75999450683594,143.0,145.0,98990874
2019-10-10,144.4600067138672,149.60000610351562,144.4600067138672,149.1999969482422,50756258
2019-10-11,149.9600067138672,160.68499755859375,149.54100036621094,160.47999572753906,123587863
2019-10-14,158.0,160.68499755859375,149.54100036621094,157.60000610351562,42147458
2019-10-15,159.17999267578125,167.77999877929688,156.78199768066406,164.0399932861328,112820443
2019-10-16,165.60000610351562,166.0800018310547,159.82000732421875,164.25999450683594,90129526
2019-10-17,162.75999450683594,170.3800048828125,161.2209930419922,164.0,106525171
2019-10-18,162.97999572753906,167.82000732421875,162.05999755859375,165.0,69390679
2019-10-21,165.9199981689453,167.9199981689453,165.32000732421875,165.6199951171875,48873819
2019-10-22,165.25999450683594,166.82899475097656,164.5,165.3000030517578,86428355
2019-10-23,163.66000366210938,169.94000244140625,162.63999938964844,165.77999877929688,33461611
2019-10-24,165.77999877929688,167.25999450683594,164.97999572753906,166.39999389648438,41665835
2019-10-25,167.5,171.5800018310547,167.16299438476562,170.36000061035156,56669699
2019-10-28,170.10000610351562,171.50999450683594,167.16299438476562,170.5,39259001
2019-10-29,170.5,171.72000122070312,167.36000061035156,171.72000122070312,52268451
2019-10-30,171.75999450683594,172.22000122070312,166.67999267578125,168.4199981689453,39146621
2019-10-31,167.63999938964844,168.61099243164062,165.99899291992188,167.8000030517578,72593355
2019-11-01,167.39999389648438,167.39999389648438,164.72000122070312,167.17999267578125,57642346
2019-11-04,167.0,169.17999267578125,166.74000549316406,168.13999938964844,42592916
2019-11-05,170.0,170.25999450683594,167.9199981689453,169.16000366210938,28883746
2019-11-06,168.97999572753906,170.1999969482422,166.9199981689453,168.32000732421875,33001550
2019-11-07,168.27999877929688,170.60000610351562,167.9199981689453,170.0399932861328,39115024
2019-11-08,169.6999969482422,169.6999969482422,166.44000244140625,166.44000244140625,32194960
2019-11-11,165.5399932861328,172.0399932861328,164.00100708007812,171.63999938964844,56510091
2019-11-12,172.0,172.75999450683594,169.82000732421875,172.75999450683594,51856991
2019-11-13,170.74000549316406,171.08099365234375,168.83999633789062,170.8800048828125,23291755
2019-11-14,170.47999572753906,173.3000030517578,169.36000061035156,170.10000610351562,37107435
2019-11-15,171.39999389648438,172.27999877929688,168.5,170.74000549316406,26795954
2019-11-18,171.25999450683594,173.38600158691406,170.02000427246094,170.32000732421875,31399697
2019-11-19,171.32000732421875,173.39999389648438,169.67999267578125,170.4199981689453,25796847
2019-11-20,169.16000366210938,169.4199981689453,167.25999450683594,169.1999969482422,43279995
2019-11-21,167.39999389648438,168.44000244140625,165.9199981689453,168.17999267578125,26167704
2019-11-22,168.0,170.16000366210938,167.02000427246094,169.25999450683594,24545024
2019-11-25,170.55999755859375,172.52000427246094,168.6999969482422,172.0,29112403
2019-11-26,172.16000366210938,174.02000427246094,170.86000061035156,171.74000549316406,42582224
2019-11-27,172.86000061035156,175.0469970703125,171.6199951171875,174.4199981689453,35393262
2019-11-28,175.8000030517578,176.19000244140625,173.75999450683594,174.22000122070312,30474291
2019-11-29,174.13999938964844,174.22000122070312,171.4199981689453,171.5399932861328,28532134
2019-12-02,171.5,172.27999877929688,169.0399932861328,169.17999267578125,47771495
2019-12-03,169.0,170.47999572753906,164.60000610351562,166.33999633789062,45455357
2019-12-04,165.0,169.16000366210938,164.94000244140625,167.16000366210938,29835743
2019-12-05,166.86000061035156,168.67999267578125,165.5399932861328,167.16000366210938,49974529
2019-12-06,168.22000122070312,170.22000122070312,167.5,169.39999389648438,20971015
2019-12-09,169.5,172.10000610351562,169.05999755859375,171.67999267578125,36216265
2019-12-10,171.67999267578125,171.67999267578125,167.16000366210938,170.13999938964844,51972517
2019-12-11,169.5,170.52000427246094,168.17999267578125,168.67999267578125,56576014
2019-12-12,170.0,172.72000122070312,169.6199951171875,171.86000061035156,44604235
2019-12-13,185.0,187.67999267578125,170.74000549316406,182.47999572753906,183046871
2019-12-16,183.77999877929688,192.99000549316406,183.32000732421875,192.4600067138672,109295227
2019-12-17,189.83999633789062,191.74000549316406,185.36000061035156,187.36000061035156,52622212
2019-12-18,185.1999969482422,187.27999877929688,184.4600067138672,185.1199951171875,41111821
2019-12-19,185.67999267578125,185.7100067138672,182.1199951171875,183.3800048828125,44095125
2019-12-20,183.32000732421875,183.72300720214844,178.3489990234375,178.4199981689453,90725761
2019-12-23,177.8800048828125,180.64999389648438,177.24000549316406,179.4600067138672,87793327
2019-12-24,180.0,180.55999755859375,179.3800048828125,180.0,26428457
2019-12-27,182.24000549316406,182.35000610351562,179.36000061035156,181.5,18054510
2019-12-30,181.36000061035156,182.16000366210938,180.13999938964844,180.24000549316406,36499610
2019-12-31,178.36000061035156,180.3800048828125,177.5,179.63999938964844,13247081
2020-01-02,180.0800018310547,186.1999969482422,179.25999450683594,185.1999969482422,34370855
2020-01-03,184.16000366210938,184.9499969482422,181.3000030517578,183.3000030517578,27868540
2020-01-06,181.9199981689453,182.42999267578125,178.63999938964844,180.97999572753906,26746306
2020-01-07,180.55999755859375,183.4499969482422,175.0,183.13999938964844,25508436
2020-01-08,181.1199951171875,183.0399932861328,180.22000122070312,182.0399932861328,28272528
2020-01-09,184.22000122070312,184.8000030517578,181.8699951171875,182.86000061035156,26927681
2020-01-10,182.13999938964844,182.58999633789062,180.39999389648438,181.0,18841487
2020-01-13,181.1999969482422,182.58999633789062,179.75999450683594,181.67999267578125,29073687
2020-01-14,181.8800048828125,182.10000610351562,179.1999969482422,181.0,29601850
2020-01-15,180.8000030517578,181.70799255371094,177.52000427246094,178.5,48507487
2020-01-16,178.0,179.0399932861328,174.44000244140625,176.8000030517578,40833263
2020-01-17,178.02000427246094,178.52000427246094,175.0,175.24000549316406,39232128
2020-01-20,175.63999938964844,175.99000549316406,174.7100067138672,175.0,40252357
2020-01-21,173.1999969482422,175.24000549316406,172.5,174.39999389648438,41543663
2020-01-22,175.36000061035156,175.875,173.697998046875,174.75999450683594,37906829
2020-01-23,174.9199981689453,175.6300048828125,171.05999755859375,171.5,36096342
2020-01-24,173.52000427246094,175.99000549316406,173.3800048828125,173.44000244140625,30346248
2020-01-27,172.0,172.4199981689453,169.72000122070312,170.67999267578125,22028619
2020-01-28,171.0,172.32000732421875,169.1999969482422,172.02000427246094,23574278
2020-01-29,173.1999969482422,173.60000610351562,171.0,172.02000427246094,24723987
2020-01-30,169.83999633789062,172.0,169.27999877929688,171.5,31571302
2020-01-31,172.67999267578125,172.89999389648438,167.83999633789062,168.0,30957886
2020-02-03,168.75999450683594,171.05999755859375,168.13999938964844,169.67999267578125,20908923
2020-02-04,171.4600067138672,172.83999633789062,170.06199645996094,172.0,25943981
2020-02-05,171.47999572753906,173.5399932861328,170.63999938964844,172.9600067138672,45799552
2020-02-06,175.39999389648438,177.9600067138672,174.97500610351562,176.72000122070312,44900146
2020-02-07,176.16000366210938,177.16000366210938,174.44000244140625,177.16000366210938,28415827
2020-02-10,175.72000122070312,178.4600067138672,175.6199951171875,176.89999389648438,24270086
2020-02-11,179.17999267578125,179.9199981689453,177.5800018310547,179.02000427246094,53077341
2020-02-12,179.66000366210938,181.3000030517578,174.47999572753906,179.33999633789062,37065004
2020-02-13,173.0399932861328,181.0,172.5,176.32000732421875,66320954
2020-02-14,176.16000366210938,177.36000061035156,174.10000610351562,175.9199981689453,45491839
2020-02-17,176.4199981689453,179.5800018310547,175.9199981689453,177.6999969482422,44760510
2020-02-18,176.0,180.32000732421875,174.86000061035156,175.0800018310547,37375227
2020-02-19,175.67999267578125,178.13999938964844,175.55999755859375,176.74000549316406,23823522
2020-02-20,177.47999572753906,184.0,176.75999450683594,181.32000732421875,61331728
2020-02-21,180.33999633789062,181.97999572753906,177.97999572753906,179.6199951171875,55407380
2020-02-24,174.17999267578125,174.63999938964844,168.24000549316406,170.02000427246094,110455869
2020-02-25,171.1999969482422,171.9199981689453,165.4600067138672,165.86000061035156,58799289
2020-02-26,165.8000030517578,166.5800018310547,161.9199981689453,165.94000244140625,79663724
2020-02-27,157.83999633789062,163.8000030517578,151.3800048828125,154.44000244140625,86684922
2020-02-28,150.4199981689453,153.8000030517578,146.60000610351562,148.74000549316406,135279400
2020-03-02,152.17999267578125,152.36000061035156,141.02000427246094,143.3000030517578,121644563
2020-03-03,146.55999755859375,147.0800018310547,139.25999450683594,139.55999755859375,127613836
2020-03-04,140.32000732421875,141.5399932861328,137.4199981689453,138.5399932861328,111314954
2020-03-05,138.82000732421875,139.75999450683594,134.01800537109375,134.67999267578125,89049029
2020-03-06,132.3000030517578,134.22000122070312,129.33999633789062,130.94000244140625,75493609
2020-03-09,123.30000305175781,124.63999938964844,117.13999938964844,118.0999984741211,145382066
2020-03-10,120.19999694824219,125.66000366210938,115.77999877929688,116.83999633789062,93758905
2020-03-11,118.05999755859375,121.81999969482422,115.9000015258789,117.94000244140625,103760553
2020-03-12,110.0,111.84400177001953,97.0,97.5199966430664,180121998
2020-03-13,105.0,111.0199966430664,96.63999938964844,102.37999725341797,154975322
2020-03-16,96.05999755859375,96.69000244140625,83.04000091552734,89.05999755859375,137258666
2020-03-17,92.69999694824219,94.8270034790039,80.70999908447266,87.76000213623047,135397275
2020-03-18,83.79000091552734,85.50199890136719,80.31999969482422,83.19999694824219,122678276
2020-03-19,83.30000305175781,83.97000122070312,73.04000091552734,83.73999786376953,181813611
2020-03-20,90.0,91.23999786376953,83.9800033569336,89.0199966430664,234374785
2020-03-23,80.0,88.73999786376953,79.2699966430664,84.69999694824219,88162933
2020-03-24,88.87000274658203,96.0199966430664,86.69000244140625,96.0199966430664,93840271
2020-03-25,99.55999755859375,115.7969970703125,97.2699966430664,105.77999877929688,117817465
2020-03-26,101.04000091552734,107.9800033569336,97.0,107.9800033569336,93679670
2020-03-27,103.04000091552734,104.55699920654297,95.3499984741211,97.37000274658203,91655178
2020-03-30,96.06999969482422,104.55699920654297,89.01000213623047,94.0,68438334
2020-03-31,94.05999755859375,104.55699920654297,89.77400207519531,94.11000061035156,115570307
2020-04-01,87.0,90.47000122070312,82.86000061035156,82.86000061035156,128275526
2020-04-02,83.0999984741211,86.91999816894531,80.91000366210938,81.62000274658203,135087059
2020-04-03,81.66000366210938,83.30999755859375,80.0,80.23999786376953,94613738
2020-04-06,83.0,87.5250015258789,82.68399810791016,86.55999755859375,92998962
2020-04-07,90.0,100.27999877929688,89.56199645996094,94.79000091552734,116393334
2020-04-08,92.63999938964844,94.51499938964844,90.30799865722656,92.6500015258789,83803942
2020-04-09,94.45999908447266,98.98999786376953,92.92500305175781,97.58000183105469,99457766
2020-04-14,97.98999786376953,99.9000015258789,93.13999938964844,93.55000305175781,65998085
2020-04-15,92.83000183105469,93.4749984741211,87.0,87.0,215800815
2020-04-16,87.80999755859375,91.0199966430664,85.46499633789062,87.08000183105469,85796816
2020-04-17,91.16999816894531,92.9000015258789,89.05000305175781,90.70999908447266,75365406
2020-04-20,91.5,92.19000244140625,88.88999938964844,91.01000213623047,47458721
2020-04-21,88.75,89.72000122070312,86.44000244140625,86.51000213623047,71559831
2020-04-22,87.41999816894531,88.0199966430664,85.16000366210938,87.69999694824219,114702624
2020-04-23,88.0,91.81999969482422,87.41000366210938,90.5999984741211,122176124
2020-04-24,89.19999694824219,90.80000305175781,87.54000091552734,88.61000061035156,44627087
2020-04-27,91.9800033569336,91.9800033569336,88.83999633789062,91.05999755859375,49340336
2020-04-28,91.27999877929688,99.23999786376953,91.18000030517578,97.76000213623047,89985993
2020-04-29,99.0,112.7300033569336,97.80000305175781,110.18000030517578,165145769
2020-04-30,112.0,114.62000274658203,105.37999725341797,105.9000015258789,141310957
2020-05-01,103.0,104.9800033569336,101.74800109863281,102.73999786376953,48948301
2020-05-04,99.5,102.0,98.69999694824219,99.68000030517578,60557969
2020-05-05,102.0,104.44000244140625,100.23999786376953,103.4000015258789,55451254
2020-05-06,103.19999694824219,104.22899627685547,100.72000122070312,100.86000061035156,62793019
2020-05-07,101.27999877929688,106.31999969482422,100.4000015258789,105.41999816894531,50540060
2020-05-11,107.63999938964844,108.69999694824219,102.13999938964844,102.5999984741211,70014920
2020-05-12,103.36000061035156,104.76000213623047,101.41999816894531,102.0,43251895
2020-05-13,100.0,101.08000183105469,98.01000213623047,98.01000213623047,63054163
2020-05-14,95.4800033569336,98.51000213623047,91.86000061035156,97.13999938964844,61997276
2020-05-15,97.86000061035156,101.0999984741211,96.12999725341797,97.44999694824219,45747626
2020-05-18,99.2300033569336,105.36000061035156,99.05999755859375,105.19999694824219,49098546
2020-05-19,107.58000183105469,108.23999786376953,102.60900115966797,104.72000122070312,49855725
2020-05-20,103.87999725341797,106.77999877929688,101.4000015258789,106.72000122070312,39082367
2020-05-21,104.4000015258789,105.85800170898438,103.18000030517578,103.91999816894531,49566772
2020-05-22,102.30000305175781,106.5999984741211,100.5999984741211,103.13999938964844,46027977
2020-05-26,107.62000274658203,110.81999969482422,106.59100341796875,110.77999877929688,81042993
2020-05-27,112.73999786376953,121.4000015258789,111.0979995727539,119.83999633789062,110243263
2020-05-28,121.5199966430664,124.93299865722656,118.4000015258789,122.62000274658203,88919715
2020-05-29,119.44000244140625,123.27999877929688,114.91999816894531,115.23999786376953,128278561
2020-06-01,117.5,120.80000305175781,116.80000305175781,120.77999877929688,49810343
2020-06-02,121.5199966430664,123.27999877929688,119.23999786376953,119.5,67513905
2020-06-03,122.05999755859375,125.31999969482422,120.30000305175781,125.31999969482422,75304789
2020-06-04,124.73999786376953,125.36399841308594,120.5999984741211,123.5199966430664,82742905
2020-06-05,126.4000015258789,132.72000122070312,124.54000091552734,131.39999389648438,120165390
2020-06-08,130.5,134.72000122070312,129.031005859375,131.8000030517578,76619331
2020-06-09,131.74000549316406,132.4600067138672,124.55999755859375,125.27999877929688,91790897
2020-06-10,126.27999877929688,130.27999877929688,123.36000061035156,124.0,61592626
2020-06-11,119.19999694824219,120.76000213623047,114.0,115.0,76691563
2020-06-12,112.5,121.4000015258789,112.0,117.05999755859375,69936980
2020-06-15,112.19999694824219,118.81999969482422,113.0199966430664,116.0999984741211,45669811
2020-06-16,121.45999908447266,126.4800033569336,119.16000366210938,122.68000030517578,73561276
2020-06-17,122.9000015258789,124.27999877929688,118.36000061035156,119.37999725341797,52763860
2020-06-18,118.86000061035156,121.0,117.05000305175781,118.63999938964844,58057406
2020-06-19,120.12000274658203,120.63999938964844,116.55999755859375,116.55999755859375,95260381
2020-06-22,115.83999633789062,118.5,114.58000183105469,115.30000305175781,76213234
2020-06-23,116.05999755859375,118.9800033569336,115.19999694824219,116.9000015258789,41982797
2020-06-24,116.16000366210938,117.9000015258789,111.83999633789062,111.86000061035156,44141039
2020-06-25,111.0,113.76000213623047,109.69999694824219,112.62000274658203,68711572
2020-06-26,114.23999786376953,115.4000015258789,110.9800033569336,110.9800033569336,34718153
2020-06-29,111.0,115.36000061035156,110.0999984741211,114.5,49161840
2020-06-30,115.12000274658203,115.94599914550781,112.55999755859375,114.41999816894531,37348805
2020-07-01,115.22000122070312,116.08000183105469,112.3759994506836,113.54000091552734,28248870
2020-07-02,115.05999755859375,119.54000091552734,113.9000015258789,117.9000015258789,49917085
2020-07-03,117.9000015258789,118.37999725341797,114.23999786376953,115.72000122070312,32838722
2020-07-06,117.0,128.0,115.94000244140625,117.30000305175781,33569883
2020-07-07,116.0999984741211,117.28900146484375,114.66000366210938,114.95999908447266,30825878
2020-07-08,114.0,115.69999694824219,113.9000015258789,114.4000015258789,22682955
2020-07-09,115.69999694824219,116.0,111.66000366210938,111.95999908447266,30987302
2020-07-10,111.62000274658203,118.05999755859375,111.0,117.76000213623047,34170193
2020-07-13,121.22000122070312,121.64399719238281,116.69999694824219,119.55999755859375,50200490
2020-07-14,118.27999877929688,120.19999694824219,116.45999908447266,119.36000061035156,42241323
2020-07-15,119.5,121.4000015258789,118.0199966430664,120.30000305175781,60019172
2020-07-16,119.81999969482422,121.30000305175781,118.08000183105469,118.58000183105469,33585809
2020-07-17,117.76000213623047,118.76000213623047,115.22000122070312,116.4000015258789,39498898
2020-07-20,115.4800033569336,117.31999969482422,114.73999786376953,116.22000122070312,25627739
2020-07-21,117.33999633789062,120.70500183105469,115.5199966430664,116.63999938964844,37541275
2020-07-22,116.73999786376953,118.27999877929688,114.9800033569336,117.41999816894531,43476755
2020-07-23,118.0,118.16000366210938,116.41999816894531,116.45999908447266,28397331
2020-07-24,115.0999984741211,116.04000091552734,113.5999984741211,113.5999984741211,33818949
2020-07-27,113.81999969482422,152.82000732421875,110.87999725341797,111.0,30918441
2020-07-28,111.0,112.66000366210938,110.37999725341797,111.86000061035156,36861631
2020-07-29,112.87999725341797,113.46700286865234,104.0,105.0199966430664,84847529
2020-07-30,105.0,105.36000061035156,98.72000122070312,100.77999877929688,59871200
2020-07-31,101.68000030517578,103.86000061035156,100.23999786376953,100.55999755859375,70172778
2020-08-03,100.72000122070312,104.08000183105469,99.5999984741211,103.81999969482422,40276909
2020-08-04,104.5199966430664,106.05999755859375,103.63999938964844,105.30000305175781,102952484
2020-08-05,106.0,107.5999984741211,105.31999969482422,107.33999633789062,39314509
2020-08-06,106.41999816894531,106.94000244140625,104.36000061035156,105.83999633789062,26960922
2020-08-07,105.16000366210938,105.58000183105469,103.01000213623047,104.5999984741211,44275008
2020-08-10,106.26000213623047,107.4800033569336,105.33999633789062,106.63999938964844,25747440
2020-08-11,107.0199966430664,112.23999786376953,106.87999725341797,111.76000213623047,39001421
2020-08-12,112.30000305175781,112.94000244140625,111.16000366210938,111.5,29669867
2020-08-13,110.5,111.68000030517578,108.08000183105469,108.08000183105469,21609203
2020-08-14,108.31999969482422,109.44000244140625,105.54000091552734,109.19999694824219,31089405
2020-08-17,108.66000366210938,110.86000061035156,107.91999816894531,107.94000244140625,24990890
2020-08-18,107.30000305175781,110.68000030517578,106.5199966430664,108.12000274658203,25067936
2020-08-19,107.5,110.19999694824219,107.05999755859375,110.19999694824219,18545911
2020-08-20,107.9800033569336,108.5199966430664,106.54000091552734,107.58000183105469,24819348
2020-08-21,107.4000015258789,108.4000015258789,106.13999938964844,108.0,34233555
2020-08-24,108.73999786376953,110.4000015258789,106.18000030517578,110.4000015258789,26568183
2020-08-25,111.04000091552734,112.45999908447266,108.99800109863281,109.13999938964844,28228370
2020-08-26,109.37999725341797,110.73999786376953,108.26000213623047,110.4000015258789,27591235
2020-08-27,109.76000213623047,111.8290023803711,109.68000030517578,110.54000091552734,20808450
2020-08-28,111.27999877929688,112.79499816894531,110.5999984741211,111.95999908447266,37493134
2020-09-01,110.41999816894531,111.16000366210938,105.86000061035156,105.9000015258789,60998790
2020-09-02,106.04000091552734,107.41999816894531,103.18000030517578,103.5,47192541
2020-09-03,104.26000213623047,108.30000305175781,103.94599914550781,105.55999755859375,29996389
2020-09-04,105.04000091552734,108.58000183105469,104.94000244140625,106.87999725341797,30751373
2020-09-07,107.5999984741211,108.69999694824219,106.26000213623047,106.94000244140625,14729583
2020-09-08,106.9800033569336,108.0199966430664,103.5999984741211,104.27999877929688,36782017
2020-09-09,103.0199966430664,104.87999725341797,102.36000061035156,104.87999725341797,43584298
2020-09-10,103.80000305175781,106.30000305175781,102.55999755859375,105.04000091552734,29812789
2020-09-11,104.9800033569336,104.9800033569336,102.58399963378906,102.62000274658203,21647791
2020-09-14,103.4000015258789,103.9000015258789,102.19999694824219,103.62000274658203,17394692
2020-09-15,103.22000122070312,103.58000183105469,102.22000122070312,102.63999938964844,28600393
2020-09-16,102.4000015258789,103.4000015258789,100.54000091552734,102.95999908447266,27509156
2020-09-17,101.08000183105469,101.31999969482422,99.0,100.54000091552734,46856482
2020-09-18,99.66000366210938,100.19999694824219,97.41999816894531,97.41999816894531,73544325
2020-09-21,96.04000091552734,96.66999816894531,88.9000015258789,92.16000366210938,78895072
2020-09-22,92.75,94.11000061035156,91.4000015258789,91.97000122070312,40473692
2020-09-23,93.19000244140625,96.19999694824219,92.24600219726562,92.9000015258789,40643007
2020-09-24,90.7699966430664,95.05000305175781,90.73999786376953,92.87000274658203,43704705
2020-09-25,94.23999786376953,94.62999725341797,91.12999725341797,91.55000305175781,33180100
2020-09-28,93.5,98.44000244140625,92.91000366210938,98.0,48500179
2020-09-29,97.11000061035156,98.27999877929688,96.30999755859375,97.25,38484870
2020-09-30,96.58000183105469,99.54000091552734,95.8489990234375,97.61000061035156,41223431
2020-10-01,98.83999633789062,99.91000366210938,96.9000015258789,98.0,39991603
2020-10-02,97.4800033569336,98.30000305175781,96.48999786376953,97.70999908447266,35973115
2020-10-05,99.69999694824219,100.68000030517578,98.08000183105469,99.44999694824219,80935616
2020-10-06,100.87999725341797,104.18000030517578,99.81999969482422,104.18000030517578,61172964
2020-10-07,103.83999633789062,107.45999908447266,103.41999816894531,104.5,72284882
2020-10-08,105.44000244140625,107.77899932861328,104.41999816894531,107.0999984741211,36922959
2020-10-09,107.94000244140625,109.0,106.54000091552734,107.27999877929688,50394313
2020-10-12,107.27999877929688,108.0,105.41999816894531,105.83999633789062,29455602
2020-10-13,106.44000244140625,106.44000244140625,101.72000122070312,102.0999984741211,55347707
2020-10-14,101.83999633789062,103.68000030517578,100.81999969482422,101.54000091552734,32678409
2020-10-15,100.5,100.7699966430664,97.9800033569336,100.12000274658203,36727928
2020-10-16,101.19999694824219,102.63999938964844,99.0,101.80000305175781,37486411
2020-10-19,102.5,104.08000183105469,101.12000274658203,103.36000061035156,22865749
2020-10-20,102.33999633789062,105.19999694824219,102.33999633789062,104.31999969482422,28477306
2020-10-21,104.91999816894531,106.0,102.63999938964844,102.72000122070312,37940575
2020-10-22,101.37999725341797,104.91999816894531,100.66000366210938,104.27999877929688,31440511
2020-10-23,108.5,113.30000305175781,106.54000091552734,111.54000091552734,97495567
2020-10-26,110.54000091552734,114.37999725341797,106.54000091552734,110.5199966430664,52191345
2020-10-27,112.62000274658203,113.0,106.5999984741211,106.5999984741211,52849727
2020-10-28,104.45999908447266,106.58000183105469,101.16000366210938,103.80000305175781,62752208
2020-10-29,104.44000244140625,106.80000305175781,102.08000183105469,104.66000366210938,44813216
2020-10-30,104.22000122070312,107.69999694824219,104.0,106.55999755859375,37873402
2020-11-02,107.0199966430664,107.13999938964844,104.62200164794922,107.04000091552734,44537297
2020-11-03,108.22000122070312,113.76000213623047,108.22000122070312,113.36000061035156,57652142
2020-11-04,111.83999633789062,113.04000091552734,108.5199966430664,110.37999725341797,49682057
2020-11-05,110.68000030517578,112.25299835205078,106.76000213623047,110.16000366210938,53515927
2020-11-06,111.05999755859375,113.4000015258789,110.0,110.94000244140625,68836974
2020-11-09,112.04000091552734,129.6199951171875,111.66000366210938,128.5399932861328,138499150
2020-11-10,129.13999938964844,136.0,127.62000274658203,134.39999389648438,144498633
2020-11-11,134.0800018310547,137.1199951171875,131.4600067138672,135.52000427246094,92506383
2020-11-12,133.47999572753906,133.9600067138672,129.63999938964844,132.36000061035156,68867988
2020-11-13,131.22000122070312,135.6999969482422,129.67999267578125,134.16000366210938,45650523
2020-11-16,136.1199951171875,138.8800048828125,135.5399932861328,138.77999877929688,71349413
2020-11-17,139.8800048828125,139.8800048828125,134.99600219726562,138.39999389648438,79501678
2020-11-18,137.55999755859375,142.17999267578125,135.82000732421875,141.60000610351562,52441640
2020-11-19,136.10000610351562,139.89999389648438,136.10000610351562,138.94000244140625,37442579
2020-11-20,138.17999267578125,139.60000610351562,137.39999389648438,137.75999450683594,30600035
2020-11-23,139.27999877929688,140.86000061035156,138.24000549316406,140.1999969482422,63641880
2020-11-24,142.0,150.25999450683594,141.32000732421875,150.1999969482422,78845811
2020-11-25,152.5,152.5,141.72000122070312,143.39999389648438,72137852
2020-11-26,143.24000549316406,143.6199951171875,137.86000061035156,141.10000610351562,34544240
2020-11-27,139.0,140.72000122070312,137.72000122070312,139.5,77855252
2020-11-30,140.0399932861328,140.0399932861328,134.55999755859375,134.55999755859375,66657521
2020-12-01,134.89999389648438,143.47999572753906,133.60000610351562,143.24000549316406,51536659
2020-12-02,142.77999877929688,146.94000244140625,141.63999938964844,146.94000244140625,46385964
2020-12-03,146.0,148.55999755859375,144.60000610351562,148.55999755859375,42251461
2020-12-04,147.6999969482422,150.1999969482422,147.0399932861328,148.6199951171875,92767366
2020-12-07,149.0,149.22000122070312,143.0399932861328,146.25999450683594,201179938
2020-12-08,144.77999877929688,147.25999450683594,143.73599243164062,146.36000061035156,37242394
2020-12-09,147.39999389648438,149.5,145.77999877929688,145.89999389648438,31964551
2020-12-10,145.39999389648438,145.8000030517578,137.99600219726562,141.75999450683594,143650430
2020-12-11,141.75999450683594,142.9600067138672,134.3000030517578,136.05999755859375,82366916
2020-12-14,138.5399932861328,145.05999755859375,138.47999572753906,142.36000061035156,60342841
2020-12-15,141.67999267578125,145.27999877929688,140.6199951171875,144.6999969482422,48178265
2020-12-16,145.0,149.55999755859375,143.63999938964844,144.1999969482422,41004979
2020-12-17,144.97999572753906,147.9199981689453,143.5,145.5399932861328,39062373
2020-12-18,144.82000732421875,145.77999877929688,142.74000549316406,145.0,61091622
2020-12-21,140.0,145.77999877929688,135.46299743652344,141.25999450683594,62377629
2020-12-22,141.3800048828125,146.67999267578125,141.02000427246094,145.97999572753906,59502325
2020-12-23,145.55999755859375,152.2310028076172,144.9199981689453,151.82000732421875,82164262
2020-12-24,154.6999969482422,158.2469940185547,153.3280029296875,154.60000610351562,32838786
2020-12-29,155.0,155.8939971923828,148.8000030517578,149.27999877929688,54336596
2020-12-30,149.63999938964844,153.08399963378906,148.6999969482422,148.8800048828125,22973899
2020-12-31,145.32000732421875,148.8679962158203,144.61300659179688,146.67999267578125,16230212
2021-01-04,147.02000427246094,149.05999755859375,142.4199981689453,143.52000427246094,45934459
2021-01-05,140.66000366210938,144.5399932861328,138.9149932861328,143.1999969482422,36696545
2021-01-06,146.0,156.05999755859375,145.4199981689453,155.0399932861328,88207450
2021-01-07,157.0800018310547,158.0,151.0050048828125,156.1199951171875,60453467
2021-01-08,157.33999633789062,158.1999969482422,152.5749969482422,152.9199981689453,35279721
2021-01-11,152.39999389648438,154.47999572753906,150.0399932861328,151.1999969482422,97258483
2021-01-12,150.94000244140625,154.86000061035156,150.94000244140625,154.24000549316406,27671875
2021-01-13,155.0,155.0,151.82000732421875,152.36000061035156,45710699
2021-01-14,152.94000244140625,154.8000030517578,152.36000061035156,152.86000061035156,29064530
2021-01-15,151.8800048828125,154.13999938964844,146.8000030517578,148.8000030517578,44861784
2021-01-18,148.4199981689453,151.4600067138672,147.8800048828125,151.32000732421875,18232370
2021-01-19,153.17999267578125,153.27999877929688,145.63999938964844,146.86000061035156,39908739
2021-01-20,146.0,153.0,144.03500366210938,146.32000732421875,34274687
2021-01-21,146.3000030517578,147.3000030517578,143.9600067138672,144.8000030517578,20750000
2021-01-22,143.60000610351562,144.33999633789062,141.9600067138672,143.05999755859375,52565137
2021-01-25,144.0,145.66000366210938,136.5800018310547,137.1199951171875,41080426
2021-01-26,136.8000030517578,140.74000549316406,136.75999450683594,139.44000244140625,43534642
2021-01-27,137.44000244140625,139.13999938964844,133.0,134.32000732421875,71178352
2021-01-28,132.8000030517578,137.13999938964844,130.17999267578125,136.5800018310547,51994502
2021-01-29,135.0800018310547,135.83999633789062,132.66000366210938,133.5399932861328,35497911
2021-02-01,135.1999969482422,137.24000549316406,133.0800018310547,134.83999633789062,29645822
2021-02-02,136.3000030517578,140.74000549316406,135.67999267578125,140.17999267578125,34967416
2021-02-03,142.13999938964844,145.39999389648438,139.36000061035156,141.8000030517578,44305349
2021-02-04,142.36000061035156,147.5399932861328,140.10000610351562,145.77999877929688,55719232
2021-02-05,148.9199981689453,149.10000610351562,145.39999389648438,147.22000122070312,61896323
2021-02-08,147.44000244140625,149.72000122070312,146.67999267578125,147.47999572753906,43942144
2021-02-09,147.24000549316406,148.5800018310547,146.22000122070312,147.6999969482422,22036215
2021-02-10,147.0,148.9600067138672,146.2519989013672,147.67999267578125,30458652
2021-02-11,146.0,147.82000732421875,144.33999633789062,145.9600067138672,23145752
2021-02-12,144.32000732421875,147.27999877929688,143.97999572753906,145.89999389648438,29981925
2021-02-15,148.33999633789062,154.89999389648438,148.0399932861328,153.9600067138672,109807959
2021-02-16,154.74000549316406,156.47999572753906,152.572998046875,155.55999755859375,38397229
2021-02-17,155.55999755859375,156.74000549316406,152.8800048828125,154.36000061035156,33211246
2021-02-18,151.52000427246094,155.24000549316406,145.0800018310547,147.5,91617217
2021-02-19,148.44000244140625,154.4810028076172,145.60000610351562,153.63999938964844,60807468
2021-02-22,152.1199951171875,154.72500610351562,149.15199279785156,154.25999450683594,30215704
2021-02-23,154.3000030517578,160.0,153.39999389648438,159.17999267578125,68232394
2021-02-24,158.5800018310547,165.25999450683594,157.58299255371094,164.5800018310547,83564176
2021-02-25,164.6999969482422,165.8000030517578,162.3800048828125,162.5399932861328,53517314
2021-02-26,159.13999938964844,164.72000122070312,157.75999450683594,159.60000610351562,81184844
2021-03-01,162.0,164.27999877929688,160.27999877929688,161.33999633789062,47114977
2021-03-02,160.67999267578125,164.0399932861328,159.74000549316406,162.22000122070312,31296043
2021-03-03,163.77999877929688,170.33999633789062,111.8270034790039,170.33999633789062,86451554
2021-03-04,170.94000244140625,171.17999267578125,165.6199951171875,166.66000366210938,43262872
2021-03-05,166.05999755859375,176.17999267578125,164.66000366210938,171.5800018310547,92300565
2021-03-08,173.47999572753906,178.17999267578125,173.11099243164062,177.9199981689453,84993372
2021-03-09,175.77999877929688,177.0,171.82000732421875,175.77999877929688,98181786
2021-03-10,173.1999969482422,176.60000610351562,172.5,174.0,42147591
2021-03-11,173.25999450683594,174.33999633789062,170.55999755859375,174.25999450683594,101975567
2021-03-12,176.02000427246094,180.72000122070312,174.63999938964844,180.60000610351562,83424067
2021-03-15,181.33999633789062,182.5399932861328,178.17999267578125,180.27999877929688,45420351
2021-03-16,182.0,185.81399536132812,181.3800048828125,183.02000427246094,74878061
2021-03-17,182.4600067138672,184.77999877929688,180.0800018310547,181.32000732421875,85698077
2021-03-18,182.6199951171875,184.94000244140625,180.02999877929688,183.8000030517578,47424759
2021-03-19,180.17999267578125,210.4499969482422,177.5800018310547,182.60000610351562,133130758
2021-03-22,179.89999389648438,185.5,178.3000030517578,180.9600067138672,102678713
2021-03-23,178.4600067138672,183.10000610351562,177.6999969482422,181.0800018310547,111007236
2021-03-24,179.27999877929688,186.5800018310547,177.94000244140625,184.22000122070312,93725377
2021-03-25,182.8000030517578,184.1199951171875,179.24000549316406,182.0399932861328,73354309
2021-03-26,184.27999877929688,185.10000610351562,182.6999969482422,182.9600067138672,73107263
2021-03-29,180.8000030517578,185.0500030517578,178.9199981689453,180.3800048828125,55454794
2021-03-30,182.9600067138672,190.33999633789062,182.36599731445312,189.13999938964844,69548927
2021-03-31,188.0800018310547,189.6199951171875,185.9199981689453,185.9199981689453,73896216
2021-04-01,186.0800018310547,190.0399932861328,183.86000061035156,184.0,97180484
2021-04-06,185.0,189.63999938964844,185.0,185.5800018310547,79645742
2021-04-07,186.75999450683594,190.0,186.0399932861328,187.36000061035156,58139462
2021-04-08,189.0,190.22000122070312,186.17999267578125,187.97999572753906,55098830
2021-04-09,189.13999938964844,189.13999938964844,183.9080047607422,185.6999969482422,69012903
2021-04-12,184.75999450683594,190.16000366210938,184.0,188.0800018310547,78525247
2021-04-13,187.16000366210938,190.1999969482422,186.6199951171875,186.82000732421875,66672523
2021-04-14,182.13999938964844,189.47999572753906,165.10000610351562,187.5800018310547,63661849
2021-04-15,188.8800048828125,190.17999267578125,184.6199951171875,184.63999938964844,58142184
2021-04-16,185.4199981689453,190.10000610351562,185.0,189.17999267578125,62082613
2021-04-19,188.05999755859375,189.75999450683594,182.0,187.67999267578125,41800957
2021-04-20,188.55999755859375,189.31900024414062,180.0,181.8000030517578,57315982
2021-04-21,181.22000122070312,185.5800018310547,179.0800018310547,180.74000549316406,62965545
2021-04-22,180.89999389648438,183.25999450683594,180.17999267578125,182.32000732421875,42056630
2021-04-23,180.74000549316406,182.44000244140625,178.36000061035156,181.97999572753906,83291209
2021-04-26,182.3800048828125,186.55999755859375,180.3800048828125,186.0800018310547,40721434
2021-04-27,185.6199951171875,187.66000366210938,184.3000030517578,186.5,52370374
2021-04-28,188.10000610351562,190.10000610351562,186.16000366210938,188.9600067138672,68836515
2021-04-29,189.77999877929688,190.5800018310547,187.25999450683594,188.72000122070312,54782804
2021-04-30,179.0,180.47999572753906,174.6199951171875,175.5,147740583
2021-05-04,177.5,179.47999572753906,169.66000366210938,170.89999389648438,89771624
2021-05-05,173.8800048828125,176.89999389648438,173.26600646972656,176.75999450683594,58059189
2021-05-06,177.02000427246094,177.8000030517578,175.24000549316406,177.10000610351562,73071388
2021-05-07,179.1999969482422,182.89999389648438,178.4530029296875,181.5399932861328,60271635
2021-05-10,183.16000366210938,186.1999969482422,182.8800048828125,185.4600067138672,62984368
2021-05-11,181.97999572753906,184.44000244140625,179.14999389648438,180.0,44109066
2021-05-12,180.1999969482422,183.13999938964844,178.75999450683594,181.4600067138672,36776980
2021-05-13,178.1999969482422,179.3000030517578,174.1999969482422,178.1999969482422,48908907
2021-05-14,182.32000732421875,182.32000732421875,179.17999267578125,180.6999969482422,35198377
2021-05-17,181.3800048828125,182.33999633789062,178.13999938964844,179.22000122070312,29206075
2021-05-18,181.66000366210938,182.39999389648438,178.33999633789062,180.25999450683594,33884356
2021-05-19,177.77999877929688,180.99000549316406,175.25999450683594,178.0800018310547,32876459
2021-05-20,180.74000549316406,181.0,177.4199981689453,178.8800048828125,28753461
2021-05-21,178.8800048828125,180.0,176.74000549316406,179.02000427246094,32681504
2021-05-24,180.10000610351562,180.97999572753906,178.16000366210938,179.67999267578125,18683315
2021-05-25,180.32000732421875,181.6199951171875,178.94000244140625,179.63999938964844,26189150
2021-05-26,178.83999633789062,179.572998046875,175.1199951171875,179.25999450683594,40727970
2021-05-27,178.74000549316406,184.1199951171875,178.55999755859375,183.6999969482422,60136371
2021-05-28,185.0,185.3000030517578,182.6999969482422,183.10000610351562,33343363
2021-06-01,185.0,186.8000030517578,184.10000610351562,185.5800018310547,28035436
2021-06-02,186.16000366210938,186.60000610351562,184.1999969482422,186.44000244140625,24455974
2021-06-03,187.25999450683594,187.25999450683594,184.02000427246094,186.33999633789062,20995195
2021-06-04,185.89999389648438,187.0,183.5399932861328,183.9600067138672,17250609
2021-06-07,184.5399932861328,188.02999877929688,184.02000427246094,186.97999572753906,31081962
2021-06-08,186.25999450683594,188.17999267578125,184.39999389648438,185.16000366210938,49034615
2021-06-09,184.52000427246094,184.75999450683594,179.74000549316406,180.5,31636423
2021-06-10,180.83999633789062,182.0399932861328,178.94000244140625,179.05999755859375,30700316
2021-06-11,178.74000549316406,181.0,178.44000244140625,180.39999389648438,24749966
2021-06-14,181.60000610351562,182.47999572753906,179.16000366210938,179.39999389648438,21613049
2021-06-15,179.44000244140625,179.5,177.0800018310547,179.22000122070312,38862480
2021-06-16,179.86000061035156,181.6999969482422,175.3800048828125,177.1199951171875,32392516
2021-06-17,178.3000030517578,181.89999389648438,177.77999877929688,178.82000732421875,45179342
2021-06-18,177.10000610351562,177.77999877929688,171.72999572753906,171.86000061035156,104144773
2021-06-21,169.94000244140625,173.4600067138672,167.97000122070312,172.94000244140625,38740763
2021-06-22,173.83999633789062,174.27999877929688,171.4199981689453,172.5399932861328,22908500
2021-06-23,172.5800018310547,174.39999389648438,172.57000732421875,172.8000030517578,19772874
2021-06-24,173.1999969482422,175.17999267578125,172.3800048828125,174.39999389648438,23417109
2021-06-25,176.0399932861328,176.6199951171875,173.5,174.83999633789062,18840303
2021-06-28,174.83999633789062,175.13999938964844,171.52000427246094,171.52000427246094,20576150
2021-06-29,172.17999267578125,177.0,171.82000732421875,173.1999969482422,24909381
2021-06-30,173.67999267578125,174.55999755859375,169.32000732421875,171.1199951171875,30481846
2021-07-01,172.94000244140625,176.1999969482422,172.94000244140625,175.3000030517578,34588336
2021-07-02,176.33999633789062,177.17999267578125,172.10000610351562,172.36000061035156,21799362
2021-07-05,172.5800018310547,178.2899932861328,172.32000732421875,177.6999969482422,22592068
2021-07-06,177.86000061035156,178.0800018310547,170.39999389648438,171.52000427246094,40959552
2021-07-07,171.52000427246094,173.93499755859375,170.4199981689453,172.5,28770363
2021-07-08,170.8800048828125,170.8800048828125,165.22000122070312,167.63999938964844,41982501
2021-07-09,168.60000610351562,217.6300048828125,167.5,173.36000061035156,38170667
2021-07-12,173.05999755859375,173.52000427246094,168.55999755859375,172.72000122070312,26113468
2021-07-13,175.32000732421875,176.54800415039062,169.8000030517578,170.0,38505222
2021-07-14,169.5399932861328,173.6199951171875,169.02000427246094,170.6999969482422,38592489
2021-07-15,171.25999450683594,171.25999450683594,168.13999938964844,169.1199951171875,31990226
2021-07-16,170.5,170.82000732421875,164.24000549316406,165.4199981689453,35153358
2021-07-19,162.83999633789062,164.03500366210938,156.91000366210938,159.32000732421875,42659558
2021-07-20,160.39999389648438,162.97999572753906,157.16000366210938,161.66000366210938,44276931
2021-07-21,161.60000610351562,167.8800048828125,161.22000122070312,167.1999969482422,27027116
2021-07-22,168.4199981689453,170.2989959716797,164.83999633789062,165.32000732421875,25686515
2021-07-23,166.52000427246094,168.55999755859375,165.52000427246094,167.1199951171875,18625582
2021-07-26,165.1999969482422,169.94000244140625,163.1999969482422,169.44000244140625,22089394
2021-07-27,169.36000061035156,170.13999938964844,166.47999572753906,169.3800048828125,21220583
2021-07-28,175.36000061035156,178.63999938964844,172.47999572753906,172.75999450683594,53572257
2021-07-29,174.13999938964844,177.74000549316406,174.13999938964844,176.22000122070312,32079518
2021-07-30,175.4199981689453,177.3000030517578,174.13999938964844,174.5,27799937
2021-08-02,176.86000061035156,179.22000122070312,175.4600067138672,175.89999389648438,30112526
2021-08-03,176.5,178.52000427246094,174.4199981689453,176.36000061035156,25957326
2021-08-04,178.1199951171875,179.1999969482422,176.39999389648438,178.83999633789062,44421678
2021-08-05,177.13999938964844,179.83999633789062,176.36000061035156,179.72000122070312,29177262
2021-08-06,179.3800048828125,183.39999389648438,178.93600463867188,182.66000366210938,43064760
2021-08-09,183.1999969482422,184.82000732421875,182.13999938964844,184.3800048828125,24985030
2021-08-10,184.9600067138672,185.8000030517578,183.5399932861328,185.3800048828125,23847919
2021-08-11,185.6999969482422,187.1999969482422,184.1510009765625,186.5,21471281
2021-08-12,184.5,186.36000061035156,181.16000366210938,184.25999450683594,33481678
2021-08-13,184.55999755859375,186.16000366210938,184.5,185.10000610351562,22421190
2021-08-16,183.0,184.8000030517578,180.63999938964844,182.9199981689453,49644007
2021-08-17,181.97999572753906,183.60000610351562,180.36000061035156,182.22000122070312,43163979
2021-08-18,182.0,182.89999389648438,179.13999938964844,182.39999389648438,176161271
2021-08-19,178.82000732421875,181.3000030517578,177.83999633789062,178.89999389648438,40544150
2021-08-20,179.1999969482422,180.1199951171875,176.9199981689453,179.32000732421875,27386058
2021-08-23,181.67999267578125,183.10000610351562,179.52000427246094,180.60000610351562,18508495
2021-08-24,182.13999938964844,182.13999938964844,179.04299926757812,181.82000732421875,29212706
2021-08-25,182.39999389648438,185.52999877929688,180.86000061035156,185.13999938964844,24880568
2021-08-26,183.67999267578125,186.02999877929688,183.1999969482422,184.5399932861328,38524901
2021-08-27,183.89999389648438,185.8000030517578,183.3800048828125,185.8000030517578,29684420
2021-08-31,183.0,185.63999938964844,179.33999633789062,184.89999389648438,65512687
2021-09-01,185.82000732421875,186.77999877929688,183.33999633789062,183.97999572753906,38587321
2021-09-02,183.39999389648438,185.75999450683594,183.0970001220703,185.47999572753906,22671065
2021-09-03,185.47999572753906,186.86000061035156,184.32000732421875,184.6999969482422,24072521
2021-09-06,185.16000366210938,186.82000732421875,184.47999572753906,185.60000610351562,11792101
2021-09-07,184.5800018310547,186.5,183.97999572753906,185.3800048828125,18954116
2021-09-08,183.6199951171875,184.24000549316406,181.39999389648438,182.4199981689453,49061492
2021-09-09,179.3800048828125,183.3719940185547,178.3000030517578,181.74000549316406,35584853
2021-09-10,183.33999633789062,183.718994140625,179.94000244140625,180.25999450683594,30709605
2021-09-13,182.55999755859375,184.6199951171875,181.32000732421875,184.13999938964844,1549882
2021-09-14,183.16000366210938,184.3000030517578,180.60000610351562,180.94000244140625,27875505
2021-09-15,180.25999450683594,182.5,179.13999938964844,179.86000061035156,49605732
2021-09-16,180.0,183.60000610351562,179.84500122070312,182.6999969482422,28606806
2021-09-17,183.0,184.89999389648438,181.1999969482422,182.72000122070312,74010939
2021-09-20,179.0,179.71800231933594,174.60000610351562,174.9199981689453,47433772
2021-09-21,176.47999572753906,178.25999450683594,174.25999450683594,175.02000427246094,39211822
2021-09-22,176.36000061035156,181.66000366210938,176.36000061035156,181.22000122070312,26876550
2021-09-23,182.86000061035156,184.74000549316406,181.83999633789062,183.9600067138672,39115752
2021-09-24,182.55999755859375,185.39999389648438,181.6999969482422,183.74000549316406,29868089
2021-09-27,184.9600067138672,188.24000549316406,184.6199951171875,187.77999877929688,43652049
2021-09-28,187.60000610351562,188.5,185.5399932861328,186.32000732421875,33952073
2021-09-29,186.0,188.60000610351562,185.75799560546875,187.77999877929688,26829823
2021-09-30,189.0,191.3800048828125,188.44000244140625,189.60000610351562,53202366
2021-10-01,186.75999450683594,188.4600067138672,184.55999755859375,187.8800048828125,33784479
2021-10-04,188.0399932861328,190.72000122070312,185.4199981689453,187.27999877929688,23906512
2021-10-05,187.75999450683594,194.94000244140625,187.1739959716797,194.60000610351562,42464706
2021-10-06,194.4600067138672,194.77999877929688,153.77999877929688,191.89999389648438,36957945
2021-10-07,194.6999969482422,195.10000610351562,191.8800048828125,193.74000549316406,40405972
2021-10-08,193.9199981689453,195.75999450683594,193.3800048828125,195.16000366210938,31711544
2021-10-11,195.44000244140625,198.6199951171875,194.5399932861328,197.67999267578125,30434461
2021-10-12,195.4600067138672,197.8800048828125,193.1199951171875,197.4600067138672,20730008
2021-10-13,196.77999877929688,198.05999755859375,191.39999389648438,192.9199981689453,51152842
2021-10-14,195.0,196.4340057373047,194.0749969482422,194.39999389648438,40912565
2021-10-15,195.5,198.86000061035156,195.3000030517578,197.82000732421875,41273237
2021-10-18,198.10000610351562,200.3000030517578,197.36000061035156,199.4600067138672,29625968
2021-10-19,199.4199981689453,200.27999877929688,198.6320037841797,199.52000427246094,22713720
2021-10-20,199.97999572753906,200.35000610351562,196.02000427246094,198.44000244140625,28212917
2021-10-21,199.97999572753906,200.0,196.0,196.89999389648438,35093906
2021-10-22,197.6199951171875,201.10000610351562,196.66000366210938,198.86000061035156,30111945
2021-10-25,199.97999572753906,203.89500427246094,199.13600158691406,200.60000610351562,58537731
2021-10-26,200.4499969482422,203.4250030517578,199.86000061035156,202.8000030517578,27625285
2021-10-27,201.6999969482422,202.5,198.8800048828125,199.4600067138672,28863498
2021-10-28,200.0500030517578,202.39999389648438,196.94000244140625,199.27999877929688,29834449
2021-10-29,198.47999572753906,203.0,197.02999877929688,202.25,36670928
2021-11-01,194.86000061035156,203.0,194.71800231933594,200.85000610351562,60270275
2021-11-02,200.4499969482422,200.9499969482422,195.49200439453125,198.4600067138672,38218272
2021-11-03,199.36000061035156,200.16799926757812,197.47999572753906,199.52000427246094,28919283
2021-11-04,200.9499969482422,201.04400634765625,191.24000549316406,191.5,52883516
2021-11-05,191.6999969482422,194.60499572753906,191.32000732421875,192.3800048828125,35517830
2021-11-08,192.1999969482422,194.52000427246094,190.1959991455078,192.44000244140625,38706089
2021-11-09,191.0,192.97999572753906,189.77000427246094,190.0,57571077
2021-11-10,191.1199951171875,194.0,190.38600158691406,192.75999450683594,50491006
2021-11-11,193.4199981689453,197.3000030517578,190.41400146484375,196.60000610351562,29006199
2021-11-12,196.60000610351562,197.02000427246094,194.52000427246094,195.3000030517578,35293599
2021-11-15,193.3800048828125,197.66000366210938,193.0,196.0,24569783
2021-11-16,197.24000549316406,197.5,194.6999969482422,195.77999877929688,32695415
2021-11-17,196.3000030517578,197.73599243164062,195.60000610351562,195.6999969482422,59331043
2021-11-18,195.89999389648438,197.13999938964844,194.66000366210938,195.33999633789062,22030156
2021-11-19,196.0800018310547,196.9600067138672,189.1199951171875,190.9600067138672,53317815
2021-11-22,191.5399932861328,195.32000732421875,191.22000122070312,194.74000549316406,25293180
2021-11-23,192.82000732421875,195.72000122070312,191.86000061035156,193.77999877929688,32836092
2021-11-24,193.0,195.60000610351562,192.44000244140625,193.36000061035156,44231692
2021-11-25,194.05999755859375,195.8800048828125,192.86000061035156,195.5,18554255
2021-11-26,187.3800048828125,189.13999938964844,181.66000366210938,181.66000366210938,62762131
2021-11-29,184.39999389648438,187.32000732421875,183.27999877929688,183.27999877929688,37433914
2021-11-30,181.3000030517578,186.55299377441406,180.5,184.22000122070312,66480343
2021-12-01,185.72000122070312,190.05999755859375,185.60000610351562,189.67999267578125,40928174
2021-12-02,186.3000030517578,187.94000244140625,184.55999755859375,187.24000549316406,29733935
2021-12-03,188.86000061035156,189.8000030517578,184.83999633789062,186.66000366210938,17798417
2021-12-06,187.0,189.0,186.13999938964844,187.05999755859375,29634799
2021-12-07,185.75999450683594,187.86000061035156,185.1999969482422,186.72000122070312,46886308
2021-12-08,186.72000122070312,187.63999938964844,183.24000549316406,185.89999389648438,72018078
2021-12-09,185.60000610351562,187.6199951171875,182.36000061035156,182.83999633789062,29267720
2021-12-10,182.1999969482422,184.9199981689453,182.0,182.5,30767048
2021-12-13,182.94000244140625,183.5800018310547,177.8000030517578,178.13999938964844,28555415
2021-12-14,179.60000610351562,181.8000030517578,179.3800048828125,180.0800018310547,34426348
2021-12-15,179.94000244140625,180.8800048828125,176.3300018310547,176.47999572753906,43247637
2021-12-16,178.6999969482422,186.39999389648438,176.47999572753906,182.13999938964844,56900237
2021-12-17,181.27999877929688,183.1999969482422,179.08999633789062,180.83999633789062,74707696
2021-12-20,176.8800048828125,180.5,176.8800048828125,178.60000610351562,36263625
2021-12-21,181.1199951171875,184.25999450683594,180.72000122070312,184.25999450683594,27005362
2021-12-22,184.24000549316406,186.82000732421875,184.17999267578125,185.83999633789062,34376929
2021-12-23,187.36000061035156,188.27999877929688,186.9810028076172,187.39999389648438,25626748
2021-12-24,187.89999389648438,188.39999389648438,186.24000549316406,187.44000244140625,5005050
2021-12-29,190.0,190.3000030517578,187.66000366210938,188.5,17383167
2021-12-30,187.86000061035156,189.36000061035156,187.74000549316406,188.05999755859375,8830898
2021-12-31,187.97999572753906,188.5399932861328,186.32000732421875,187.0,8016884
2022-01-04,192.94000244140625,197.5,190.3000030517578,196.66000366210938,40400336
2022-01-05,196.6999969482422,199.1999969482422,196.3350067138672,197.9199981689453,28170350
2022-01-06,196.27999877929688,201.052001953125,195.22000122070312,200.4499969482422,29020547
2022-01-07,201.0,205.25,200.14999389648438,205.25,40109355
2022-01-10,206.4499969482422,209.8000030517578,205.0500030517578,207.89999389648438,38889136
2022-01-11,208.5500030517578,209.0,206.10000610351562,207.0,67439259
2022-01-12,209.3000030517578,212.1999969482422,209.0,211.8000030517578,42752702
2022-01-13,211.5,217.1999969482422,211.3000030517578,217.10000610351562,53562771
2022-01-14,217.3000030517578,219.60000610351562,213.47500610351562,215.5,46476960
2022-01-17,218.25,219.10000610351562,214.14999389648438,214.8000030517578,24158972
2022-01-18,214.6999969482422,215.60000610351562,209.8000030517578,209.8000030517578,60762210
2022-01-19,209.5,210.9499969482422,206.35000610351562,206.9499969482422,71653314
2022-01-20,206.14999389648438,207.8000030517578,202.9499969482422,205.5500030517578,36605898
2022-01-21,202.0,203.44500732421875,198.05999755859375,199.24000549316406,40878212
2022-01-24,197.60000610351562,198.47999572753906,189.16000366210938,190.36000061035156,55257456
2022-01-25,192.17999267578125,197.4199981689453,192.17999267578125,196.6999969482422,35195382
2022-01-26,199.16000366210938,205.25999450683594,198.75999450683594,202.1999969482422,42206968
2022-01-27,200.85000610351562,207.8000030517578,200.39999389648438,203.5500030517578,27601885
2022-01-28,199.8800048828125,201.6699981689453,195.05999755859375,196.8800048828125,82325034
2022-01-31,198.72000122070312,199.4600067138672,195.60000610351562,197.22000122070312,27261791
2022-02-01,200.10000610351562,201.14999389648438,198.5,201.10000610351562,37250421
2022-02-02,203.35000610351562,206.1219940185547,201.0,203.0500030517578,25198986
2022-02-03,203.8000030517578,209.4499969482422,200.9029998779297,204.4499969482422,53035673
2022-02-04,206.25,207.6999969482422,197.5399932861328,200.60000610351562,46999172
2022-02-07,204.0500030517578,205.1999969482422,200.8000030517578,205.0,37412438
2022-02-08,205.39999389648438,207.39999389648438,204.35000610351562,206.1999969482422,25800865
2022-02-09,207.4499969482422,209.0,203.8000030517578,208.0,30093834
2022-02-10,207.8000030517578,209.16900634765625,205.8000030517578,208.64999389648438,26138252
2022-02-11,205.4499969482422,207.0500030517578,201.75,206.10000610351562,42198884
2022-02-14,199.1199951171875,199.90499877929688,193.67999267578125,195.55999755859375,62142328
2022-02-15,193.17999267578125,199.89999389648438,192.5800018310547,198.4600067138672,34554049
2022-02-16,198.5399932861328,199.3000030517578,194.33999633789062,196.0,58329765
2022-02-17,194.55999755859375,195.9600067138672,190.94000244140625,192.63999938964844,27405293
2022-02-18,191.39999389648438,193.13999938964844,189.66000366210938,191.16000366210938,49093183
2022-02-21,192.55999755859375,195.13999938964844,190.0399932861328,191.44000244140625,37489573
2022-02-22,186.60000610351562,192.0800018310547,185.10000610351562,190.16000366210938,72591504
2022-02-23,193.0,202.35000610351562,191.74000549316406,195.97999572753906,83411502
2022-02-24,182.8000030517578,191.0659942626953,178.24000549316406,179.39999389648438,87307925
2022-02-25,184.27999877929688,190.27999877929688,179.75,188.89999389648438,77049862
2022-02-28,181.16000366210938,183.8800048828125,179.02000427246094,182.8800048828125,95541358
2022-03-01,180.47999572753906,185.17999267578125,173.0399932861328,173.22000122070312,97416901
2022-03-02,170.22000122070312,178.55999755859375,170.10000610351562,176.9600067138672,72847106
2022-03-03,174.5,174.91200256347656,168.27999877929688,168.94000244140625,75911976
2022-03-04,166.0,168.16000366210938,156.77999877929688,156.8000030517578,74942661
2022-03-07,150.0,155.1199951171875,142.03900146484375,151.6199951171875,77579763
2022-03-08,147.86000061035156,157.94000244140625,152.25999450683594,152.25999450683594,92661915
2022-03-09,159.22000122070312,161.88699340820312,155.72000122070312,161.8000030517578,65108283
2022-03-10,162.6999969482422,164.40899658203125,156.5,157.77999877929688,45299911
2022-03-11,159.0399932861328,165.63999938964844,157.66000366210938,161.10000610351562,67505079
2022-03-14,164.55999755859375,170.80099487304688,163.22000122070312,170.0,46588292
2022-03-15,167.94000244140625,170.24000549316406,165.30999755859375,168.16000366210938,46163222
2022-03-16,172.0399932861328,175.61000061035156,170.17999267578125,175.16000366210938,54098114
2022-03-17,177.0800018310547,178.02000427246094,169.89999389648438,171.72000122070312,79041449
2022-03-18,172.36000061035156,172.8000030517578,169.5399932861328,170.5800018310547,100515607
2022-03-21,171.0800018310547,172.17999267578125,168.5,168.5,40472147
2022-03-22,170.1999969482422,173.52000427246094,169.83999633789062,172.86000061035156,54227594
2022-03-23,173.60000610351562,174.1999969482422,170.0,170.0,23109779
2022-03-24,170.0800018310547,171.0800018310547,167.49000549316406,168.33999633789062,34082638
2022-03-25,168.86000061035156,168.86500549316406,166.32000732421875,167.3000030517578,29250194
2022-03-28,164.02000427246094,166.63999938964844,159.77000427246094,160.47999572753906,55348037
2022-03-29,151.3000030517578,157.39999389648438,150.6999969482422,156.44000244140625,164239206
2022-03-30,153.86000061035156,154.6999969482422,151.39999389648438,151.44000244140625,91045185
2022-03-31,151.0,152.66000366210938,147.47999572753906,148.3000030517578,112418700
2022-04-01,150.0,151.75999450683594,146.44000244140625,147.0399932861328,86209995
2022-04-04,149.55999755859375,150.0399932861328,142.55999755859375,146.3000030517578,71652092
2022-04-05,145.8000030517578,148.39999389648438,145.4199981689453,147.0,144775164
2022-04-06,146.9199981689453,148.15899658203125,141.5260009765625,143.33999633789062,63265141
2022-04-07,143.44000244140625,145.1699981689453,140.05999755859375,140.5800018310547,83235307
2022-04-08,143.39999389648438,144.9600067138672,142.52999877929688,144.60000610351562,53486518
2022-04-11,145.4199981689453,147.27000427246094,144.25999450683594,144.94000244140625,50447161
2022-04-12,144.16000366210938,146.16000366210938,142.3990020751953,143.25999450683594,38599477
2022-04-13,142.44000244140625,144.25999450683594,141.82000732421875,144.25999450683594,38615655
2022-04-14,143.60000610351562,146.28399658203125,142.66000366210938,145.86000061035156,43283321
2022-04-19,146.10000610351562,147.0800018310547,144.22999572753906,145.6999969482422,36566254
2022-04-20,146.97999572753906,150.05999755859375,145.8000030517578,148.8800048828125,72095874
2022-04-21,148.8800048828125,150.9739990234375,147.9600067138672,150.05999755859375,54347891
2022-04-22,148.0399932861328,150.32000732421875,146.3000030517578,146.6999969482422,78958551
2022-04-25,144.4199981689453,146.6999969482422,143.13999938964844,144.17999267578125,41592916
2022-04-26,147.5,148.1199951171875,142.75999450683594,142.97999572753906,43814852
2022-04-27,145.13999938964844,145.25999450683594,140.9600067138672,141.9199981689453,111171869
2022-04-28,144.8800048828125,148.32000732421875,142.33999633789062,146.3000030517578,61052856
2022-04-29,149.4600067138672,149.4600067138672,147.32000732421875,148.1999969482422,73893935
2022-05-03,149.60000610351562,152.5800018310547,148.86000061035156,151.0,117982240
2022-05-04,153.10000610351562,153.53199768066406,150.05999755859375,150.55999755859375,44075562
2022-05-05,153.97999572753906,154.44000244140625,149.52000427246094,149.82000732421875,75893157
2022-05-06,150.22000122070312,150.47999572753906,147.27999877929688,148.63999938964844,51130102
2022-05-09,147.39999389648438,148.47999572753906,145.77999877929688,145.97999572753906,33883551
2022-05-10,149.1999969482422,149.25999450683594,143.63999938964844,143.63999938964844,38652634
2022-05-11,144.5,148.25999450683594,143.72000122070312,147.3000030517578,120851388
2022-05-12,142.66000366210938,147.1999969482422,142.1999969482422,145.94000244140625,40307444
2022-05-13,147.55999755859375,150.5449981689453,147.0,150.36000061035156,40300228
2022-05-16,150.60000610351562,152.98300170898438,148.94000244140625,151.6999969482422,48063820
2022-05-17,152.3800048828125,157.0800018310547,152.17999267578125,155.86000061035156,50124597
2022-05-18,157.02000427246094,157.22000122070312,154.32000732421875,155.1999969482422,30534183
2022-05-19,155.27999877929688,155.68499755859375,151.1999969482422,153.27999877929688,30700867
2022-05-20,155.66000366210938,157.0800018310547,152.72000122070312,152.72000122070312,56300727
2022-05-23,155.24000549316406,157.74000549316406,153.41000366210938,157.74000549316406,70822987
2022-05-24,157.44000244140625,164.35000610351562,157.2100067138672,162.77999877929688,74921425
2022-05-25,164.5399932861328,164.77999877929688,162.01800537109375,163.8800048828125,108468680
2022-05-26,163.82000732421875,168.76400756835938,163.32000732421875,167.67999267578125,51023672
2022-05-27,167.3800048828125,171.0800018310547,166.42999267578125,170.3800048828125,52394921
2022-05-30,170.5399932861328,173.33999633789062,170.1199951171875,171.22000122070312,105182657
2022-05-31,170.13999938964844,171.6199951171875,168.9199981689453,169.05999755859375,68320374
2022-06-01,171.17999267578125,172.1009979248047,167.47999572753906,167.8000030517578,37314104
2022-06-06,168.33999633789062,172.6959991455078,168.0800018310547,171.36000061035156,36572161
2022-06-07,169.17999267578125,170.8800048828125,167.62100219726562,169.0,44760521
2022-06-08,168.5399932861328,169.65899658203125,167.3800048828125,168.55999755859375,42131882
2022-06-09,167.22000122070312,169.63999938964844,165.4199981689453,165.9199981689453,41256650
2022-06-10,164.9199981689453,165.75999450683594,159.47999572753906,159.8000030517578,54031382
2022-06-13,158.02000427246094,159.21499633789062,155.16000366210938,156.0800018310547,59237518
2022-06-14,157.66000366210938,159.33999633789062,154.25999450683594,156.75999450683594,63205077
2022-06-15,157.83999633789062,163.41000366210938,157.16000366210938,160.75999450683594,52138059
2022-06-16,160.22000122070312,160.3000030517578,153.4600067138672,153.63999938964844,60187717
2022-06-17,155.0800018310547,159.02000427246094,153.75999450683594,155.9199981689453,62981976
2022-06-20,156.86000061035156,161.25,156.02000427246094,160.1199951171875,28154520
2022-06-21,160.5,162.5399932861328,158.66000366210938,160.4199981689453,40945612
2022-06-22,157.66000366210938,162.8070068359375,157.66000366210938,161.33999633789062,43468134
2022-06-23,159.36000061035156,160.4199981689453,154.0399932861328,154.0800018310547,42518920
2022-06-24,155.0800018310547,159.60000610351562,152.9600067138672,158.94000244140625,55663456
2022-06-27,158.5800018310547,161.27999877929688,157.33999633789062,158.63999938964844,46256489
2022-06-28,159.74000549316406,162.63999938964844,159.5,160.02000427246094,95098056
2022-06-29,157.8800048828125,159.5800018310547,156.75999450683594,156.75999450683594,48146770
2022-06-30,154.39999389648438,154.9199981689453,150.1199951171875,153.1199951171875,49777626
2022-07-01,151.86000061035156,156.72000122070312,151.63999938964844,153.1999969482422,39156126
2022-07-04,154.02000427246094,157.0399932861328,153.9199981689453,155.52000427246094,28079764
2022-07-05,156.5,157.03900146484375,147.17999267578125,147.47999572753906,67023196
2022-07-06,148.83999633789062,150.6199951171875,145.97999572753906,146.86000061035156,62994202
2022-07-07,149.05999755859375,152.5,149.0,151.02000427246094,56736408
2022-07-08,151.1999969482422,153.32000732421875,149.16000366210938,151.9600067138672,42802419
2022-07-11,149.86000061035156,152.39999389648438,149.52000427246094,151.0,27895710
2022-07-12,149.63999938964844,152.22000122070312,146.94000244140625,152.13999938964844,42389480
2022-07-13,150.36000061035156,151.8000030517578,148.02000427246094,149.22000122070312,42491244
2022-07-14,148.72000122070312,151.14100646972656,145.17999267578125,145.5399932861328,71086571
2022-07-15,145.60000610351562,151.52000427246094,145.16000366210938,150.3000030517578,53102595
2022-07-18,151.4600067138672,156.34100341796875,151.4600067138672,154.22000122070312,43856613
2022-07-19,153.05999755859375,159.60000610351562,153.05999755859375,158.22000122070312,38552890
2022-07-20,158.5399932861328,159.72000122070312,155.89999389648438,157.63999938964844,65043186
2022-07-21,157.86000061035156,160.77999877929688,156.72000122070312,158.9600067138672,77532446
2022-07-22,158.5,159.8719940185547,156.75999450683594,157.83999633789062,54866757
2022-07-25,156.8800048828125,161.88999938964844,156.2209930419922,160.72000122070312,55314543
2022-07-26,160.6199951171875,161.1199951171875,156.74000549316406,156.8800048828125,50305161
2022-07-27,157.4600067138672,159.21499633789062,155.6999969482422,157.66000366210938,118779130
2022-07-28,156.10000610351562,157.55999755859375,149.3000030517578,150.33999633789062,87466863
2022-07-29,153.39999389648438,157.97999572753906,152.5399932861328,157.17999267578125,72309405
2022-08-01,160.0,162.0800018310547,157.85400390625,159.8000030517578,59578386
2022-08-02,159.24000549316406,161.52000427246094,158.6199951171875,160.02000427246094,76480735
2022-08-03,158.89999389648438,163.67999267578125,158.77999877929688,163.32000732421875,40177324
2022-08-04,163.1199951171875,165.6999969482422,161.1199951171875,162.47999572753906,63556077
2022-08-05,161.89999389648438,165.42999267578125,161.02000427246094,164.0,43242514
2022-08-08,165.5,166.9199981689453,164.74000549316406,166.0,57175243
2022-08-09,165.13999938964844,167.6999969482422,164.63999938964844,165.86000061035156,47518114
2022-08-10,166.0,170.10000610351562,165.4199981689453,169.75999450683594,82316178
2022-08-11,169.02000427246094,170.13999938964844,167.5,168.97999572753906,47289799
2022-08-12,169.89999389648438,172.9219970703125,169.10000610351562,171.60000610351562,50918564
2022-08-15,172.22000122070312,172.3000030517578,170.72000122070312,171.55999755859375,43128335
2022-08-16,172.05999755859375,172.1999969482422,169.8800048828125,170.5,26647334
2022-08-17,171.33999633789062,173.36000061035156,168.5399932861328,168.67999267578125,20688108
2022-08-18,168.60000610351562,169.4600067138672,167.4600067138672,168.5,25224763
2022-08-19,168.0399932861328,169.22000122070312,164.91099548339844,165.27999877929688,53335326
2022-08-22,164.0,164.79400634765625,161.77999877929688,163.0800018310547,36166208
2022-08-23,162.3000030517578,165.13999938964844,162.16600036621094,163.60000610351562,30777856
2022-08-24,162.8000030517578,163.97999572753906,160.63999938964844,162.6199951171875,31788791
2022-08-25,164.0,165.16000366210938,163.0800018310547,164.16000366210938,27147208
2022-08-26,165.39999389648438,166.6999969482422,162.0399932861328,162.10000610351562,30454502
2022-08-30,161.72000122070312,168.0800018310547,161.24000549316406,164.6999969482422,49358851
2022-08-31,165.66000366210938,166.9600067138672,164.13999938964844,164.5,52657111
2022-09-01,163.86000061035156,164.05999755859375,160.4600067138672,161.39999389648438,34587713
2022-09-02,161.9600067138672,169.45199584960938,161.43600463867188,168.63999938964844,51300909
2022-09-05,163.9600067138672,167.1199951171875,163.8000030517578,166.5,26400585
2022-09-06,167.3800048828125,171.64999389648438,166.5800018310547,167.8800048828125,37590573
2022-09-07,166.02000427246094,166.6999969482422,163.60000610351562,164.10000610351562,46181307
2022-09-08,164.27999877929688,167.3000030517578,162.86000061035156,166.25999450683594,44118012
2022-09-09,166.0,170.0,165.33999633789062,168.83999633789062,41608887
2022-09-12,173.04200744628906,175.25999450683594,170.53799438476562,173.9600067138672,49161895
2022-09-13,174.32000732421875,175.82000732421875,171.60000610351562,171.94000244140625,44341919
2022-09-14,170.4199981689453,172.75999450683594,169.0800018310547,169.89999389648438,42259194
2022-09-15,169.6999969482422,172.63999938964844,169.63999938964844,172.24000549316406,41696437
2022-09-16,171.72000122070312,173.44000244140625,170.60000610351562,171.13999938964844,127232166
2022-09-20,171.13999938964844,174.3800048828125,170.3000030517578,170.9199981689453,41957108
2022-09-21,169.1199951171875,172.4199981689453,165.02000427246094,167.8000030517578,59874890
2022-09-22,165.1199951171875,170.70700073242188,164.72000122070312,166.25999450683594,65411705
2022-09-23,165.3800048828125,167.4199981689453,160.6199951171875,161.86000061035156,51682595
2022-09-26,160.5,161.97999572753906,156.67999267578125,157.5970001220703,52779101
2022-09-27,161.02000427246094,162.24000549316406,155.52000427246094,155.83999633789062,55358565
2022-09-28,153.5,154.33999633789062,146.5,151.0800018310547,84832724
2022-09-29,150.25999450683594,150.5399932861328,142.72000122070312,144.66000366210938,68587663
2022-09-30,144.0399932861328,147.61900329589844,141.67999267578125,144.3000030517578,75103787
2022-10-03,143.4600067138672,146.1199951171875,141.25999450683594,145.0800018310547,52847044
2022-10-04,146.5,151.05999755859375,146.0800018310547,150.74000549316406,43680699
2022-10-05,149.82000732421875,151.36700439453125,145.60000610351562,147.6199951171875,36822485
2022-10-06,148.55999755859375,149.1999969482422,144.1199951171875,144.8000030517578,37789764
2022-10-07,144.8000030517578,146.05999755859375,142.60000610351562,143.47999572753906,32681532
2022-10-10,142.27999877929688,145.16000366210938,142.27999877929688,143.24000549316406,27915059
2022-10-11,142.0399932861328,142.39500427246094,139.55999755859375,140.16000366210938,52106881
2022-10-12,138.0,138.3800048828125,132.05999755859375,135.67999267578125,65690001
2022-10-13,135.32000732421875,143.8000030517578,134.4600067138672,142.5399932861328,65181658
2022-10-14,145.0,148.8800048828125,142.5399932861328,142.82000732421875,51791492
2022-10-17,142.77999877929688,147.25999450683594,142.6199951171875,145.39999389648438,30616486
2022-10-18,147.74000549316406,150.16000366210938,147.0800018310547,147.5,30635600
2022-10-19,145.60000610351562,147.27999877929688,143.22000122070312,144.3000030517578,28614081
2022-10-20,143.60000610351562,148.5,142.1999969482422,145.33999633789062,69905432
2022-10-21,143.74000549316406,146.1999969482422,141.89999389648438,145.0399932861328,25886257
2022-10-24,145.8800048828125,150.83999633789062,145.44000244140625,148.94000244140625,30167127
2022-10-25,149.60000610351562,150.3000030517578,146.0399932861328,150.22000122070312,24812022
2022-10-26,150.9199981689453,152.22300720214844,147.5800018310547,149.82000732421875,63447450
2022-10-27,150.02000427246094,151.32000732421875,148.13999938964844,150.25999450683594,24538170
2022-10-28,146.97999572753906,148.35499572753906,144.8800048828125,146.44000244140625,22647996
2022-10-31,147.0800018310547,149.1199951171875,146.63999938964844,147.75999450683594,24632742
2022-11-01,149.36000061035156,151.8800048828125,148.67999267578125,150.33999633789062,28844091
2022-11-02,150.5800018310547,151.86000061035156,148.0800018310547,150.10000610351562,19608289
2022-11-03,148.77999877929688,150.16000366210938,146.8800048828125,149.52000427246094,23393870
2022-11-04,151.02000427246094,154.6199951171875,150.3000030517578,153.52000427246094,34319023
2022-11-07,152.89999389648438,155.52999877929688,151.75999450683594,152.60000610351562,23685124
2022-11-08,153.1199951171875,155.94000244140625,152.82000732421875,154.17999267578125,56097569
2022-11-09,154.4199981689453,155.39999389648438,152.9600067138672,154.39999389648438,21699444
2022-11-10,153.72000122070312,157.4600067138672,153.0,157.0,59021509
2022-11-11,157.02000427246094,159.8300018310547,156.4600067138672,158.22000122070312,53765652
2022-11-14,156.77999877929688,158.74000549316406,155.1999969482422,157.6199951171875,27491978
2022-11-15,156.6199951171875,157.36000061035156,155.32000732421875,157.22000122070312,22762920
2022-11-16,155.83999633789062,156.5,153.94000244140625,154.39999389648438,27203752
2022-11-17,155.22000122070312,157.02099609375,153.52000427246094,156.66000366210938,30779589
2022-11-18,156.8800048828125,159.17999267578125,156.05999755859375,158.22000122070312,22358632
2022-11-21,157.75999450683594,158.47999572753906,156.82000732421875,157.94000244140625,13670802
2022-11-22,159.1199951171875,159.3000030517578,157.1199951171875,157.9199981689453,16784247
2022-11-23,157.66000366210938,158.66000366210938,156.9199981689453,158.27999877929688,13194996
2022-11-24,158.0800018310547,160.55999755859375,158.0800018310547,159.4199981689453,14339660
2022-11-25,159.6199951171875,160.22000122070312,158.05999755859375,159.05999755859375,17701072
2022-11-28,158.36000061035156,160.7760009765625,157.8800048828125,158.17999267578125,25642764
2022-11-29,157.27999877929688,161.77999877929688,157.22000122070312,161.0,42340565
2022-11-30,161.77999877929688,162.8000030517578,160.35000610351562,161.24000549316406,84403402
2022-12-01,161.9600067138672,162.32000732421875,158.17999267578125,158.27999877929688,28956372
2022-12-02,159.05999755859375,159.10000610351562,155.86000061035156,156.82000732421875,28802164
2022-12-05,156.36000061035156,158.86000061035156,156.02000427246094,156.27999877929688,24394215
2022-12-06,157.25999450683594,160.6199951171875,155.63999938964844,158.75999450683594,80092367
2022-12-07,158.0,159.52000427246094,155.9600067138672,157.44000244140625,24905097
2022-12-08,157.39999389648438,157.906005859375,156.5800018310547,156.8000030517578,21644000
2022-12-09,156.6999969482422,159.47999572753906,156.13999938964844,159.47999572753906,23399847
2022-12-12,159.8800048828125,160.22000122070312,156.94000244140625,158.13999938964844,33870358
2022-12-13,158.9199981689453,161.82000732421875,157.9600067138672,161.77999877929688,42888082
2022-12-14,162.83999633789062,162.83999633789062,160.0399932861328,160.25999450683594,42580381
2022-12-15,159.33999633789062,159.68499755859375,155.1999969482422,155.1999969482422,32662221
2022-12-16,154.33999633789062,155.74000549316406,152.10000610351562,154.4199981689453,109511197
2022-12-19,154.83999633789062,156.55999755859375,154.3800048828125,155.3800048828125,14673171
2022-12-20,154.0,156.5399932861328,153.6199951171875,155.74000549316406,20757044
2022-12-21,156.3000030517578,158.3800048828125,155.05999755859375,158.0800018310547,26030701
2022-12-22,158.0800018310547,159.00100708007812,157.13999938964844,157.13999938964844,18858465
2022-12-23,157.13999938964844,158.36000061035156,156.63999938964844,157.74000549316406,6137843
2022-12-28,158.24000549316406,159.66000366210938,157.44000244140625,158.8800048828125,15974901
2022-12-29,158.13999938964844,159.33999633789062,157.0399932861328,159.33999633789062,17312328
2022-12-30,158.55999755859375,159.74000549316406,158.1999969482422,158.52000427246094,9144860
2023-01-03,159.52000427246094,164.30999755859375,159.0800018310547,163.60000610351562,34940227
2023-01-04,164.10000610351562,168.2899932861328,164.10000610351562,168.0800018310547,31851649
2023-01-05,167.17999267578125,173.74000549316406,166.36000061035156,172.4199981689453,40113321
2023-01-06,171.82000732421875,172.6999969482422,171.33999633789062,172.10000610351562,23266356
2023-01-09,172.10000610351562,174.16000366210938,171.8800048828125,172.6199951171875,32930427
2023-01-10,170.17999267578125,172.66000366210938,170.02000427246094,171.60000610351562,50086285
2023-01-11,171.0399932861328,174.39999389648438,171.0399932861328,173.5399932861328,119855470
2023-01-12,174.24000549316406,178.0,174.24000549316406,177.0800018310547,31151382
2023-01-13,177.8800048828125,180.97999572753906,176.9199981689453,180.74000549316406,40855553
2023-01-16,178.83999633789062,182.5,178.72000122070312,182.5,20281691
2023-01-17,181.0,182.86000061035156,180.16000366210938,180.94000244140625,31207511
2023-01-18,180.33999633789062,182.83999633789062,179.8800048828125,182.10000610351562,55985902
2023-01-19,178.86000061035156,179.72000122070312,175.83999633789062,177.3800048828125,34438199
2023-01-20,177.94000244140625,179.20199584960938,176.71099853515625,178.4199981689453,27839430
2023-01-23,178.55999755859375,180.24000549316406,178.55999755859375,179.8800048828125,26445387
2023-01-24,180.9199981689453,181.17999267578125,178.86000061035156,179.75999450683594,41893275
2023-01-25,179.0,181.72000122070312,178.60000610351562,181.72000122070312,59311967
2023-01-26,182.52000427246094,185.25999450683594,182.18499755859375,185.0399932861328,109872375
2023-01-27,185.75999450683594,185.97999572753906,184.3000030517578,185.77999877929688,22327860
2023-01-30,184.6999969482422,186.77999877929688,183.13999938964844,186.66000366210938,33763580
2023-01-31,185.72000122070312,186.47999572753906,183.47999572753906,185.83999633789062,31947853
2023-02-01,185.83999633789062,187.02999877929688,183.24000549316406,186.47999572753906,28527540
2023-02-02,186.36000061035156,188.72000122070312,185.3000030517578,188.39999389648438,27188071
2023-02-03,187.36000061035156,188.9600067138672,185.8000030517578,188.63999938964844,21357380
2023-02-06,187.60000610351562,188.75,185.63999938964844,186.5399932861328,17931883
2023-02-07,187.63999938964844,190.10000610351562,186.5800018310547,188.83999633789062,27257436
2023-02-08,189.39999389648438,190.3800048828125,188.47999572753906,189.72000122070312,20120348
2023-02-09,189.55999755859375,193.17999267578125,189.39999389648438,189.60000610351562,158538872
2023-02-10,187.27999877929688,188.85800170898438,185.4199981689453,185.72000122070312,46689161
2023-02-13,186.60000610351562,187.55999755859375,185.44000244140625,186.32000732421875,21870906
2023-02-14,186.5800018310547,188.9600067138672,186.0,187.32000732421875,21599769
2023-02-15,175.0,176.97999572753906,167.5800018310547,172.60000610351562,144966337
2023-02-16,172.33999633789062,175.36000061035156,170.5800018310547,174.66000366210938,49374194
2023-02-17,173.32000732421875,176.39999389648438,172.27999877929688,173.5,64702066
2023-02-20,174.39999389648438,176.6999969482422,173.75999450683594,175.8800048828125,35128709
2023-02-21,176.0399932861328,176.22000122070312,171.4199981689453,171.4199981689453,114830121
2023-02-22,170.32000732421875,173.17999267578125,168.74000549316406,172.82000732421875,35163655
2023-02-23,168.4199981689453,174.8800048828125,168.0800018310547,172.60000610351562,40518994
2023-02-24,173.0,174.47999572753906,170.30999755859375,170.5800018310547,47280571
2023-02-27,171.39999389648438,173.17999267578125,171.39999389648438,172.63999938964844,65039485
2023-02-28,171.0800018310547,175.4199981689453,171.0,174.63999938964844,77677027
2023-03-01,175.5,176.8000030517578,173.67599487304688,174.4199981689453,66688362
2023-03-02,174.17999267578125,175.1020050048828,171.60000610351562,171.75999450683594,47614942
2023-03-03,171.9600067138672,173.39999389648438,170.55999755859375,171.47999572753906,28320132
2023-03-06,171.47999572753906,172.4600067138672,170.55999755859375,172.33999633789062,12810497
2023-03-07,171.9199981689453,173.02000427246094,168.6999969482422,168.9199981689453,40741359
2023-03-08,168.10000610351562,198.86199951171875,167.9600067138672,168.8800048828125,54618563
2023-03-09,167.3000030517578,167.8470001220703,162.36000061035156,163.4199981689453,49699846
2023-03-10,151.27999877929688,159.0,151.27999877929688,157.4199981689453,115174718
2023-03-13,157.0,157.5399932861328,146.05999755859375,147.47999572753906,137764902
2023-03-14,147.24000549316406,155.47999572753906,146.1999969482422,152.05999755859375,101874320
2023-03-15,151.0,152.5,138.05999755859375,138.24000549316406,149633932
2023-03-16,142.0,143.8040008544922,139.8000030517578,142.3800048828125,158923216
2023-03-17,142.4199981689453,145.5399932861328,137.74000549316406,139.55999755859375,144812125
2023-03-20,131.5800018310547,138.0399932861328,128.1199951171875,136.36000061035156,147930521
2023-03-21,139.17999267578125,145.14100646972656,138.75999450683594,143.13999938964844,101651780
2023-03-22,141.4199981689453,148.01300048828125,140.67999267578125,142.66000366210938,96414561
2023-03-23,141.10000610351562,144.44000244140625,139.63999938964844,139.77999877929688,75878807
2023-03-24,137.36000061035156,138.0,130.05999755859375,133.89999389648438,124849932
2023-03-27,137.3000030517578,138.75999450683594,135.0399932861328,137.0,88189227
2023-03-28,139.0,140.4199981689453,135.83999633789062,137.17999267578125,80446359
2023-03-29,137.8000030517578,142.0399932861328,137.60299682617188,142.02000427246094,136034186
2023-03-30,142.55999755859375,146.47999572753906,142.28900146484375,144.82000732421875,110866685
2023-03-31,143.94000244140625,147.0399932861328,143.93299865722656,145.8000030517578,70480092
2023-04-03,146.66000366210938,149.9600067138672,146.4600067138672,148.25999450683594,61316572
2023-04-04,148.5399932861328,150.22000122070312,146.5,146.5,85429670
2023-04-05,148.39999389648438,150.22000122070312,147.05999755859375,147.72000122070312,79983446
2023-04-06,148.55999755859375,152.25999450683594,148.44000244140625,151.6199951171875,77732100
2023-04-11,151.77999877929688,154.17999267578125,151.74000549316406,152.5399932861328,155427194
2023-04-12,153.3800048828125,154.60000610351562,152.6999969482422,153.05999755859375,75043727
2023-04-13,152.5800018310547,154.5919952392578,152.22000122070312,152.94000244140625,67937747
2023-04-14,153.6999969482422,158.5800018310547,153.0399932861328,157.8800048828125,102778899
2023-04-17,158.9199981689453,159.0800018310547,153.5800018310547,154.27999877929688,48532054
2023-04-18,155.60000610351562,157.22000122070312,154.9600067138672,154.9600067138672,34842720
2023-04-19,154.6199951171875,156.05999755859375,154.25999450683594,155.39999389648438,23709051
2023-04-20,156.25999450683594,158.02000427246094,154.10000610351562,154.4600067138672,51785070
2023-04-21,153.33999633789062,154.52000427246094,152.17999267578125,153.24000549316406,34635495
2023-04-24,152.3000030517578,155.02999877929688,152.07899475097656,154.1999969482422,36313960
2023-04-25,153.52000427246094,154.24000549316406,150.83999633789062,151.4600067138672,41514946
2023-04-26,151.4600067138672,154.47999572753906,149.67999267578125,153.86000061035156,49550436
2023-04-27,156.22000122070312,162.47500610351562,155.39999389648438,162.0399932861328,78793688
2023-04-28,160.3800048828125,162.8800048828125,156.94000244140625,159.8800048828125,41563257
2023-05-02,158.13999938964844,162.0399932861328,154.47999572753906,154.94000244140625,49769428
2023-05-03,156.3800048828125,156.4199981689453,151.74000549316406,153.25999450683594,73452404
2023-05-04,152.17999267578125,153.77999877929688,146.74000549316406,148.24000549316406,41318797
2023-05-05,149.4199981689453,153.86000061035156,149.4199981689453,153.24000549316406,35537126
2023-05-09,154.44000244140625,156.05999755859375,152.89999389648438,153.5800018310547,71557794
2023-05-10,154.0399932861328,156.1199951171875,152.67999267578125,153.22000122070312,100719834
2023-05-11,153.6999969482422,154.94000244140625,150.82000732421875,153.47999572753906,37699768
2023-05-12,154.9600067138672,155.67999267578125,153.66000366210938,153.89999389648438,22601842
2023-05-15,155.8000030517578,155.97999572753906,153.47999572753906,155.02000427246094,14615597
2023-05-16,155.22000122070312,156.5800018310547,154.05999755859375,154.39999389648438,65808944
2023-05-17,153.32000732421875,156.24000549316406,152.8000030517578,155.9600067138672,19770009
2023-05-18,157.75999450683594,159.27999877929688,157.5800018310547,158.05999755859375,24764647
2023-05-19,158.60000610351562,160.3800048828125,157.47999572753906,159.4199981689453,39076824
2023-05-22,158.32000732421875,161.00999450683594,157.82000732421875,160.0800018310547,48913521
2023-05-23,160.36000061035156,163.75999450683594,159.86000061035156,163.44000244140625,25118768
2023-05-24,161.33999633789062,161.67999267578125,157.75999450683594,158.66000366210938,26590965
2023-05-25,157.97999572753906,158.67999267578125,155.39999389648438,156.97999572753906,21692176
2023-05-26,157.89999389648438,158.02000427246094,154.3000030517578,157.32000732421875,35862972
2023-05-30,157.02000427246094,157.9600067138672,155.0800018310547,155.8000030517578,18218560
2023-05-31,154.8000030517578,155.4199981689453,150.5399932861328,151.33999633789062,87428261
2023-06-01,152.02000427246094,154.24000549316406,151.27999877929688,152.6199951171875,66415327
2023-06-02,154.0,157.36000061035156,153.97999572753906,156.75999450683594,46644665
2023-06-05,157.16000366210938,158.5800018310547,154.5399932861328,155.77999877929688,17458498
2023-06-06,154.97999572753906,158.22000122070312,153.33999633789062,158.1999969482422,24565612
2023-06-07,158.27999877929688,158.6199951171875,156.44000244140625,158.24000549316406,23106469
2023-06-08,158.77999877929688,159.63999938964844,156.94000244140625,157.60000610351562,17716412
2023-06-09,157.6199951171875,158.36000061035156,155.6199951171875,156.33999633789062,31345921
2023-06-12,157.0800018310547,157.6300048828125,155.17999267578125,155.24000549316406,26578620
2023-06-13,155.47999572753906,157.44000244140625,153.8800048828125,156.75999450683594,103425892
2023-06-14,157.0399932861328,158.77999877929688,156.7010040283203,157.44000244140625,20989017
2023-06-15,157.44000244140625,157.75999450683594,153.1199951171875,153.8000030517578,77609910
2023-06-16,154.0800018310547,155.3800048828125,153.0,153.94000244140625,101253358
2023-06-19,153.6999969482422,155.86000061035156,153.1219940185547,153.4600067138672,13924531
2023-06-20,153.55999755859375,156.0399932861328,153.25999450683594,154.32000732421875,19125932
2023-06-21,153.32000732421875,154.13999938964844,151.3800048828125,151.4600067138672,41614170
2023-06-22,149.66000366210938,149.75999450683594,146.8800048828125,146.9600067138672,52493524
2023-06-23,145.52000427246094,146.17999267578125,143.3000030517578,145.22000122070312,41598622
2023-06-26,144.6199951171875,145.6199951171875,141.25599670410156,144.9199981689453,33921705
2023-06-27,145.25999450683594,147.32000732421875,144.32000732421875,146.32000732421875,21529834
2023-06-28,147.02000427246094,148.97999572753906,146.6739959716797,148.33999633789062,28271599
2023-06-29,148.67999267578125,152.56900024414062,148.52999877929688,151.32000732421875,41115318
2023-06-30,152.82000732421875,154.60000610351562,152.44000244140625,153.3800048828125,39518151
2023-07-03,154.5800018310547,156.75999450683594,154.32000732421875,155.6199951171875,28280882
2023-07-04,155.0399932861328,156.24000549316406,151.97999572753906,152.55999755859375,17870487
2023-07-05,151.0,152.6580047607422,149.39999389648438,150.0399932861328,43163289
2023-07-06,147.89999389648438,148.77499389648438,145.9199981689453,146.6999969482422,38697741
2023-07-07,146.17999267578125,149.44000244140625,146.17999267578125,148.72000122070312,29450409
2023-07-10,147.75999450683594,149.5,147.4600067138672,148.72000122070312,23448396
2023-07-11,148.3800048828125,150.02000427246094,148.24000549316406,149.86000061035156,48047287
2023-07-12,150.77999877929688,157.13999938964844,150.47999572753906,154.8000030517578,47980417
2023-07-13,154.66000366210938,156.55999755859375,154.0399932861328,155.6999969482422,71642871
2023-07-14,155.6999969482422,157.52000427246094,154.94000244140625,155.10000610351562,41907830
2023-07-17,154.33999633789062,156.9600067138672,154.33999633789062,156.05999755859375,19453247
2023-07-18,155.5,159.3800048828125,154.86000061035156,159.3800048828125,39312111
2023-07-19,163.47999572753906,164.60000610351562,161.3000030517578,164.27999877929688,118509859
2023-07-20,164.5,166.44000244140625,164.36000061035156,164.36000061035156,29099236
2023-07-21,164.24000549316406,165.10000610351562,162.72000122070312,163.25999450683594,48356749
2023-07-24,161.16000366210938,164.5399932861328,161.05999755859375,164.36000061035156,17236701
2023-07-25,164.83999633789062,165.1529998779297,163.27999877929688,163.52000427246094,18551553
2023-07-26,162.0,164.05999755859375,160.2899932861328,164.05999755859375,27428782
2023-07-27,156.0,158.83999633789062,153.05999755859375,155.39999389648438,104746692
2023-07-28,153.1199951171875,156.6959991455078,153.04200744628906,155.74000549316406,37756906
2023-07-31,155.24000549316406,156.6999969482422,154.9600067138672,154.9600067138672,41439055
2023-08-01,154.0,155.52000427246094,151.4199981689453,151.4199981689453,41550164
2023-08-02,148.5,150.17999267578125,145.97999572753906,146.4600067138672,57040917
2023-08-03,145.9600067138672,150.13999938964844,144.9600067138672,149.16000366210938,57132976
2023-08-04,150.0,152.08799743652344,149.0399932861328,150.74000549316406,26360950
2023-08-07,151.1199951171875,152.52000427246094,149.9199981689453,150.82000732421875,40570055
2023-08-08,149.1999969482422,150.5399932861328,146.0800018310547,147.0800018310547,40910767
2023-08-09,149.55999755859375,150.74000549316406,148.75999450683594,148.89999389648438,86031726
2023-08-10,147.63999938964844,149.27999877929688,147.10000610351562,148.0,36325951
2023-08-11,147.32000732421875,148.69000244140625,146.1199951171875,146.60000610351562,31925648
2023-08-14,146.24000549316406,146.94000244140625,145.1199951171875,145.8800048828125,39239686
2023-08-15,146.0,146.41000366210938,143.0,143.5399932861328,28344045
2023-08-16,143.27999877929688,145.8000030517578,142.83999633789062,145.0,50752319
2023-08-17,144.83999633789062,146.10000610351562,144.60000610351562,145.4199981689453,29310433
2023-08-18,144.63999938964844,145.67999267578125,143.33999633789062,144.24000549316406,27512973
2023-08-21,143.86000061035156,146.05999755859375,143.66000366210938,143.66000366210938,22173472
2023-08-22,144.5399932861328,145.32200622558594,142.6999969482422,142.6999969482422,34256300
2023-08-23,142.8000030517578,144.25,142.6999969482422,143.0399932861328,86181183
2023-08-24,145.17999267578125,146.0399932861328,143.9600067138672,144.5399932861328,24601950
2023-08-25,145.66000366210938,146.02000427246094,143.63999938964844,143.97999572753906,20465367
2023-08-29,145.32000732421875,149.9600067138672,145.22000122070312,149.9600067138672,52760042
2023-08-30,150.6199951171875,152.5399932861328,148.97999572753906,149.0399932861328,29777075
2023-08-31,149.0,149.89999389648438,147.36000061035156,147.36000061035156,56729612
2023-09-01,148.10000610351562,149.97999572753906,147.9720001220703,149.05999755859375,27326603
2023-09-04,149.94000244140625,152.13999938964844,149.61500549316406,150.8000030517578,30146626
2023-09-05,149.97999572753906,151.5,148.3800048828125,149.63999938964844,64373046
2023-09-06,148.67999267578125,150.36000061035156,148.05999755859375,149.22000122070312,25186830
2023-09-07,148.5,149.74000549316406,147.82000732421875,147.97999572753906,24059524
2023-09-08,147.5,148.72000122070312,145.86000061035156,148.24000549316406,92559662
2023-09-11,147.94000244140625,150.5800018310547,147.94000244140625,149.89999389648438,28151720
2023-09-12,150.8000030517578,153.75999450683594,150.60000610351562,153.5800018310547,42675861
2023-09-13,154.1199951171875,157.9600067138672,153.74000549316406,157.24000549316406,45204574
2023-09-14,157.3800048828125,160.4600067138672,156.75999450683594,160.0800018310547,46592313
2023-09-15,161.02000427246094,163.60000610351562,160.32000732421875,161.4600067138672,95245108
2023-09-18,160.77999877929688,162.10000610351562,158.54100036621094,158.8000030517578,30159436
2023-09-19,158.0,160.13999938964844,157.66000366210938,159.22000122070312,35030804
2023-09-20,160.25999450683594,162.13999938964844,159.5800018310547,159.5800018310547,49443117
2023-09-21,156.1999969482422,157.8000030517578,153.75999450683594,156.6999969482422,101649512
2023-09-22,156.1999969482422,158.52000427246094,154.9199981689453,155.32000732421875,63665727
2023-09-25,154.24000549316406,157.9199981689453,153.0,153.63999938964844,31285690
2023-09-26,156.24000549316406,161.02000427246094,155.86000061035156,159.67999267578125,57010417
2023-09-27,158.24000549316406,160.67999267578125,157.47000122070312,158.1199951171875,44397025
2023-09-28,157.4199981689453,159.1199951171875,156.9199981689453,159.0800018310547,31913112
2023-09-29,159.0,159.97999572753906,158.4199981689453,158.94000244140625,47529159
2023-10-02,159.0,160.35000610351562,155.82000732421875,155.82000732421875,34149954
2023-10-03,155.02000427246094,156.75999450683594,154.08999633789062,154.27999877929688,49422328
2023-10-04,153.05999755859375,155.3800048828125,152.33999633789062,153.8800048828125,47005528
2023-10-05,153.63999938964844,153.86000061035156,151.5800018310547,152.52000427246094,40701456
2023-10-06,152.8000030517578,155.17999267578125,151.6199951171875,154.75999450683594,27501875
2023-10-09,152.75999450683594,154.22000122070312,151.58200073242188,152.02000427246094,65100536
2023-10-10,153.47999572753906,157.67999267578125,151.22000122070312,156.77999877929688,46151859
2023-10-11,155.52000427246094,158.44000244140625,154.5399932861328,157.17999267578125,31683307
2023-10-12,157.8800048828125,158.67999267578125,151.16000366210938,152.27999877929688,70870493
2023-10-13,151.82000732421875,154.63999938964844,150.6999969482422,153.0800018310547,48831138
2023-10-16,153.17999267578125,154.39999389648438,152.02000427246094,153.25999450683594,53256134
2023-10-17,152.83999633789062,155.24000549316406,152.05999755859375,154.8000030517578,49166082
2023-10-18,155.27999877929688,155.9199981689453,151.44000244140625,151.63999938964844,32855695
2023-10-19,150.5,152.55999755859375,147.63999938964844,147.8000030517578,60376953
2023-10-20,146.86000061035156,147.86000061035156,144.32000732421875,144.86000061035156,71027245
2023-10-23,145.27999877929688,145.77999877929688,143.47999572753906,144.0399932861328,43059578
2023-10-24,136.47999572753906,139.86000061035156,129.5800018310547,134.63999938964844,119659255
2023-10-25,132.27999877929688,134.8800048828125,131.4199981689453,133.22000122070312,76612630
2023-10-26,131.67999267578125,133.89999389648438,130.6199951171875,132.24000549316406,70540765
2023-10-27,131.27999877929688,133.10000610351562,128.63999938964844,129.1999969482422,98106787
2023-10-30,128.5399932861328,131.0800018310547,128.1199951171875,130.66000366210938,60102076
2023-10-31,130.75999450683594,132.77999877929688,129.4600067138672,131.60000610351562,55502586
2023-11-01,131.6999969482422,133.0,128.9199981689453,129.33999633789062,64118027
2023-11-02,129.89999389648438,133.39999389648438,129.63999938964844,133.24000549316406,35920598
2023-11-03,134.1999969482422,137.33099365234375,132.16000366210938,136.33999633789062,35763911
2023-11-06,136.5,138.0,135.24000549316406,136.3000030517578,34139210
2023-11-07,135.8000030517578,137.32000732421875,134.8800048828125,136.22000122070312,26541070
2023-11-08,134.55999755859375,137.10000610351562,132.83999633789062,136.02000427246094,29514626
2023-11-09,135.94000244140625,137.61000061035156,134.83999633789062,136.97999572753906,57710185
2023-11-10,136.4600067138672,136.55999755859375,134.10000610351562,135.5800018310547,25413757
2023-11-13,136.55999755859375,137.3000030517578,134.5800018310547,136.74000549316406,31803455
2023-11-14,136.47999572753906,138.63999938964844,135.13999938964844,138.4600067138672,26715991
2023-11-15,139.0,142.1999969482422,138.67999267578125,139.8800048828125,64647934
2023-11-16,138.92999267578125,141.0800018310547,137.8000030517578,139.0399932861328,40382923
2023-11-17,140.10000610351562,143.1999969482422,137.5800018310547,142.8000030517578,39566527
2023-11-20,142.8000030517578,143.66000366210938,141.8000030517578,142.5399932861328,39490867
2023-11-21,141.5,143.3800048828125,140.16000366210938,141.72000122070312,20885928
2023-11-22,141.52000427246094,142.5800018310547,139.63999938964844,139.97999572753906,33759659
2023-11-23,139.67999267578125,141.24000549316406,137.47999572753906,140.24000549316406,44680451
2023-11-24,140.67999267578125,142.02000427246094,139.27999877929688,141.63999938964844,21281303
2023-11-27,141.22000122070312,142.72000122070312,140.1999969482422,140.1999969482422,16277027
2023-11-28,139.60000610351562,141.32000732421875,138.77999877929688,140.1199951171875,37092272
2023-11-29,138.8800048828125,140.83999633789062,138.3000030517578,140.3000030517578,37260280
2023-11-30,140.52000427246094,142.0399932861328,139.16000366210938,141.0399932861328,88216617
2023-12-01,141.27999877929688,143.33999633789062,140.75999450683594,142.36000061035156,34100824
2023-12-04,142.8000030517578,143.72000122070312,141.38699340820312,142.97999572753906,58569218
2023-12-05,136.5,140.5,136.5,139.4600067138672,117463540
2023-12-06,140.4600067138672,141.25999450683594,138.33999633789062,140.24000549316406,309071142
2023-12-07,139.1999969482422,141.10000610351562,138.10000610351562,140.13999938964844,44771743
2023-12-08,140.72000122070312,144.60000610351562,139.27999877929688,143.27999877929688,58692654
2023-12-11,143.82000732421875,144.63999938964844,141.6999969482422,142.5,59341287
2023-12-12,143.0399932861328,143.89999389648438,141.60000610351562,141.67999267578125,36126207
2023-12-13,140.5399932861328,142.5399932861328,139.4600067138672,141.0800018310547,59678930
2023-12-14,143.89999389648438,150.60000610351562,143.41900634765625,150.0,176673102
2023-12-15,150.77999877929688,151.75999450683594,145.9709930419922,146.63999938964844,103975982
2023-12-18,145.1999969482422,148.02000427246094,144.17999267578125,146.5,22514276
2023-12-19,145.55999755859375,148.47999572753906,144.74000549316406,147.66000366210938,42444436
2023-12-20,151.22000122070312,152.36000061035156,146.75999450683594,151.63999938964844,75955329
2023-12-21,150.0399932861328,152.55999755859375,148.8800048828125,151.4199981689453,55268216
2023-12-22,149.89999389648438,152.0800018310547,149.8800048828125,151.77999877929688,13070297
2023-12-27,152.60000610351562,154.72000122070312,150.86000061035156,153.66000366210938,26184336
2023-12-28,153.4600067138672,154.0399932861328,152.8000030517578,153.5,21442794
2023-12-29,153.3800048828125,153.82000732421875,152.9600067138672,153.77999877929688,10578303
2024-01-02,154.10000610351562,155.5,153.39999389648438,155.27999877929688,94542523
2024-01-03,155.3000030517578,156.39999389648438,152.14700317382812,153.1199951171875,60606163
2024-01-04,153.0,155.83999633789062,152.5800018310547,155.5800018310547,108657862
2024-01-05,153.33999633789062,156.3800048828125,152.6999969482422,155.60000610351562,37399562
2024-01-08,154.13999938964844,155.67999267578125,153.9600067138672,154.82000732421875,103418887
2024-01-09,153.25999450683594,154.9600067138672,153.25999450683594,154.27999877929688,18430452
2024-01-10,152.8800048828125,154.52000427246094,152.32000732421875,152.63999938964844,69093738
2024-01-11,152.0,152.63999938964844,144.82000732421875,145.5800018310547,91243689
2024-01-12,146.3800048828125,149.14999389648438,145.5399932861328,145.5399932861328,50953321
2024-01-15,145.32000732421875,147.0399932861328,144.3000030517578,144.97999572753906,133986526
2024-01-16,143.94000244140625,145.0800018310547,141.19000244140625,141.39999389648438,35953235
2024-01-17,140.1999969482422,141.85299682617188,138.39999389648438,140.67999267578125,45080070
2024-01-18,140.83999633789062,141.94000244140625,139.4199981689453,140.72000122070312,42768637
2024-01-19,142.3800048828125,143.0399932861328,140.36000061035156,141.0399932861328,113629727
2024-01-22,143.66000366210938,145.63999938964844,143.1199951171875,144.94000244140625,36259223
2024-01-23,145.75999450683594,147.89999389648438,145.74000549316406,146.77999877929688,27395162
2024-01-24,148.32000732421875,149.63999938964844,146.44000244140625,147.33999633789062,84852530
2024-01-25,146.9600067138672,147.5800018310547,145.02000427246094,145.3800048828125,47524415
2024-01-26,146.75999450683594,150.39999389648438,146.47999572753906,149.24000549316406,29055466
2024-01-29,149.4199981689453,150.66000366210938,147.3470001220703,147.5399932861328,31299311
2024-01-30,148.60000610351562,150.6199951171875,147.94000244140625,150.25999450683594,21202090
2024-01-31,150.89999389648438,151.22000122070312,148.4199981689453,148.4199981689453,67089613
2024-02-01,146.44000244140625,149.36000061035156,145.13999938964844,146.0399932861328,30614570
2024-02-02,148.75999450683594,152.00999450683594,148.44000244140625,150.72000122070312,31830750
2024-02-05,150.66000366210938,151.27999877929688,145.33999633789062,145.67999267578125,66340122
2024-02-06,146.52000427246094,147.8800048828125,146.16000366210938,146.3000030517578,48838185
2024-02-07,146.36000061035156,147.0,143.0399932861328,144.39999389648438,77270341
2024-02-08,145.36000061035156,146.02000427246094,143.0399932861328,143.16000366210938,21760942
2024-02-09,143.83999633789062,144.39999389648438,141.10000610351562,142.27999877929688,28838646
2024-02-12,142.22000122070312,143.6199951171875,141.16000366210938,142.8800048828125,22934953
2024-02-13,142.86000061035156,143.30999755859375,139.5399932861328,140.47999572753906,91445142
2024-02-14,140.47999572753906,143.1999969482422,140.47999572753906,142.02000427246094,17014136
2024-02-15,143.0,144.4499969482422,141.6699981689453,143.4199981689453,55601953
2024-02-16,144.83999633789062,147.8800048828125,143.1999969482422,146.72000122070312,38348527
2024-02-19,146.55999755859375,150.4600067138672,146.5,149.0,38658012
2024-02-20,157.5399932861328,162.97999572753906,149.76300048828125,161.8000030517578,143877464
2024-02-21,162.8000030517578,166.67999267578125,159.38999938964844,162.75999450683594,163049918
2024-02-22,163.27999877929688,164.32000732421875,159.10000610351562,163.67999267578125,53761544
2024-02-23,162.86000061035156,164.87600708007812,162.3800048828125,163.74000549316406,55444497
2024-02-26,162.89999389648438,167.13999938964844,162.82000732421875,165.83999633789062,59511408
2024-02-27,164.60000610351562,167.47999572753906,164.60000610351562,166.86000061035156,38751376
2024-02-28,166.17999267578125,169.89999389648438,166.13999938964844,168.89999389648438,56183655
2024-02-29,163.66000366210938,166.66000366210938,162.17999267578125,164.4600067138672,110800848
2024-03-01,165.1199951171875,172.0800018310547,164.97999572753906,169.52000427246094,187325677
2024-03-04,168.32000732421875,170.4600067138672,167.27999877929688,170.13999938964844,73813990
2024-03-05,168.24000549316406,170.32000732421875,167.6199951171875,169.4600067138672,55762395
2024-03-06,169.0,173.51199340820312,168.8679962158203,170.9199981689453,87938434
2024-03-07,171.1999969482422,173.44000244140625,170.25999450683594,173.05999755859375,111717909
2024-03-08,172.63999938964844,173.8800048828125,168.0399932861328,172.24000549316406,59143288
2024-03-11,169.3800048828125,174.3800048828125,169.05999755859375,173.8000030517578,137094836
2024-03-12,174.66000366210938,178.4600067138672,174.00999450683594,177.5800018310547,63898102
2024-03-13,177.63999938964844,179.32000732421875,175.02000427246094,177.05999755859375,79857591
2024-03-14,176.55999755859375,177.77999877929688,173.82000732421875,174.39999389648438,42841599
2024-03-15,174.13999938964844,178.63999938964844,174.0,176.9199981689453,117586336
2024-03-18,176.6199951171875,177.5,175.6999969482422,176.52000427246094,43582971
2024-03-19,175.8000030517578,176.8000030517578,174.1009979248047,175.05999755859375,38894707
2024-03-20,174.05999755859375,175.97999572753906,173.8000030517578,175.74000549316406,88814638
2024-03-21,179.0,184.11000061035156,178.75999450683594,181.83999633789062,81665407
2024-03-22,181.6199951171875,182.86199951171875,179.83999633789062,180.8000030517578,34353481
2024-03-25,180.72000122070312,182.67999267578125,179.94000244140625,181.47999572753906,82797106
2024-03-26,181.0,181.82000732421875,179.9600067138672,180.77999877929688,128129984
2024-03-27,179.63999938964844,183.27999877929688,179.63999938964844,181.52000427246094,85794046
2024-03-28,183.32000732421875,185.74000549316406,182.82000732421875,183.1999969482422,54858025
2024-04-02,181.9600067138672,185.52000427246094,181.9010009765625,184.1199951171875,95958125
2024-04-03,183.5399932861328,189.24000549316406,183.52000427246094,188.5399932861328,73013964
2024-04-04,188.74000549316406,194.8000030517578,187.76699829101562,193.16000366210938,101520061
2024-04-05,190.05999755859375,191.47999572753906,188.55999755859375,189.74000549316406,45929447
2024-04-08,189.32000732421875,193.67999267578125,188.3000030517578,193.17999267578125,42259039
2024-04-09,192.44000244140625,193.44000244140625,188.89999389648438,188.89999389648438,50866409
2024-04-10,189.94000244140625,190.9600067138672,187.39999389648438,189.47999572753906,51917164
2024-04-11,186.9199981689453,188.93299865722656,182.55999755859375,183.63999938964844,80275550
2024-04-12,185.13999938964844,186.71400451660156,182.4600067138672,182.86000061035156,67912255
2024-04-15,183.8000030517578,185.0,182.1999969482422,183.13999938964844,41143593
2024-04-16,178.94000244140625,180.47999572753906,176.24000549316406,178.47999572753906,144230906
2024-04-17,177.77999877929688,181.10000610351562,177.41000366210938,179.94000244140625,58349174
2024-04-18,181.3000030517578,183.97999572753906,181.13999938964844,183.97999572753906,72982970
2024-04-19,182.27999877929688,185.89999389648438,181.5,185.83999633789062,59013824
2024-04-22,188.16000366210938,190.0399932861328,186.83999633789062,189.17999267578125,42043695
2024-04-23,191.24000549316406,193.5800018310547,190.47999572753906,192.24000549316406,81046062
2024-04-24,192.55999755859375,193.4600067138672,190.24000549316406,191.13999938964844,159914286
2024-04-25,195.9600067138672,206.6999969482422,194.0,204.0,174179117
2024-04-26,202.0,205.0,199.0800018310547,204.35000610351562,107959690
2024-04-29,204.0,207.5,202.6999969482422,203.64999389648438,41778612
2024-04-30,202.64999389648438,206.0500030517578,201.8000030517578,202.6999969482422,46614733
2024-05-01,200.75,203.0500030517578,203.0500030517578,203.4499969482422,67105158
2024-05-02,204.85000610351562,204.85000610351562,204.85000610351562,201.0,22410988
2024-05-03,202.5,203.39999389648438,199.5399932861328,202.35000610351562,47827113
2024-05-07,204.25,210.66799926757812,204.10000610351562,210.35000610351562,95337526
2024-05-08,210.89999389648438,213.1999969482422,209.60000610351562,211.64999389648438,54664931
2024-05-09,215.0,215.0,211.89999389648438,213.25,32434866
2024-05-10,213.3000030517578,215.14999389648438,211.9499969482422,213.9499969482422,44867099
2024-05-13,213.9499969482422,216.1999969482422,212.64999389648438,214.5500030517578,34622487
2024-05-14,214.10000610351562,218.02499389648438,212.64999389648438,217.1999969482422,36942402
2024-05-15,217.5500030517578,218.85000610351562,212.14999389648438,213.10000610351562,39563337
2024-05-16,213.3000030517578,215.5500030517578,211.8000030517578,214.89999389648438,45743448
2024-05-17,214.5500030517578,217.89999389648438,214.10000610351562,216.75,38843437
2024-05-20,217.35000610351562,218.5500030517578,216.3000030517578,216.75,24874213
2024-05-21,215.35000610351562,218.10000610351562,213.5500030517578,217.5500030517578,34485145
2024-05-22,217.10000610351562,218.89999389648438,211.4499969482422,211.4499969482422,76075814
2024-05-23,211.3000030517578,216.02499389648438,209.89999389648438,215.0,59978110
2024-05-24,212.5500030517578,216.6999969482422,210.6999969482422,216.14999389648438,42916160
2024-05-28,216.64999389648438,220.1999969482422,214.85000610351562,219.10000610351562,97926592
2024-05-29,218.25,220.4499969482422,213.60000610351562,214.14999389648438,81883936
2024-05-30,212.5500030517578,219.85000610351562,211.25,218.5500030517578,47795152
2024-05-31,219.1999969482422,221.10000610351562,217.1999969482422,220.0,82218581
2024-06-03,222.0500030517578,224.3000030517578,219.0,219.1999969482422,47887792
2024-06-04,218.64999389648438,219.35000610351562,215.0,215.0,96266689
2024-06-05,216.3000030517578,216.64999389648438,211.822998046875,212.64999389648438,54732210
2024-06-06,212.75,216.25,211.35000610351562,216.14999389648438,78914345
2024-06-07,216.0500030517578,218.25,213.3000030517578,217.25,96238708
2024-06-10,214.6999969482422,218.60000610351562,212.5,214.75,41892783
2024-06-11,215.4499969482422,216.60000610351562,208.8000030517578,209.0500030517578,62590795
2024-06-12,210.5,212.64999389648438,206.25,208.6999969482422,130991228
2024-06-13,208.10000610351562,208.39999389648438,204.64999389648438,205.14999389648438,91990995
2024-06-14,205.75,206.17599487304688,197.66400146484375,202.0,77082657
2024-06-17,203.75,205.6999969482422,202.0500030517578,204.89999389648438,79510265
2024-06-18,207.1999969482422,207.89999389648438,205.14999389648438,206.0,58351028
2024-06-19,206.3000030517578,208.3000030517578,205.6999969482422,206.6999969482422,34889006
2024-06-20,206.4499969482422,208.96499633789062,205.39999389648438,208.0500030517578,78618616
2024-06-21,208.0500030517578,210.85000610351562,202.89999389648438,204.85000610351562,85228878
2024-06-24,204.9499969482422,209.3000030517578,203.85000610351562,207.5500030517578,50595956
2024-06-25,207.39999389648438,208.8000030517578,205.75,206.14999389648438,62344856
2024-06-26,207.10000610351562,207.9219970703125,204.64999389648438,205.85000610351562,86932141
2024-06-27,206.25,211.5500030517578,204.60000610351562,209.75,55243693
2024-06-28,210.14999389648438,211.9499969482422,208.7899932861328,208.89999389648438,40264979
2024-07-01,212.0,214.4550018310547,207.60000610351562,213.1999969482422,39103981
2024-07-02,212.0,214.5,210.14999389648438,210.75,42471582
2024-07-03,213.3000030517578,218.14999389648438,212.85000610351562,218.14999389648438,47996480
2024-07-04,219.0,224.60000610351562,216.8000030517578,224.35000610351562,70585662
2024-07-05,223.9499969482422,226.1999969482422,219.35000610351562,220.5500030517578,62764166
2024-07-08,219.5500030517578,225.75,218.25,222.0500030517578,42154602
2024-07-09,221.8000030517578,223.4499969482422,215.39999389648438,216.75,42282199
2024-07-10,217.14999389648438,219.64999389648438,215.39999389648438,219.5500030517578,37845061
2024-07-11,220.0500030517578,222.60000610351562,218.0,222.60000610351562,39455797
2024-07-12,224.1999969482422,225.35000610351562,221.25,222.4499969482422,32863299
2024-07-15,219.0,225.75,217.6999969482422,225.75,50879577
2024-07-16,224.5500030517578,227.6999969482422,222.5500030517578,227.35000610351562,39118646
2024-07-17,227.5,233.04800415039062,227.3000030517578,230.6999969482422,58691836
2024-07-18,232.60000610351562,234.3000030517578,228.39999389648438,228.60000610351562,30816784
2024-07-19,225.35000610351562,232.10000610351562,224.25,228.64999389648438,26127466
2024-07-22,229.64999389648438,231.5500030517578,228.0,230.85000610351562,26026695
2024-07-23,231.5,232.0,229.5,230.5,25145346
2024-07-24,229.14999389648438,230.63099670410156,227.60000610351562,228.39999389648438,41895286
2024-07-25,222.6999969482422,228.10000610351562,222.35000610351562,227.89999389648438,122205338
2024-07-26,231.0,232.17999267578125,229.39999389648438,231.39999389648438,34080525
2024-07-29,232.35000610351562,236.89999389648438,231.5500030517578,232.75,37775372
2024-07-30,232.4499969482422,234.85000610351562,232.10000610351562,234.0500030517578,27716677
2024-07-31,235.0,236.35000610351562,231.4499969482422,233.8000030517578,67449383
2024-08-01,237.0,241.8000030517578,222.25,222.89999389648438,70189217
2024-08-02,220.35000610351562,221.3000030517578,207.0,209.10000610351562,79681248
2024-08-05,201.0500030517578,207.69000244140625,196.44000244140625,206.1999969482422,132361965
2024-08-06,211.4499969482422,213.0030059814453,205.64999389648438,208.1999969482422,42550008
2024-08-07,212.39999389648438,217.35000610351562,211.14500427246094,214.75,34121303
2024-08-08,213.14999389648438,216.64999389648438,210.0500030517578,214.0,89969114
2024-08-09,215.35000610351562,218.64999389648438,214.29800415039062,218.25,55429932
2024-08-12,219.85000610351562,222.14999389648438,218.6999969482422,220.10000610351562,25894995
2024-08-13,220.35000610351562,221.5500030517578,218.35000610351562,219.25,49951914
2024-08-14,222.1999969482422,223.0,220.14999389648438,221.60000610351562,23166080
2024-08-15,220.3000030517578,227.75,219.0500030517578,227.75,37720588
2024-08-16,225.89999389648438,229.25,225.3000030517578,228.3000030517578,24567341
2024-08-19,227.3000030517578,230.5,226.5,229.0,19484792
2024-08-20,229.3000030517578,229.85000610351562,225.25,226.0,20957190
2024-08-21,226.39999389648438,227.10000610351562,224.0760040283203,224.85000610351562,48959784
2024-08-22,224.75,227.10000610351562,223.5,225.39999389648438,34155635
2024-08-23,226.10000610351562,230.4499969482422,225.60000610351562,230.4499969482422,25996351
2024-08-27,229.5,230.4499969482422,226.36399841308594,230.1999969482422,34832552
2024-08-28,230.89999389648438,231.0500030517578,221.6999969482422,223.89999389648438,27776677
2024-08-29,223.0,228.25,223.0,226.0500030517578,23203038
2024-08-30,226.75,228.75,226.4499969482422,228.39999389648438,33995001
2024-09-02,228.85000610351562,229.8000030517578,226.52999877929688,227.14999389648438,17872003
2024-09-03,226.3000030517578,227.64300537109375,221.8000030517578,223.0500030517578,27378608
2024-09-04,219.3000030517578,224.4499969482422,219.10000610351562,223.6999969482422,29048790
2024-09-05,222.25,230.75,221.10000610351562,228.5500030517578,30394843
2024-09-06,227.1999969482422,227.6999969482422,220.35000610351562,220.85000610351562,25949375
2024-09-09,220.85000610351562,224.4499969482422,220.64999389648438,224.0,23793597
2024-09-10,222.85000610351562,224.89999389648438,216.6999969482422,216.6999969482422,35297193
2024-09-11,218.64999389648438,220.46499633789062,213.8990020751953,215.14999389648438,66928057
2024-09-12,219.0,220.85000610351562,216.89999389648438,218.60000610351562,84571938
2024-09-13,218.5,221.9429931640625,218.1999969482422,221.14999389648438,26828833
2024-09-16,220.35000610351562,222.10000610351562,219.3000030517578,221.0,23352431
2024-09-17,222.3000030517578,226.2740020751953,222.14999389648438,225.0,41836456
2024-09-18,223.89999389648438,225.0989990234375,223.10000610351562,223.5,46038527
2024-09-19,227.0,227.64999389648438,224.6999969482422,227.64999389648438,47880775
2024-09-20,226.89999389648438,229.14999389648438,225.4499969482422,226.75,69402309
2024-09-23,227.3000030517578,227.5,221.85000610351562,223.1999969482422,28963678
2024-09-24,223.75,229.89999389648438,223.38999938964844,226.39999389648438,41617232
2024-09-25,224.0500030517578,228.35000610351562,222.39500427246094,223.1999969482422,25163698
2024-09-26,225.5,228.35000610351562,225.5,227.0500030517578,38928906
2024-09-27,225.1999969482422,229.25,224.281005859375,229.25,38836293
2024-09-30,226.3000030517578,228.6999969482422,223.5,224.5500030517578,30475294
2024-10-01,224.6999969482422,227.0,218.39999389648438,219.6999969482422,35105841
2024-10-02,219.85000610351562,222.60000610351562,218.0,220.1999969482422,44979363
2024-10-03,219.4499969482422,222.1999969482422,216.1999969482422,219.35000610351562,40271438
2024-10-04,219.0,228.29800415039062,219.0,226.25,39320183
2024-10-07,226.8000030517578,229.85000610351562,224.9499969482422,229.64999389648438,28441204
2024-10-08,228.39999389648438,230.14999389648438,227.35000610351562,228.4499969482422,22265092
2024-10-09,228.89999389648438,230.64999389648438,227.1999969482422,230.64999389648438,21968348
2024-10-10,230.60000610351562,233.8000030517578,230.59800720214844,231.14999389648438,45453313
2024-10-11,231.0500030517578,235.85000610351562,230.10000610351562,235.85000610351562,31789043
2024-10-14,235.6999969482422,235.89999389648438,232.0,232.89999389648438,57673311
2024-10-15,233.3000030517578,234.14999389648438,231.60000610351562,234.0500030517578,38896576
2024-10-16,233.4499969482422,237.1999969482422,232.9759979248047,237.0500030517578,35189461
2024-10-17,237.9499969482422,246.0240020751953,237.6999969482422,245.10000610351562,52767389
2024-10-18,244.8000030517578,245.14999389648438,240.5500030517578,242.25,61009377
2024-10-21,241.85000610351562,243.25,239.75,239.75,25124465
2024-10-22,238.64999389648438,242.1999969482422,237.3000030517578,242.1999969482422,32138237
2024-10-23,242.8000030517578,244.16000366210938,237.85000610351562,238.14999389648438,30653807
2024-10-24,246.6999969482422,251.3000030517578,240.89999389648438,248.0500030517578,48850966
2024-10-25,248.8000030517578,250.39999389648438,241.39999389648438,241.39999389648438,99402220
2024-10-28,240.39999389648438,242.14999389648438,234.89999389648438,241.8000030517578,38999270
2024-10-29,242.6999969482422,244.0240020751953,237.5,238.8000030517578,83286742
2024-10-30,237.0,247.3000030517578,236.89999389648438,242.10000610351562,52249910
2024-10-31,239.14999389648438,242.39999389648438,236.1999969482422,237.5,54088115
2024-11-01,235.6999969482422,242.14999389648438,235.4499969482422,240.60000610351562,34968637
2024-11-04,239.35000610351562,245.6999969482422,239.1999969482422,243.5,133591019
2024-11-05,242.75,245.5,242.14999389648438,244.89999389648438,28591141
2024-11-06,250.9499969482422,258.54998779296875,250.86700439453125,258.1499938964844,109014314
2024-11-07,259.29998779296875,259.70001220703125,253.6999969482422,253.85000610351562,37077657
2024-11-08,251.89999389648438,253.89999389648438,248.35000610351562,251.5,29463841
2024-11-11,254.3000030517578,262.0,253.8000030517578,260.6499938964844,47158973
2024-11-12,257.5,260.5,256.5,257.5,35440090
2024-11-13,256.8500061035156,263.17498779296875,256.29998779296875,258.8500061035156,37127842
2024-11-14,258.25,259.6700134277344,255.5500030517578,256.6000061035156,25442875
2024-11-15,253.9499969482422,259.3500061035156,249.4499969482422,259.3500061035156,39728022
2024-11-18,259.45001220703125,261.75,258.6499938964844,260.8500061035156,62281442
2024-11-19,260.3500061035156,261.45001220703125,253.3000030517578,255.85000610351562,51889335
2024-11-20,256.8500061035156,260.79998779296875,256.8500061035156,258.95001220703125,31095842
2024-11-21,260.04998779296875,262.6499938964844,256.04998779296875,262.6499938964844,32355750
2024-11-22,262.3999938964844,264.79998779296875,250.35000610351562,257.20001220703125,75378934
2024-11-25,258.04998779296875,265.5,256.25,263.6499938964844,78251572
2024-11-26,263.8999938964844,265.1000061035156,259.6499938964844,260.95001220703125,60513917
2024-11-27,258.45001220703125,260.54998779296875,256.29998779296875,258.95001220703125,38376963
2024-11-28,259.3999938964844,265.5,259.04998779296875,265.1000061035156,27795051
2024-11-29,263.8999938964844,265.5,261.94500732421875,263.79998779296875,33732740
2024-12-02,262.5,265.25,260.54998779296875,262.8500061035156,37219828
2024-12-03,263.3500061035156,268.32501220703125,263.3500061035156,264.6000061035156,44720091
2024-12-04,264.3500061035156,266.1499938964844,261.9859924316406,262.1000061035156,29800816
2024-12-05,263.54998779296875,267.6499938964844,263.54998779296875,267.54998779296875,26092339
2024-12-06,267.8500061035156,269.6000061035156,264.25,264.79998779296875,34652434
2024-12-09,266.3999938964844,269.1000061035156,265.5,267.54998779296875,21226133
2024-12-10,265.70001220703125,268.25,263.54998779296875,264.20001220703125,23272737
2024-12-11,262.1499938964844,269.0,261.6499938964844,266.6499938964844,66367713
2024-12-12,268.95001220703125,273.2300109863281,267.54998779296875,270.70001220703125,30383450
2024-12-13,269.6499938964844,272.0,268.29998779296875,269.3999938964844,17943580
2024-12-16,269.54998779296875,273.25,268.75,270.29998779296875,31793460
2024-12-17,269.45001220703125,271.04998779296875,264.1000061035156,264.54998779296875,61963968
2024-12-18,264.1000061035156,268.1780090332031,263.7380065917969,267.04998779296875,25399661
2024-12-19,257.6000061035156,260.8500061035156,257.1499938964844,260.25,51575171
2024-12-20,256.79998779296875,261.25,254.6999969482422,260.25,68228161
2024-12-23,261.20001220703125,262.04998779296875,259.29998779296875,261.6000061035156,13605305
2024-12-24,262.95001220703125,264.1809997558594,262.27301025390625,263.54998779296875,8298189
2024-12-27,264.3500061035156,265.8999938964844,263.5400085449219,264.8999938964844,15970484
2024-12-30,262.6000061035156,265.75,261.3999938964844,264.75,14724719
2024-12-31,264.25,268.1499938964844,263.20001220703125,268.1499938964844,9253099
